;FLAVOR:Marlin
;TIME:7914
;Filament used: 3.09797m
;Layer height: 0.12
;MINX:105.7
;MINY:200.7
;MINZ:0.12
;MAXX:254.3
;MAXY:239.3
;MAXZ:9.96
;TARGET_MACHINE.NAME:Creality CR-10S Pro
;Generated with Cura_SteamEngine 5.9.0
M140 S60
M105
M190 S60
M104 S210
M105
M109 S210
M82 ;absolute extrusion mode
M201 X500.00 Y500.00 Z100.00 E5000.00 ;Setup machine max acceleration
M203 X500.00 Y500.00 Z10.00 E50.00 ;Setup machine max feedrate
M204 P500.00 R1000.00 T500.00 ;Setup Print/Retract/Travel acceleration
M205 X8.00 Y8.00 Z0.40 E5.00 ;Setup Jerk
M220 S100 ;Reset Feedrate
M221 S100 ;Reset Flowrate

G28 ;Home
G29 ;Auto bed Level
M420 S1 ;Save and use mesh

G92 E0 ;Reset Extruder
G1 Z2.0 F3000 ;Move Z Axis up
G1 X10.1 Y20 Z0.28 F5000.0 ;Move to start position
G1 X10.1 Y200.0 Z0.28 F1500.0 E15 ;Draw the first line
G1 X10.4 Y200.0 Z0.28 F5000.0 ;Move to side a little
G1 X10.4 Y20 Z0.28 F1500.0 E30 ;Draw the second line
G92 E0 ;Reset Extruder
G1 Z2.0 F3000 ;Move Z Axis up

G92 E0
G92 E0
G1 F2700 E-5
;LAYER_COUNT:83
;LAYER:0
M107
G0 F6000 X244.064 Y239.185 Z0.12
;TYPE:SKIRT
G1 F2700 E0
G1 F1200 X242.913 Y239.283 E0.02305
G1 X242.17 Y239.3 E0.03788
G1 X118.052 Y239.299 E2.51479
G1 X117.284 Y239.286 E2.53012
G1 X116.239 Y239.221 E2.55102
G1 X115.207 Y239.063 E2.57185
G1 X114.193 Y238.814 E2.59269
G1 X113.203 Y238.476 E2.61356
G1 X112.251 Y238.054 E2.63434
G1 X111.398 Y237.585 E2.65377
G1 X110.472 Y236.964 E2.67602
G1 X109.741 Y236.374 E2.69477
G1 X108.937 Y235.599 E2.71705
G1 X108.232 Y234.783 E2.73857
G1 X107.702 Y234.052 E2.75659
G1 X107.092 Y233.031 E2.78033
G1 X106.642 Y232.087 E2.80119
G1 X106.289 Y231.142 E2.82133
G1 X106.011 Y230.136 E2.84215
G1 X105.814 Y229.054 E2.8641
G1 X105.715 Y227.851 E2.88819
G1 X105.7 Y227.158 E2.90202
G1 X105.701 Y213.012 E3.18432
G1 X105.714 Y212.276 E3.19901
G1 X105.78 Y211.232 E3.21989
G1 X105.938 Y210.2 E3.24072
G1 X106.188 Y209.186 E3.26156
G1 X106.527 Y208.197 E3.28243
G1 X106.935 Y207.275 E3.30255
G1 X107.457 Y206.331 E3.32407
G1 X108.041 Y205.467 E3.34489
G1 X108.656 Y204.709 E3.36437
G1 X109.433 Y203.908 E3.38664
G1 X110.223 Y203.228 E3.40744
G1 X111.015 Y202.658 E3.42691
G1 X111.976 Y202.089 E3.4492
G1 X112.919 Y201.64 E3.47004
G1 X113.898 Y201.276 E3.49088
G1 X114.835 Y201.017 E3.51028
G1 X115.948 Y200.813 E3.53286
G1 X117.087 Y200.717 E3.55567
G1 X117.794 Y200.7 E3.56979
G1 X241.816 Y200.7 E6.04478
G1 X242.733 Y200.715 E6.06308
G1 X243.776 Y200.782 E6.08394
G1 X244.81 Y200.941 E6.10482
G1 X245.822 Y201.191 E6.12562
G1 X246.774 Y201.515 E6.14569
G1 X247.666 Y201.905 E6.16512
G1 X248.673 Y202.46 E6.18806
G1 X249.424 Y202.962 E6.20609
G1 X250.353 Y203.713 E6.22993
G1 X251.099 Y204.442 E6.25074
G1 X251.778 Y205.233 E6.27155
G1 X252.387 Y206.081 E6.29238
G1 X252.849 Y206.857 E6.3104
G1 X253.365 Y207.929 E6.33415
G1 X253.716 Y208.873 E6.35425
G1 X253.985 Y209.845 E6.37437
G1 X254.188 Y210.957 E6.39693
G1 X254.283 Y212.087 E6.41956
G1 X254.3 Y212.83 E6.43439
G1 X254.299 Y226.912 E6.71541
G1 X254.286 Y227.71 E6.73134
G1 X254.222 Y228.756 E6.75225
G1 X254.064 Y229.788 E6.77309
G1 X253.815 Y230.801 E6.7939
G1 X253.478 Y231.791 E6.81477
G1 X253.055 Y232.746 E6.83562
G1 X252.552 Y233.656 E6.85637
G1 X252.03 Y234.437 E6.87511
G1 X251.309 Y235.332 E6.89805
G1 X250.684 Y235.983 E6.91606
G1 X249.786 Y236.765 E6.93982
G1 X248.966 Y237.355 E6.95998
G1 X248.036 Y237.906 E6.98155
G1 X247.125 Y238.342 E7.00171
G1 X246.114 Y238.719 E7.02324
G1 X245.14 Y238.988 E7.04341
G1 X244.064 Y239.185 E7.06524
G0 F6000 X244.03 Y238.786
G1 F1200 X242.879 Y238.884 E7.08829
G1 X242.17 Y238.9 E7.10244
G1 X118.058 Y238.899 E9.57923
G1 X117.308 Y238.887 E9.5942
G1 X116.299 Y238.826 E9.61437
G1 X115.302 Y238.674 E9.6345
G1 X114.322 Y238.435 E9.65463
G1 X113.365 Y238.11 E9.6748
G1 X112.444 Y237.703 E9.69489
G1 X111.591 Y237.234 E9.71432
G1 X110.723 Y236.652 E9.73517
G1 X110.019 Y236.086 E9.7532
G1 X109.215 Y235.311 E9.77548
G1 X108.556 Y234.548 E9.7956
G1 X108.026 Y233.817 E9.81362
G1 X107.453 Y232.858 E9.83592
G1 X107.017 Y231.947 E9.85607
G1 X106.675 Y231.035 E9.87551
G1 X106.397 Y230.029 E9.89634
G1 X106.213 Y229.021 E9.91678
G1 X106.114 Y227.818 E9.94087
G1 X106.1 Y227.158 E9.95405
G1 X106.101 Y213.019 E10.23621
G1 X106.113 Y212.301 E10.25054
G1 X106.175 Y211.292 E10.27071
G1 X106.327 Y210.295 E10.29084
G1 X106.567 Y209.315 E10.31097
G1 X106.893 Y208.359 E10.33113
G1 X107.301 Y207.437 E10.35125
G1 X107.789 Y206.554 E10.37138
G1 X108.352 Y205.718 E10.3915
G1 X108.943 Y204.987 E10.41025
G1 X109.694 Y204.211 E10.4318
G1 X110.457 Y203.552 E10.45192
G1 X111.219 Y203.002 E10.47068
G1 X112.148 Y202.45 E10.49224
G1 X113.059 Y202.015 E10.51239
G1 X114.005 Y201.662 E10.53254
G1 X114.942 Y201.403 E10.55194
G1 X115.982 Y201.212 E10.57304
G1 X117.121 Y201.116 E10.59585
G1 X117.803 Y201.1 E10.60947
G1 X241.81 Y201.1 E13.08416
G1 X242.708 Y201.114 E13.10208
G1 X243.716 Y201.177 E13.12224
G1 X244.714 Y201.329 E13.14238
G1 X245.694 Y201.57 E13.16252
G1 X246.614 Y201.882 E13.18191
G1 X247.506 Y202.272 E13.20134
G1 X248.451 Y202.793 E13.22287
G1 X249.202 Y203.295 E13.2409
G1 X250.074 Y203.999 E13.26326
G1 X250.796 Y204.703 E13.28339
G1 X251.453 Y205.467 E13.3035
G1 X252.043 Y206.286 E13.32364
G1 X252.505 Y207.062 E13.34166
G1 X252.99 Y208.069 E13.36397
G1 X253.33 Y208.98 E13.38337
G1 X253.599 Y209.952 E13.4035
G1 X253.789 Y210.991 E13.42458
G1 X253.884 Y212.121 E13.44721
G1 X253.9 Y212.83 E13.46136
G1 X253.899 Y226.906 E13.74226
G1 X253.887 Y227.686 E13.75783
G1 X253.827 Y228.696 E13.77802
G1 X253.675 Y229.693 E13.79815
G1 X253.436 Y230.673 E13.81828
G1 X253.112 Y231.63 E13.83844
G1 X252.705 Y232.553 E13.85857
G1 X252.219 Y233.434 E13.87865
G1 X251.697 Y234.215 E13.89739
G1 X251.02 Y235.055 E13.91892
G1 X250.395 Y235.706 E13.93693
G1 X249.552 Y236.441 E13.95925
G1 X248.762 Y237.011 E13.97869
G1 X247.863 Y237.545 E13.99956
G1 X246.985 Y237.967 E14.019
G1 X246.008 Y238.333 E14.03982
G1 X245.034 Y238.602 E14.05999
G1 X244.03 Y238.786 E14.08036
G0 F6000 X243.996 Y238.387
G1 F1200 X242.845 Y238.485 E14.10341
G1 X242.17 Y238.5 E14.11688
G1 X118.064 Y238.499 E16.59355
G1 X117.331 Y238.488 E16.60818
G1 X116.359 Y238.431 E16.62761
G1 X115.396 Y238.285 E16.64705
G1 X114.45 Y238.056 E16.66647
G1 X113.526 Y237.744 E16.68593
G1 X112.636 Y237.352 E16.70534
G1 X111.813 Y236.901 E16.72407
G1 X110.974 Y236.34 E16.74421
G1 X110.27 Y235.774 E16.76224
G1 X109.517 Y235.049 E16.7831
G1 X108.88 Y234.313 E16.80252
G1 X108.35 Y233.582 E16.82054
G1 X107.814 Y232.685 E16.84139
G1 X107.392 Y231.807 E16.86083
G1 X107.05 Y230.895 E16.88027
G1 X106.79 Y229.957 E16.8997
G1 X106.612 Y228.988 E16.91936
G1 X106.514 Y227.809 E16.94297
G1 X106.5 Y227.158 E16.95596
G1 X106.501 Y213.025 E17.238
G1 X106.512 Y212.325 E17.25197
G1 X106.57 Y211.352 E17.27142
G1 X106.716 Y210.389 E17.29086
G1 X106.946 Y209.443 E17.31029
G1 X107.259 Y208.52 E17.32974
G1 X107.651 Y207.63 E17.34915
G1 X108.121 Y206.777 E17.36858
G1 X108.664 Y205.969 E17.38801
G1 X109.231 Y205.265 E17.40605
G1 X109.956 Y204.513 E17.42689
G1 X110.692 Y203.876 E17.44632
G1 X111.424 Y203.346 E17.46435
G1 X112.321 Y202.811 E17.4852
G1 X113.199 Y202.39 E17.50463
G1 X114.112 Y202.048 E17.52408
G1 X115.049 Y201.789 E17.54348
G1 X116.016 Y201.611 E17.56311
G1 X117.155 Y201.515 E17.58592
G1 X117.812 Y201.5 E17.59903
G1 X241.804 Y201.5 E20.07343
G1 X242.684 Y201.513 E20.09099
G1 X243.656 Y201.572 E20.11042
G1 X244.619 Y201.718 E20.12986
G1 X245.566 Y201.949 E20.14931
G1 X246.454 Y202.249 E20.16802
G1 X247.346 Y202.639 E20.18744
G1 X248.229 Y203.126 E20.20757
G1 X248.98 Y203.628 E20.22559
G1 X249.795 Y204.286 E20.2465
G1 X250.493 Y204.964 E20.26592
G1 X251.129 Y205.701 E20.28534
G1 X251.699 Y206.491 E20.30478
G1 X252.161 Y207.267 E20.32281
G1 X252.615 Y208.209 E20.34368
G1 X252.944 Y209.087 E20.36239
G1 X253.213 Y210.059 E20.38251
G1 X253.39 Y211.025 E20.40211
G1 X253.485 Y212.155 E20.42474
G1 X253.5 Y212.83 E20.43821
G1 X253.499 Y226.9 E20.719
G1 X253.488 Y227.663 E20.73422
G1 X253.431 Y228.636 E20.75368
G1 X253.286 Y229.599 E20.77311
G1 X253.057 Y230.545 E20.79253
G1 X252.746 Y231.469 E20.81199
G1 X252.354 Y232.36 E20.83142
G1 X251.886 Y233.212 E20.85081
G1 X251.364 Y233.993 E20.86956
G1 X250.731 Y234.778 E20.88968
G1 X250.106 Y235.429 E20.90769
G1 X249.317 Y236.117 E20.92858
G1 X248.557 Y236.667 E20.94731
G1 X247.69 Y237.184 E20.96745
G1 X246.812 Y237.606 E20.98689
G1 X245.901 Y237.948 E21.00631
G1 X244.962 Y238.209 E21.02576
G1 X243.996 Y238.387 E21.04536
G0 F6000 X243.962 Y237.988
G1 F1200 X242.811 Y238.086 E21.06841
G1 X242.17 Y238.1 E21.08121
G1 X118.07 Y238.099 E23.55776
G1 X117.354 Y238.089 E23.57205
G1 X116.418 Y238.035 E23.59076
G1 X115.489 Y237.896 E23.6095
G1 X114.577 Y237.677 E23.62822
G1 X113.687 Y237.378 E23.64696
G1 X112.828 Y237.001 E23.66568
G1 X112.005 Y236.55 E23.68441
G1 X111.225 Y236.028 E23.70314
G1 X110.521 Y235.462 E23.72116
G1 X109.819 Y234.787 E23.7406
G1 X109.204 Y234.078 E23.75933
G1 X108.674 Y233.347 E23.77735
G1 X108.174 Y232.511 E23.79679
G1 X107.766 Y231.666 E23.81551
G1 X107.435 Y230.788 E23.83424
G1 X107.183 Y229.884 E23.85296
G1 X107.011 Y228.955 E23.87182
G1 X106.913 Y227.776 E23.89543
G1 X106.9 Y227.158 E23.90776
G1 X106.901 Y213.031 E24.18968
G1 X106.911 Y212.348 E24.20331
G1 X106.966 Y211.411 E24.22205
G1 X107.105 Y210.483 E24.24077
G1 X107.325 Y209.571 E24.25949
G1 X107.625 Y208.681 E24.27824
G1 X108.002 Y207.822 E24.29696
G1 X108.453 Y207 E24.31567
G1 X108.976 Y206.22 E24.33441
G1 X109.543 Y205.516 E24.35245
G1 X110.218 Y204.815 E24.37187
G1 X110.927 Y204.2 E24.3906
G1 X111.659 Y203.67 E24.40863
G1 X112.495 Y203.171 E24.42806
G1 X113.34 Y202.764 E24.44678
G1 X114.219 Y202.433 E24.46552
G1 X115.122 Y202.182 E24.48423
G1 X116.05 Y202.01 E24.50306
G1 X117.189 Y201.914 E24.52587
G1 X117.821 Y201.9 E24.53849
G1 X241.798 Y201.9 E27.01258
G1 X242.66 Y201.912 E27.02979
G1 X243.597 Y201.968 E27.04852
G1 X244.525 Y202.107 E27.06724
G1 X245.438 Y202.328 E27.08599
G1 X246.294 Y202.616 E27.10401
G1 X247.186 Y203.006 E27.12344
G1 X248.007 Y203.459 E27.14215
G1 X248.758 Y203.961 E27.16018
G1 X249.517 Y204.573 E27.17964
G1 X250.191 Y205.226 E27.19837
G1 X250.805 Y205.935 E27.21708
G1 X251.355 Y206.696 E27.23582
G1 X251.817 Y207.472 E27.25384
G1 X252.24 Y208.349 E27.27327
G1 X252.569 Y209.227 E27.29199
G1 X252.82 Y210.132 E27.31073
G1 X252.991 Y211.059 E27.32954
G1 X253.086 Y212.189 E27.35217
G1 X253.1 Y212.83 E27.36496
G1 X253.099 Y226.895 E27.64565
G1 X253.089 Y227.64 E27.66051
G1 X253.035 Y228.577 E27.67924
G1 X252.897 Y229.506 E27.69799
G1 X252.678 Y230.418 E27.7167
G1 X252.38 Y231.308 E27.73543
G1 X252.003 Y232.168 E27.75417
G1 X251.553 Y232.99 E27.77287
G1 X251.031 Y233.771 E27.79162
G1 X250.442 Y234.501 E27.81034
G1 X249.817 Y235.152 E27.82835
G1 X249.082 Y235.793 E27.84781
G1 X248.322 Y236.343 E27.86653
G1 X247.516 Y236.824 E27.88526
G1 X246.671 Y237.232 E27.90399
G1 X245.793 Y237.563 E27.92271
G1 X244.889 Y237.816 E27.94145
G1 X243.962 Y237.988 E27.96026
G0 F6000 X243.928 Y237.589
G1 F1200 X242.777 Y237.687 E27.98332
G1 X242.17 Y237.7 E27.99543
G1 X118.075 Y237.699 E30.47188
G1 X117.377 Y237.69 E30.48581
G1 X116.476 Y237.639 E30.50382
G1 X115.582 Y237.507 E30.52186
G1 X114.704 Y237.298 E30.53987
G1 X113.847 Y237.011 E30.5579
G1 X113.02 Y236.65 E30.57591
G1 X112.227 Y236.217 E30.59394
G1 X111.476 Y235.716 E30.61196
G1 X110.772 Y235.15 E30.62998
G1 X110.121 Y234.524 E30.64801
G1 X109.528 Y233.843 E30.66603
G1 X108.998 Y233.112 E30.68405
G1 X108.534 Y232.337 E30.70207
G1 X108.14 Y231.524 E30.7201
G1 X107.82 Y230.68 E30.73811
G1 X107.576 Y229.81 E30.75614
G1 X107.41 Y228.922 E30.77417
G1 X107.313 Y227.767 E30.7973
G1 X107.3 Y227.158 E30.80946
G1 X107.301 Y213.036 E31.09128
G1 X107.31 Y212.371 E31.10455
G1 X107.362 Y211.469 E31.12258
G1 X107.494 Y210.576 E31.1406
G1 X107.704 Y209.698 E31.15861
G1 X107.991 Y208.841 E31.17665
G1 X108.353 Y208.014 E31.19466
G1 X108.786 Y207.222 E31.21268
G1 X109.288 Y206.471 E31.2307
G1 X109.855 Y205.767 E31.24874
G1 X110.481 Y205.117 E31.26675
G1 X111.162 Y204.524 E31.28477
G1 X111.894 Y203.994 E31.30281
G1 X112.669 Y203.531 E31.32082
G1 X113.482 Y203.138 E31.33884
G1 X114.327 Y202.818 E31.35687
G1 X115.196 Y202.575 E31.37488
G1 X116.084 Y202.409 E31.39291
G1 X117.223 Y202.313 E31.41572
G1 X117.83 Y202.3 E31.42784
G1 X241.793 Y202.3 E33.90165
G1 X242.637 Y202.311 E33.9185
G1 X243.539 Y202.364 E33.93653
G1 X244.432 Y202.496 E33.95454
G1 X245.31 Y202.707 E33.97256
G1 X246.166 Y202.995 E33.99059
G1 X246.993 Y203.357 E34.0086
G1 X247.785 Y203.792 E34.02663
G1 X248.536 Y204.294 E34.04466
G1 X249.239 Y204.861 E34.06268
G1 X249.889 Y205.488 E34.08071
G1 X250.481 Y206.17 E34.09873
G1 X251.011 Y206.901 E34.11675
G1 X251.473 Y207.677 E34.13477
G1 X251.866 Y208.49 E34.15279
G1 X252.184 Y209.335 E34.17081
G1 X252.427 Y210.205 E34.18883
G1 X252.592 Y211.093 E34.20686
G1 X252.687 Y212.223 E34.22949
G1 X252.7 Y212.83 E34.2416
G1 X252.699 Y226.89 E34.52219
G1 X252.69 Y227.617 E34.5367
G1 X252.639 Y228.519 E34.55473
G1 X252.508 Y229.413 E34.57276
G1 X252.299 Y230.291 E34.59077
G1 X252.013 Y231.148 E34.6088
G1 X251.652 Y231.976 E34.62682
G1 X251.22 Y232.768 E34.64483
G1 X250.719 Y233.52 E34.66286
G1 X250.153 Y234.224 E34.68089
G1 X249.528 Y234.875 E34.69889
G1 X248.847 Y235.469 E34.71693
G1 X248.116 Y236 E34.73496
G1 X247.342 Y236.464 E34.75297
G1 X246.529 Y236.858 E34.771
G1 X245.685 Y237.178 E34.78901
G1 X244.815 Y237.423 E34.80705
G1 X243.928 Y237.589 E34.82506
G1 F2700 E29.82506
;MESH:BusConnAssyAid.stl
G0 F6000 X242.076 Y228.165
G0 X242.076 Y227.076
G0 X177.562 Y226.5
;TYPE:WALL-INNER
G1 F2700 E34.82506
G1 F1200 X241.5 Y226.5 E36.10101
G1 X241.5 Y213.5 E36.36044
G1 X118.5 Y213.5 E38.81503
G1 X118.5 Y226.5 E39.07446
G1 X177.562 Y226.5 E40.25311
G0 F6000 X177.412 Y226.9
G1 F1200 X241.9 Y226.9 E41.54004
G1 X241.9 Y213.1 E41.81543
G1 X118.1 Y213.1 E44.28599
G1 X118.1 Y226.9 E44.56139
G1 X177.412 Y226.9 E45.74502
G0 F6000 X177.262 Y227.3
;TYPE:WALL-OUTER
G1 F1200 X242.3 Y227.3 E47.04293
G1 X242.3 Y212.7 E47.33429
G1 X117.7 Y212.7 E49.82081
G1 X117.7 Y227.3 E50.11217
G1 X177.262 Y227.3 E51.3008
G0 F6000 X177.262 Y226.59
G0 X177.697 Y226.4
G0 X177.697 Y226.14
;TYPE:SKIN
G1 F1200 X118.86 Y226.14 E52.47495
G1 X118.86 Y213.86 E52.72001
G1 X241.14 Y213.86 E55.16024
G1 X241.14 Y226.14 E55.4053
G1 X177.697 Y226.14 E56.67138
G1 F2700 E51.67138
G0 F6000 X177.697 Y226.4
G0 X118.672 Y226.328
G0 X118.6 Y225.409
G0 X119.06 Y225.409
G1 F2700 E56.67138
G1 F1200 X119.591 Y225.94 E56.68636
G0 F6000 X120.157 Y225.94
G1 F1200 X119.06 Y224.843 E56.71732
G0 F6000 X119.06 Y224.277
G1 F1200 X120.722 Y225.94 E56.76424
G0 F6000 X121.288 Y225.94
G1 F1200 X119.06 Y223.712 E56.82712
G0 F6000 X119.06 Y223.146
G1 F1200 X121.854 Y225.94 E56.90597
G0 F6000 X122.419 Y225.94
G1 F1200 X119.06 Y222.58 E57.00079
G0 F6000 X119.06 Y222.015
G1 F1200 X122.985 Y225.94 E57.11156
G0 F6000 X123.551 Y225.94
G1 F1200 X119.06 Y221.449 E57.2383
G0 F6000 X119.06 Y220.883
G1 F1200 X124.116 Y225.94 E57.38101
G0 F6000 X124.682 Y225.94
G1 F1200 X119.06 Y220.318 E57.53967
G0 F6000 X119.06 Y219.752
G1 F1200 X125.248 Y225.94 E57.71431
G0 F6000 X125.813 Y225.94
G1 F1200 X119.06 Y219.186 E57.90491
G0 F6000 X119.06 Y218.62
G1 F1200 X126.379 Y225.94 E58.11148
G0 F6000 X126.945 Y225.94
G1 F1200 X119.06 Y218.055 E58.33401
G0 F6000 X119.06 Y217.489
G1 F1200 X127.51 Y225.94 E58.57251
G0 F6000 X128.076 Y225.94
G1 F1200 X119.06 Y216.923 E58.82697
G0 F6000 X119.06 Y216.358
G1 F1200 X128.642 Y225.94 E59.0974
G0 F6000 X129.208 Y225.94
G1 F1200 X119.06 Y215.792 E59.38379
G0 F6000 X119.06 Y215.226
G1 F1200 X129.773 Y225.94 E59.68615
G0 F6000 X130.339 Y225.94
G1 F1200 X119.06 Y214.661 E60.00447
G0 F6000 X119.06 Y214.095
G1 F1200 X130.905 Y225.94 E60.33876
G0 F6000 X131.47 Y225.94
G1 F1200 X119.591 Y214.06 E60.67403
G0 F6000 X120.157 Y214.06
G1 F1200 X132.036 Y225.94 E61.00929
G0 F6000 X132.602 Y225.94
G1 F1200 X120.722 Y214.06 E61.34457
G0 F6000 X121.288 Y214.06
G1 F1200 X133.167 Y225.94 E61.67984
G0 F6000 X133.733 Y225.94
G1 F1200 X121.854 Y214.06 E62.0151
G0 F6000 X122.419 Y214.06
G1 F1200 X134.299 Y225.94 E62.35038
G0 F6000 X134.864 Y225.94
G1 F1200 X122.985 Y214.06 E62.68565
G0 F6000 X123.551 Y214.06
G1 F1200 X135.43 Y225.94 E63.02091
G0 F6000 X135.996 Y225.94
G1 F1200 X124.116 Y214.06 E63.35619
G0 F6000 X124.682 Y214.06
G1 F1200 X136.561 Y225.94 E63.69146
G0 F6000 X137.127 Y225.94
G1 F1200 X125.248 Y214.06 E64.02672
G0 F6000 X125.813 Y214.06
G1 F1200 X137.693 Y225.94 E64.362
G0 F6000 X138.258 Y225.94
G1 F1200 X126.379 Y214.06 E64.69726
G0 F6000 X126.945 Y214.06
G1 F1200 X138.824 Y225.94 E65.03253
G0 F6000 X139.39 Y225.94
G1 F1200 X127.51 Y214.06 E65.36781
G0 F6000 X128.076 Y214.06
G1 F1200 X139.956 Y225.94 E65.70309
G0 F6000 X140.521 Y225.94
G1 F1200 X128.642 Y214.06 E66.03835
G0 F6000 X129.208 Y214.06
G1 F1200 X141.087 Y225.94 E66.37362
G0 F6000 X141.653 Y225.94
G1 F1200 X129.773 Y214.06 E66.7089
G0 F6000 X130.339 Y214.06
G1 F1200 X142.218 Y225.94 E67.04416
G0 F6000 X142.784 Y225.94
G1 F1200 X130.905 Y214.06 E67.37943
G0 F6000 X131.47 Y214.06
G1 F1200 X143.35 Y225.94 E67.71471
G0 F6000 X143.915 Y225.94
G1 F1200 X132.036 Y214.06 E68.04997
G0 F6000 X132.602 Y214.06
G1 F1200 X144.481 Y225.94 E68.38524
G0 F6000 X145.047 Y225.94
G1 F1200 X133.167 Y214.06 E68.72052
G0 F6000 X133.733 Y214.06
G1 F1200 X145.612 Y225.94 E69.05578
G0 F6000 X146.178 Y225.94
G1 F1200 X134.299 Y214.06 E69.39105
G0 F6000 X134.864 Y214.06
G1 F1200 X146.744 Y225.94 E69.72633
G0 F6000 X147.309 Y225.94
G1 F1200 X135.43 Y214.06 E70.06159
G0 F6000 X135.996 Y214.06
G1 F1200 X147.875 Y225.94 E70.39686
G0 F6000 X148.441 Y225.94
G1 F1200 X136.561 Y214.06 E70.73214
G0 F6000 X137.127 Y214.06
G1 F1200 X149.006 Y225.94 E71.0674
G0 F6000 X149.572 Y225.94
G1 F1200 X137.693 Y214.06 E71.40267
G0 F6000 X138.258 Y214.06
G1 F1200 X150.138 Y225.94 E71.73795
G0 F6000 X150.704 Y225.94
G1 F1200 X138.824 Y214.06 E72.07323
G0 F6000 X139.39 Y214.06
G1 F1200 X151.269 Y225.94 E72.40849
G0 F6000 X151.835 Y225.94
G1 F1200 X139.956 Y214.06 E72.74376
G0 F6000 X140.521 Y214.06
G1 F1200 X152.401 Y225.94 E73.07903
G0 F6000 X152.966 Y225.94
G1 F1200 X141.087 Y214.06 E73.4143
G0 F6000 X141.653 Y214.06
G1 F1200 X153.532 Y225.94 E73.74956
G0 F6000 X154.098 Y225.94
G1 F1200 X142.218 Y214.06 E74.08484
G0 F6000 X142.784 Y214.06
G1 F1200 X154.663 Y225.94 E74.42011
G0 F6000 X155.229 Y225.94
G1 F1200 X143.35 Y214.06 E74.75537
G0 F6000 X143.915 Y214.06
G1 F1200 X155.795 Y225.94 E75.09065
G0 F6000 X156.36 Y225.94
G1 F1200 X144.481 Y214.06 E75.42592
G0 F6000 X145.047 Y214.06
G1 F1200 X156.926 Y225.94 E75.76118
G0 F6000 X157.492 Y225.94
G1 F1200 X145.612 Y214.06 E76.09646
G0 F6000 X146.178 Y214.06
G1 F1200 X158.057 Y225.94 E76.43173
G0 F6000 X158.623 Y225.94
G1 F1200 X146.744 Y214.06 E76.76699
G0 F6000 X147.309 Y214.06
G1 F1200 X159.189 Y225.94 E77.10227
G0 F6000 X159.755 Y225.94
G1 F1200 X147.875 Y214.06 E77.43755
G0 F6000 X148.441 Y214.06
G1 F1200 X160.32 Y225.94 E77.77282
G0 F6000 X160.886 Y225.94
G1 F1200 X149.006 Y214.06 E78.1081
G0 F6000 X149.572 Y214.06
G1 F1200 X161.452 Y225.94 E78.44338
G0 F6000 X162.017 Y225.94
G1 F1200 X150.138 Y214.06 E78.77864
G0 F6000 X150.704 Y214.06
G1 F1200 X162.583 Y225.94 E79.11391
G0 F6000 X163.149 Y225.94
G1 F1200 X151.269 Y214.06 E79.44919
G0 F6000 X151.835 Y214.06
G1 F1200 X163.714 Y225.94 E79.78445
G0 F6000 X164.28 Y225.94
G1 F1200 X152.401 Y214.06 E80.11972
G0 F6000 X152.966 Y214.06
G1 F1200 X164.846 Y225.94 E80.455
G0 F6000 X165.411 Y225.94
G1 F1200 X153.532 Y214.06 E80.79026
G0 F6000 X154.098 Y214.06
G1 F1200 X165.977 Y225.94 E81.12553
G0 F6000 X166.543 Y225.94
G1 F1200 X154.663 Y214.06 E81.4608
G0 F6000 X155.229 Y214.06
G1 F1200 X167.108 Y225.94 E81.79607
G0 F6000 X167.674 Y225.94
G1 F1200 X155.795 Y214.06 E82.13133
G0 F6000 X156.36 Y214.06
G1 F1200 X168.24 Y225.94 E82.46661
G0 F6000 X168.805 Y225.94
G1 F1200 X156.926 Y214.06 E82.80188
G0 F6000 X157.492 Y214.06
G1 F1200 X169.371 Y225.94 E83.13714
G0 F6000 X169.937 Y225.94
G1 F1200 X158.057 Y214.06 E83.47242
G0 F6000 X158.623 Y214.06
G1 F1200 X170.503 Y225.94 E83.8077
G0 F6000 X171.068 Y225.94
G1 F1200 X159.189 Y214.06 E84.14297
G0 F6000 X159.755 Y214.06
G1 F1200 X171.634 Y225.94 E84.47823
G0 F6000 X172.2 Y225.94
G1 F1200 X160.32 Y214.06 E84.81351
G0 F6000 X160.886 Y214.06
G1 F1200 X172.765 Y225.94 E85.14878
G0 F6000 X173.331 Y225.94
G1 F1200 X161.452 Y214.06 E85.48404
G0 F6000 X162.017 Y214.06
G1 F1200 X173.897 Y225.94 E85.81932
G0 F6000 X174.462 Y225.94
G1 F1200 X162.583 Y214.06 E86.15459
G0 F6000 X163.149 Y214.06
G1 F1200 X175.028 Y225.94 E86.48985
G0 F6000 X175.594 Y225.94
G1 F1200 X163.714 Y214.06 E86.82513
G0 F6000 X164.28 Y214.06
G1 F1200 X176.159 Y225.94 E87.1604
G0 F6000 X176.725 Y225.94
G1 F1200 X164.846 Y214.06 E87.49566
G0 F6000 X165.411 Y214.06
G1 F1200 X177.291 Y225.94 E87.83094
G0 F6000 X177.856 Y225.94
G1 F1200 X165.977 Y214.06 E88.16621
G0 F6000 X166.543 Y214.06
G1 F1200 X178.422 Y225.94 E88.50147
G0 F6000 X178.988 Y225.94
G1 F1200 X167.108 Y214.06 E88.83675
G0 F6000 X167.674 Y214.06
G1 F1200 X179.554 Y225.94 E89.17203
G0 F6000 X180.119 Y225.94
G1 F1200 X168.24 Y214.06 E89.5073
G0 F6000 X168.805 Y214.06
G1 F1200 X180.685 Y225.94 E89.84257
G0 F6000 X181.251 Y225.94
G1 F1200 X169.371 Y214.06 E90.17785
G0 F6000 X169.937 Y214.06
G1 F1200 X181.816 Y225.94 E90.51312
G0 F6000 X182.382 Y225.94
G1 F1200 X170.503 Y214.06 E90.84838
G0 F6000 X171.068 Y214.06
G1 F1200 X182.948 Y225.94 E91.18366
G0 F6000 X183.513 Y225.94
G1 F1200 X171.634 Y214.06 E91.51893
G0 F6000 X172.2 Y214.06
G1 F1200 X184.079 Y225.94 E91.85419
G0 F6000 X184.645 Y225.94
G1 F1200 X172.765 Y214.06 E92.18947
G0 F6000 X173.331 Y214.06
G1 F1200 X185.21 Y225.94 E92.52474
G0 F6000 X185.776 Y225.94
G1 F1200 X173.897 Y214.06 E92.86
G0 F6000 X174.462 Y214.06
G1 F1200 X186.342 Y225.94 E93.19528
G0 F6000 X186.907 Y225.94
G1 F1200 X175.028 Y214.06 E93.53055
G0 F6000 X175.594 Y214.06
G1 F1200 X187.473 Y225.94 E93.86581
G0 F6000 X188.039 Y225.94
G1 F1200 X176.159 Y214.06 E94.20109
G0 F6000 X176.725 Y214.06
G1 F1200 X188.604 Y225.94 E94.53636
G0 F6000 X189.17 Y225.94
G1 F1200 X177.291 Y214.06 E94.87162
G0 F6000 X177.856 Y214.06
G1 F1200 X189.736 Y225.94 E95.2069
G0 F6000 X190.302 Y225.94
G1 F1200 X178.422 Y214.06 E95.54218
G0 F6000 X178.988 Y214.06
G1 F1200 X190.867 Y225.94 E95.87745
G0 F6000 X191.433 Y225.94
G1 F1200 X179.554 Y214.06 E96.21271
G0 F6000 X180.119 Y214.06
G1 F1200 X191.999 Y225.94 E96.54799
G0 F6000 X192.564 Y225.94
G1 F1200 X180.685 Y214.06 E96.88326
G0 F6000 X181.251 Y214.06
G1 F1200 X193.13 Y225.94 E97.21852
G0 F6000 X193.696 Y225.94
G1 F1200 X181.816 Y214.06 E97.5538
G0 F6000 X182.382 Y214.06
G1 F1200 X194.261 Y225.94 E97.88907
G0 F6000 X194.827 Y225.94
G1 F1200 X182.948 Y214.06 E98.22433
G0 F6000 X183.513 Y214.06
G1 F1200 X195.393 Y225.94 E98.55961
G0 F6000 X195.958 Y225.94
G1 F1200 X184.079 Y214.06 E98.89487
G0 F6000 X184.645 Y214.06
G1 F1200 X196.524 Y225.94 E99.23014
G0 F6000 X197.09 Y225.94
G1 F1200 X185.21 Y214.06 E99.56542
G0 F6000 X185.776 Y214.06
G1 F1200 X197.655 Y225.94 E99.90068
G0 F6000 X198.221 Y225.94
G1 F1200 X186.342 Y214.06 E100.23595
G0 F6000 X186.907 Y214.06
G1 F1200 X198.787 Y225.94 E100.57123
G0 F6000 X199.352 Y225.94
G1 F1200 X187.473 Y214.06 E100.90649
G0 F6000 X188.039 Y214.06
G1 F1200 X199.918 Y225.94 E101.24176
G0 F6000 X200.484 Y225.94
G1 F1200 X188.604 Y214.06 E101.57704
G0 F6000 X189.17 Y214.06
G1 F1200 X201.05 Y225.94 E101.91232
G0 F6000 X201.615 Y225.94
G1 F1200 X189.736 Y214.06 E102.24758
G0 F6000 X190.302 Y214.06
G1 F1200 X202.181 Y225.94 E102.58285
G0 F6000 X202.747 Y225.94
G1 F1200 X190.867 Y214.06 E102.91813
G0 F6000 X191.433 Y214.06
G1 F1200 X203.312 Y225.94 E103.25339
G0 F6000 X203.878 Y225.94
G1 F1200 X191.999 Y214.06 E103.58866
G0 F6000 X192.564 Y214.06
G1 F1200 X204.444 Y225.94 E103.92394
G0 F6000 X205.009 Y225.94
G1 F1200 X193.13 Y214.06 E104.2592
G0 F6000 X193.696 Y214.06
G1 F1200 X205.575 Y225.94 E104.59447
G0 F6000 X206.141 Y225.94
G1 F1200 X194.261 Y214.06 E104.92975
G0 F6000 X194.827 Y214.06
G1 F1200 X206.706 Y225.94 E105.26501
G0 F6000 X207.272 Y225.94
G1 F1200 X195.393 Y214.06 E105.60028
G0 F6000 X195.958 Y214.06
G1 F1200 X207.838 Y225.94 E105.93556
G0 F6000 X208.403 Y225.94
G1 F1200 X196.524 Y214.06 E106.27082
G0 F6000 X197.09 Y214.06
G1 F1200 X208.969 Y225.94 E106.60609
G0 F6000 X209.535 Y225.94
G1 F1200 X197.655 Y214.06 E106.94137
G0 F6000 X198.221 Y214.06
G1 F1200 X210.101 Y225.94 E107.27664
G0 F6000 X210.666 Y225.94
G1 F1200 X198.787 Y214.06 E107.61191
G0 F6000 X199.352 Y214.06
G1 F1200 X211.232 Y225.94 E107.94719
G0 F6000 X211.798 Y225.94
G1 F1200 X199.918 Y214.06 E108.28247
G0 F6000 X200.484 Y214.06
G1 F1200 X212.363 Y225.94 E108.61773
G0 F6000 X212.929 Y225.94
G1 F1200 X201.05 Y214.06 E108.953
G0 F6000 X201.615 Y214.06
G1 F1200 X213.495 Y225.94 E109.28828
G0 F6000 X214.06 Y225.94
G1 F1200 X202.181 Y214.06 E109.62354
G0 F6000 X202.747 Y214.06
G1 F1200 X214.626 Y225.94 E109.95881
G0 F6000 X215.192 Y225.94
G1 F1200 X203.312 Y214.06 E110.29409
G0 F6000 X203.878 Y214.06
G1 F1200 X215.757 Y225.94 E110.62935
G0 F6000 X216.323 Y225.94
G1 F1200 X204.444 Y214.06 E110.96462
G0 F6000 X205.009 Y214.06
G1 F1200 X216.889 Y225.94 E111.2999
G0 F6000 X217.454 Y225.94
G1 F1200 X205.575 Y214.06 E111.63516
G0 F6000 X206.141 Y214.06
G1 F1200 X218.02 Y225.94 E111.97043
G0 F6000 X218.586 Y225.94
G1 F1200 X206.706 Y214.06 E112.30571
G0 F6000 X207.272 Y214.06
G1 F1200 X219.151 Y225.94 E112.64097
G0 F6000 X219.717 Y225.94
G1 F1200 X207.838 Y214.06 E112.97624
G0 F6000 X208.403 Y214.06
G1 F1200 X220.283 Y225.94 E113.31152
G0 F6000 X220.849 Y225.94
G1 F1200 X208.969 Y214.06 E113.6468
G0 F6000 X209.535 Y214.06
G1 F1200 X221.414 Y225.94 E113.98206
G0 F6000 X221.98 Y225.94
G1 F1200 X210.101 Y214.06 E114.31733
G0 F6000 X210.666 Y214.06
G1 F1200 X222.546 Y225.94 E114.65261
G0 F6000 X223.111 Y225.94
G1 F1200 X211.232 Y214.06 E114.98787
G0 F6000 X211.798 Y214.06
G1 F1200 X223.677 Y225.94 E115.32314
G0 F6000 X224.243 Y225.94
G1 F1200 X212.363 Y214.06 E115.65841
G0 F6000 X212.929 Y214.06
G1 F1200 X224.808 Y225.94 E115.99368
G0 F6000 X225.374 Y225.94
G1 F1200 X213.495 Y214.06 E116.32895
G0 F6000 X214.06 Y214.06
G1 F1200 X225.94 Y225.94 E116.66422
G0 F6000 X226.505 Y225.94
G1 F1200 X214.626 Y214.06 E116.99949
G0 F6000 X215.192 Y214.06
G1 F1200 X227.071 Y225.94 E117.33475
G0 F6000 X227.637 Y225.94
G1 F1200 X215.757 Y214.06 E117.67003
G0 F6000 X216.323 Y214.06
G1 F1200 X228.202 Y225.94 E118.0053
G0 F6000 X228.768 Y225.94
G1 F1200 X216.889 Y214.06 E118.34056
G0 F6000 X217.454 Y214.06
G1 F1200 X229.334 Y225.94 E118.67584
G0 F6000 X229.9 Y225.94
G1 F1200 X218.02 Y214.06 E119.01112
G0 F6000 X218.586 Y214.06
G1 F1200 X230.465 Y225.94 E119.34639
G0 F6000 X231.031 Y225.94
G1 F1200 X219.151 Y214.06 E119.68167
G0 F6000 X219.717 Y214.06
G1 F1200 X231.597 Y225.94 E120.01695
G0 F6000 X232.162 Y225.94
G1 F1200 X220.283 Y214.06 E120.35221
G0 F6000 X220.849 Y214.06
G1 F1200 X232.728 Y225.94 E120.68748
G0 F6000 X233.294 Y225.94
G1 F1200 X221.414 Y214.06 E121.02276
G0 F6000 X221.98 Y214.06
G1 F1200 X233.859 Y225.94 E121.35802
G0 F6000 X234.425 Y225.94
G1 F1200 X222.546 Y214.06 E121.69329
G0 F6000 X223.111 Y214.06
G1 F1200 X234.991 Y225.94 E122.02857
G0 F6000 X235.556 Y225.94
G1 F1200 X223.677 Y214.06 E122.36383
G0 F6000 X224.243 Y214.06
G1 F1200 X236.122 Y225.94 E122.6991
G0 F6000 X236.688 Y225.94
G1 F1200 X224.808 Y214.06 E123.03438
G0 F6000 X225.374 Y214.06
G1 F1200 X237.253 Y225.94 E123.36964
G0 F6000 X237.819 Y225.94
G1 F1200 X225.94 Y214.06 E123.70491
G0 F6000 X226.505 Y214.06
G1 F1200 X238.385 Y225.94 E124.04018
G0 F6000 X238.95 Y225.94
G1 F1200 X227.071 Y214.06 E124.37545
G0 F6000 X227.637 Y214.06
G1 F1200 X239.516 Y225.94 E124.71072
G0 F6000 X240.082 Y225.94
G1 F1200 X228.202 Y214.06 E125.04599
G0 F6000 X228.768 Y214.06
G1 F1200 X240.648 Y225.94 E125.38127
G0 F6000 X240.94 Y225.667
G1 F1200 X229.334 Y214.06 E125.70883
G0 F6000 X229.9 Y214.06
G1 F1200 X240.94 Y225.101 E126.02042
G0 F6000 X240.94 Y224.535
G1 F1200 X230.465 Y214.06 E126.31605
G0 F6000 X231.031 Y214.06
G1 F1200 X240.94 Y223.97 E126.59572
G0 F6000 X240.94 Y223.404
G1 F1200 X231.597 Y214.06 E126.85941
G0 F6000 X232.162 Y214.06
G1 F1200 X240.94 Y222.838 E127.10714
G0 F6000 X240.94 Y222.273
G1 F1200 X232.728 Y214.06 E127.33892
G0 F6000 X233.294 Y214.06
G1 F1200 X240.94 Y221.707 E127.55472
G0 F6000 X240.94 Y221.141
G1 F1200 X233.859 Y214.06 E127.75456
G0 F6000 X234.425 Y214.06
G1 F1200 X240.94 Y220.576 E127.93844
G0 F6000 X240.94 Y220.01
G1 F1200 X234.991 Y214.06 E128.10635
G0 F6000 X235.556 Y214.06
G1 F1200 X240.94 Y219.444 E128.2583
G0 F6000 X240.94 Y218.879
G1 F1200 X236.122 Y214.06 E128.39429
G0 F6000 X236.688 Y214.06
G1 F1200 X240.94 Y218.313 E128.5143
G0 F6000 X240.94 Y217.747
G1 F1200 X237.253 Y214.06 E128.61836
G0 F6000 X237.819 Y214.06
G1 F1200 X240.94 Y217.181 E128.70644
G0 F6000 X240.94 Y216.616
G1 F1200 X238.385 Y214.06 E128.77856
G0 F6000 X238.95 Y214.06
G1 F1200 X240.94 Y216.05 E128.83472
G0 F6000 X240.94 Y215.484
G1 F1200 X239.516 Y214.06 E128.87491
G0 F6000 X240.082 Y214.06
G1 F1200 X240.94 Y214.919 E128.89914
G0 F6000 X240.94 Y214.353
G1 F1200 X240.648 Y214.06 E128.90739
G1 F2700 E123.90739
;MESH:NONMESH
G0 F300 X240.648 Y214.06 Z0.24
G0 F6000 X240.648 Y213.6
G0 X241.328 Y213.672
G0 X242.076 Y227.076
G0 X242.076 Y228.165
G0 X243.928 Y237.589
;TIME_ELAPSED:349.722174
;LAYER:1
M106 S85
;TYPE:SKIRT
G1 F2700 E128.90739
G1 F1200 X242.777 Y237.687 E128.93045
G1 X242.17 Y237.7 E128.94256
G1 X118.075 Y237.699 E131.41901
G1 X117.377 Y237.69 E131.43294
G1 X116.476 Y237.639 E131.45095
G1 X115.582 Y237.507 E131.46899
G1 X114.704 Y237.298 E131.487
G1 X113.847 Y237.011 E131.50503
G1 X113.02 Y236.65 E131.52304
G1 X112.227 Y236.217 E131.54107
G1 X111.476 Y235.716 E131.55909
G1 X110.772 Y235.15 E131.57711
G1 X110.121 Y234.524 E131.59514
G1 X109.528 Y233.843 E131.61316
G1 X108.998 Y233.112 E131.63118
G1 X108.534 Y232.337 E131.6492
G1 X108.14 Y231.524 E131.66723
G1 X107.82 Y230.68 E131.68524
G1 X107.576 Y229.81 E131.70327
G1 X107.41 Y228.922 E131.7213
G1 X107.313 Y227.767 E131.74443
G1 X107.3 Y227.158 E131.75659
G1 X107.301 Y213.036 E132.03841
G1 X107.31 Y212.371 E132.05168
G1 X107.362 Y211.469 E132.06971
G1 X107.494 Y210.576 E132.08773
G1 X107.704 Y209.698 E132.10574
G1 X107.991 Y208.841 E132.12378
G1 X108.353 Y208.014 E132.14179
G1 X108.786 Y207.222 E132.15981
G1 X109.288 Y206.471 E132.17783
G1 X109.855 Y205.767 E132.19587
G1 X110.481 Y205.117 E132.21388
G1 X111.162 Y204.524 E132.2319
G1 X111.894 Y203.994 E132.24994
G1 X112.669 Y203.531 E132.26795
G1 X113.482 Y203.138 E132.28597
G1 X114.327 Y202.818 E132.304
G1 X115.196 Y202.575 E132.32201
G1 X116.084 Y202.409 E132.34004
G1 X117.223 Y202.313 E132.36285
G1 X117.83 Y202.3 E132.37497
G1 X241.793 Y202.3 E134.84878
G1 X242.637 Y202.311 E134.86563
G1 X243.539 Y202.364 E134.88366
G1 X244.432 Y202.496 E134.90167
G1 X245.31 Y202.707 E134.91969
G1 X246.166 Y202.995 E134.93772
G1 X246.993 Y203.357 E134.95573
G1 X247.785 Y203.792 E134.97376
G1 X248.536 Y204.294 E134.99179
G1 X249.239 Y204.861 E135.00981
G1 X249.889 Y205.488 E135.02784
G1 X250.481 Y206.17 E135.04586
G1 X251.011 Y206.901 E135.06388
G1 X251.473 Y207.677 E135.0819
G1 X251.866 Y208.49 E135.09992
G1 X252.184 Y209.335 E135.11794
G1 X252.427 Y210.205 E135.13596
G1 X252.592 Y211.093 E135.15399
G1 X252.687 Y212.223 E135.17662
G1 X252.7 Y212.83 E135.18873
G1 X252.699 Y226.89 E135.46932
G1 X252.69 Y227.617 E135.48383
G1 X252.639 Y228.519 E135.50186
G1 X252.508 Y229.413 E135.51989
G1 X252.299 Y230.291 E135.5379
G1 X252.013 Y231.148 E135.55593
G1 X251.652 Y231.976 E135.57395
G1 X251.22 Y232.768 E135.59196
G1 X250.719 Y233.52 E135.60999
G1 X250.153 Y234.224 E135.62802
G1 X249.528 Y234.875 E135.64602
G1 X248.847 Y235.469 E135.66406
G1 X248.116 Y236 E135.68209
G1 X247.342 Y236.464 E135.7001
G1 X246.529 Y236.858 E135.71813
G1 X245.685 Y237.178 E135.73614
G1 X244.815 Y237.423 E135.75418
G1 X243.928 Y237.589 E135.77219
G1 F2700 E130.77219
;MESH:BusConnAssyAid.stl
G0 F7500 X242.076 Y228.165
G0 X242.076 Y227.076
G0 X177.562 Y226.5
;TYPE:WALL-INNER
G1 F2700 E135.77219
G1 F1350 X241.5 Y226.5 E137.04814
G1 X241.5 Y213.5 E137.30757
G1 X118.5 Y213.5 E139.76216
G1 X118.5 Y226.5 E140.02159
G1 X177.562 Y226.5 E141.20024
G0 F7500 X177.412 Y226.9
G1 F1350 X241.9 Y226.9 E142.48717
G1 X241.9 Y213.1 E142.76256
G1 X118.1 Y213.1 E145.23312
G1 X118.1 Y226.9 E145.50852
G1 X177.412 Y226.9 E146.69215
G0 F7500 X177.262 Y227.3
;TYPE:WALL-OUTER
G1 F1350 X242.3 Y227.3 E147.99006
G1 X242.3 Y212.7 E148.28141
G1 X117.7 Y212.7 E150.76794
G1 X117.7 Y227.3 E151.0593
G1 X177.262 Y227.3 E152.24793
G0 F7500 X177.262 Y226.59
G0 X177.697 Y226.4
G0 X177.697 Y226.14
;TYPE:SKIN
G1 F1350 X118.86 Y226.14 E153.42208
G1 X118.86 Y213.86 E153.66714
G1 X241.14 Y213.86 E156.10737
G1 X241.14 Y226.14 E156.35243
G1 X177.697 Y226.14 E157.61851
G1 F2700 E152.61851
G0 F7500 X177.697 Y226.4
G0 X118.672 Y226.328
G0 X118.6 Y214.129
G0 X119.06 Y214.129
G1 F2700 E157.61851
G1 F1350 X119.129 Y214.06 E157.62045
G0 F7500 X119.695 Y214.06
G1 F1350 X119.06 Y214.695 E157.63837
G0 F7500 X119.06 Y215.26
G1 F1350 X120.26 Y214.06 E157.67224
G0 F7500 X120.826 Y214.06
G1 F1350 X119.06 Y215.826 E157.72208
G0 F7500 X119.06 Y216.392
G1 F1350 X121.392 Y214.06 E157.7879
G0 F7500 X121.958 Y214.06
G1 F1350 X119.06 Y216.957 E157.86967
G0 F7500 X119.06 Y217.523
G1 F1350 X122.523 Y214.06 E157.9674
G0 F7500 X123.089 Y214.06
G1 F1350 X119.06 Y218.089 E158.08111
G0 F7500 X119.06 Y218.654
G1 F1350 X123.655 Y214.06 E158.21078
G0 F7500 X124.22 Y214.06
G1 F1350 X119.06 Y219.22 E158.3564
G0 F7500 X119.06 Y219.786
G1 F1350 X124.786 Y214.06 E158.518
G0 F7500 X125.352 Y214.06
G1 F1350 X119.06 Y220.351 E158.69556
G0 F7500 X119.06 Y220.917
G1 F1350 X125.917 Y214.06 E158.88908
G0 F7500 X126.483 Y214.06
G1 F1350 X119.06 Y221.483 E159.09857
G0 F7500 X119.06 Y222.048
G1 F1350 X127.049 Y214.06 E159.32403
G0 F7500 X127.614 Y214.06
G1 F1350 X119.06 Y222.614 E159.56544
G0 F7500 X119.06 Y223.18
G1 F1350 X128.18 Y214.06 E159.82283
G0 F7500 X128.746 Y214.06
G1 F1350 X119.06 Y223.746 E160.09619
G0 F7500 X119.06 Y224.311
G1 F1350 X129.311 Y214.06 E160.38549
G0 F7500 X129.877 Y214.06
G1 F1350 X119.06 Y224.877 E160.69077
G0 F7500 X119.06 Y225.443
G1 F1350 X130.443 Y214.06 E161.01202
G0 F7500 X131.009 Y214.06
G1 F1350 X119.128 Y225.94 E161.34732
G0 F7500 X119.693 Y225.94
G1 F1350 X131.574 Y214.06 E161.68261
G0 F7500 X132.14 Y214.06
G1 F1350 X120.259 Y225.94 E162.0179
G0 F7500 X120.825 Y225.94
G1 F1350 X132.706 Y214.06 E162.3532
G0 F7500 X133.271 Y214.06
G1 F1350 X121.39 Y225.94 E162.68849
G0 F7500 X121.956 Y225.94
G1 F1350 X133.837 Y214.06 E163.02378
G0 F7500 X134.403 Y214.06
G1 F1350 X122.522 Y225.94 E163.35908
G0 F7500 X123.087 Y225.94
G1 F1350 X134.968 Y214.06 E163.69437
G0 F7500 X135.534 Y214.06
G1 F1350 X123.653 Y225.94 E164.02966
G0 F7500 X124.219 Y225.94
G1 F1350 X136.1 Y214.06 E164.36496
G0 F7500 X136.665 Y214.06
G1 F1350 X124.785 Y225.94 E164.70024
G0 F7500 X125.35 Y225.94
G1 F1350 X137.231 Y214.06 E165.03553
G0 F7500 X137.797 Y214.06
G1 F1350 X125.916 Y225.94 E165.37082
G0 F7500 X126.482 Y225.94
G1 F1350 X138.362 Y214.06 E165.7061
G0 F7500 X138.928 Y214.06
G1 F1350 X127.047 Y225.94 E166.0414
G0 F7500 X127.613 Y225.94
G1 F1350 X139.494 Y214.06 E166.37669
G0 F7500 X140.059 Y214.06
G1 F1350 X128.179 Y225.94 E166.71197
G0 F7500 X128.744 Y225.94
G1 F1350 X140.625 Y214.06 E167.04726
G0 F7500 X141.191 Y214.06
G1 F1350 X129.31 Y225.94 E167.38256
G0 F7500 X129.876 Y225.94
G1 F1350 X141.757 Y214.06 E167.71785
G0 F7500 X142.322 Y214.06
G1 F1350 X130.441 Y225.94 E168.05314
G0 F7500 X131.007 Y225.94
G1 F1350 X142.888 Y214.06 E168.38844
G0 F7500 X143.454 Y214.06
G1 F1350 X131.573 Y225.94 E168.72373
G0 F7500 X132.138 Y225.94
G1 F1350 X144.019 Y214.06 E169.05902
G0 F7500 X144.585 Y214.06
G1 F1350 X132.704 Y225.94 E169.39432
G0 F7500 X133.27 Y225.94
G1 F1350 X145.151 Y214.06 E169.72961
G0 F7500 X145.716 Y214.06
G1 F1350 X133.836 Y225.94 E170.06489
G0 F7500 X134.401 Y225.94
G1 F1350 X146.282 Y214.06 E170.40018
G0 F7500 X146.848 Y214.06
G1 F1350 X134.967 Y225.94 E170.73547
G0 F7500 X135.533 Y225.94
G1 F1350 X147.413 Y214.06 E171.07075
G0 F7500 X147.979 Y214.06
G1 F1350 X136.098 Y225.94 E171.40605
G0 F7500 X136.664 Y225.94
G1 F1350 X148.545 Y214.06 E171.74134
G0 F7500 X149.11 Y214.06
G1 F1350 X137.23 Y225.94 E172.07662
G0 F7500 X137.795 Y225.94
G1 F1350 X149.676 Y214.06 E172.41191
G0 F7500 X150.242 Y214.06
G1 F1350 X138.361 Y225.94 E172.74721
G0 F7500 X138.927 Y225.94
G1 F1350 X150.807 Y214.06 E173.08249
G0 F7500 X151.373 Y214.06
G1 F1350 X139.492 Y225.94 E173.41778
G0 F7500 X140.058 Y225.94
G1 F1350 X151.939 Y214.06 E173.75307
G0 F7500 X152.505 Y214.06
G1 F1350 X140.624 Y225.94 E174.08837
G0 F7500 X141.189 Y225.94
G1 F1350 X153.07 Y214.06 E174.42366
G0 F7500 X153.636 Y214.06
G1 F1350 X141.755 Y225.94 E174.75895
G0 F7500 X142.321 Y225.94
G1 F1350 X154.202 Y214.06 E175.09425
G0 F7500 X154.767 Y214.06
G1 F1350 X142.886 Y225.94 E175.42954
G0 F7500 X143.452 Y225.94
G1 F1350 X155.333 Y214.06 E175.76483
G0 F7500 X155.899 Y214.06
G1 F1350 X144.018 Y225.94 E176.10013
G0 F7500 X144.584 Y225.94
G1 F1350 X156.464 Y214.06 E176.43541
G0 F7500 X157.03 Y214.06
G1 F1350 X145.149 Y225.94 E176.7707
G0 F7500 X145.715 Y225.94
G1 F1350 X157.596 Y214.06 E177.10599
G0 F7500 X158.161 Y214.06
G1 F1350 X146.281 Y225.94 E177.44127
G0 F7500 X146.846 Y225.94
G1 F1350 X158.727 Y214.06 E177.77657
G0 F7500 X159.293 Y214.06
G1 F1350 X147.412 Y225.94 E178.11186
G0 F7500 X147.978 Y225.94
G1 F1350 X159.858 Y214.06 E178.44714
G0 F7500 X160.424 Y214.06
G1 F1350 X148.543 Y225.94 E178.78243
G0 F7500 X149.109 Y225.94
G1 F1350 X160.99 Y214.06 E179.11772
G0 F7500 X161.556 Y214.06
G1 F1350 X149.675 Y225.94 E179.45302
G0 F7500 X150.24 Y225.94
G1 F1350 X162.121 Y214.06 E179.78831
G0 F7500 X162.687 Y214.06
G1 F1350 X150.806 Y225.94 E180.1236
G0 F7500 X151.372 Y225.94
G1 F1350 X163.253 Y214.06 E180.4589
G0 F7500 X163.818 Y214.06
G1 F1350 X151.937 Y225.94 E180.79419
G0 F7500 X152.503 Y225.94
G1 F1350 X164.384 Y214.06 E181.12948
G0 F7500 X164.95 Y214.06
G1 F1350 X153.069 Y225.94 E181.46478
G0 F7500 X153.635 Y225.94
G1 F1350 X165.515 Y214.06 E181.80006
G0 F7500 X166.081 Y214.06
G1 F1350 X154.2 Y225.94 E182.13535
G0 F7500 X154.766 Y225.94
G1 F1350 X166.647 Y214.06 E182.47064
G0 F7500 X167.212 Y214.06
G1 F1350 X155.332 Y225.94 E182.80592
G0 F7500 X155.897 Y225.94
G1 F1350 X167.778 Y214.06 E183.14122
G0 F7500 X168.344 Y214.06
G1 F1350 X156.463 Y225.94 E183.47651
G0 F7500 X157.029 Y225.94
G1 F1350 X168.909 Y214.06 E183.81179
G0 F7500 X169.475 Y214.06
G1 F1350 X157.594 Y225.94 E184.14708
G0 F7500 X158.16 Y225.94
G1 F1350 X170.041 Y214.06 E184.48238
G0 F7500 X170.606 Y214.06
G1 F1350 X158.726 Y225.94 E184.81766
G0 F7500 X159.291 Y225.94
G1 F1350 X171.172 Y214.06 E185.15295
G0 F7500 X171.738 Y214.06
G1 F1350 X159.857 Y225.94 E185.48824
G0 F7500 X160.423 Y225.94
G1 F1350 X172.304 Y214.06 E185.82354
G0 F7500 X172.869 Y214.06
G1 F1350 X160.988 Y225.94 E186.15883
G0 F7500 X161.554 Y225.94
G1 F1350 X173.435 Y214.06 E186.49412
G0 F7500 X174.001 Y214.06
G1 F1350 X162.12 Y225.94 E186.82942
G0 F7500 X162.685 Y225.94
G1 F1350 X174.566 Y214.06 E187.16471
G0 F7500 X175.132 Y214.06
G1 F1350 X163.251 Y225.94 E187.5
G0 F7500 X163.817 Y225.94
G1 F1350 X175.698 Y214.06 E187.8353
G0 F7500 X176.263 Y214.06
G1 F1350 X164.383 Y225.94 E188.17058
G0 F7500 X164.948 Y225.94
G1 F1350 X176.829 Y214.06 E188.50587
G0 F7500 X177.395 Y214.06
G1 F1350 X165.514 Y225.94 E188.84116
G0 F7500 X166.08 Y225.94
G1 F1350 X177.96 Y214.06 E189.17644
G0 F7500 X178.526 Y214.06
G1 F1350 X166.645 Y225.94 E189.51173
G0 F7500 X167.211 Y225.94
G1 F1350 X179.092 Y214.06 E189.84703
G0 F7500 X179.657 Y214.06
G1 F1350 X167.777 Y225.94 E190.18231
G0 F7500 X168.342 Y225.94
G1 F1350 X180.223 Y214.06 E190.5176
G0 F7500 X180.789 Y214.06
G1 F1350 X168.908 Y225.94 E190.85289
G0 F7500 X169.474 Y225.94
G1 F1350 X181.355 Y214.06 E191.18819
G0 F7500 X181.92 Y214.06
G1 F1350 X170.039 Y225.94 E191.52348
G0 F7500 X170.605 Y225.94
G1 F1350 X182.486 Y214.06 E191.85877
G0 F7500 X183.052 Y214.06
G1 F1350 X171.171 Y225.94 E192.19407
G0 F7500 X171.736 Y225.94
G1 F1350 X183.617 Y214.06 E192.52936
G0 F7500 X184.183 Y214.06
G1 F1350 X172.302 Y225.94 E192.86465
G0 F7500 X172.868 Y225.94
G1 F1350 X184.749 Y214.06 E193.19995
G0 F7500 X185.314 Y214.06
G1 F1350 X173.433 Y225.94 E193.53524
G0 F7500 X173.999 Y225.94
G1 F1350 X185.88 Y214.06 E193.87053
G0 F7500 X186.446 Y214.06
G1 F1350 X174.565 Y225.94 E194.20583
G0 F7500 X175.131 Y225.94
G1 F1350 X187.011 Y214.06 E194.54111
G0 F7500 X187.577 Y214.06
G1 F1350 X175.696 Y225.94 E194.8764
G0 F7500 X176.262 Y225.94
G1 F1350 X188.143 Y214.06 E195.21169
G0 F7500 X188.708 Y214.06
G1 F1350 X176.828 Y225.94 E195.54697
G0 F7500 X177.393 Y225.94
G1 F1350 X189.274 Y214.06 E195.88227
G0 F7500 X189.84 Y214.06
G1 F1350 X177.959 Y225.94 E196.21756
G0 F7500 X178.525 Y225.94
G1 F1350 X190.405 Y214.06 E196.55284
G0 F7500 X190.971 Y214.06
G1 F1350 X179.09 Y225.94 E196.88813
G0 F7500 X179.656 Y225.94
G1 F1350 X191.537 Y214.06 E197.22343
G0 F7500 X192.103 Y214.06
G1 F1350 X180.222 Y225.94 E197.55872
G0 F7500 X180.787 Y225.94
G1 F1350 X192.668 Y214.06 E197.89401
G0 F7500 X193.234 Y214.06
G1 F1350 X181.353 Y225.94 E198.22931
G0 F7500 X181.919 Y225.94
G1 F1350 X193.8 Y214.06 E198.5646
G0 F7500 X194.365 Y214.06
G1 F1350 X182.484 Y225.94 E198.89989
G0 F7500 X183.05 Y225.94
G1 F1350 X194.931 Y214.06 E199.23519
G0 F7500 X195.497 Y214.06
G1 F1350 X183.616 Y225.94 E199.57048
G0 F7500 X184.182 Y225.94
G1 F1350 X196.062 Y214.06 E199.90576
G0 F7500 X196.628 Y214.06
G1 F1350 X184.747 Y225.94 E200.24105
G0 F7500 X185.313 Y225.94
G1 F1350 X197.194 Y214.06 E200.57635
G0 F7500 X197.759 Y214.06
G1 F1350 X185.879 Y225.94 E200.91162
G0 F7500 X186.444 Y225.94
G1 F1350 X198.325 Y214.06 E201.24692
G0 F7500 X198.891 Y214.06
G1 F1350 X187.01 Y225.94 E201.58221
G0 F7500 X187.576 Y225.94
G1 F1350 X199.456 Y214.06 E201.91749
G0 F7500 X200.022 Y214.06
G1 F1350 X188.141 Y225.94 E202.25278
G0 F7500 X188.707 Y225.94
G1 F1350 X200.588 Y214.06 E202.58808
G0 F7500 X201.153 Y214.06
G1 F1350 X189.273 Y225.94 E202.92336
G0 F7500 X189.838 Y225.94
G1 F1350 X201.719 Y214.06 E203.25865
G0 F7500 X202.285 Y214.06
G1 F1350 X190.404 Y225.94 E203.59394
G0 F7500 X190.97 Y225.94
G1 F1350 X202.851 Y214.06 E203.92924
G0 F7500 X203.416 Y214.06
G1 F1350 X191.535 Y225.94 E204.26453
G0 F7500 X192.101 Y225.94
G1 F1350 X203.982 Y214.06 E204.59982
G0 F7500 X204.548 Y214.06
G1 F1350 X192.667 Y225.94 E204.93512
G0 F7500 X193.232 Y225.94
G1 F1350 X205.113 Y214.06 E205.27041
G0 F7500 X205.679 Y214.06
G1 F1350 X193.798 Y225.94 E205.6057
G0 F7500 X194.364 Y225.94
G1 F1350 X206.245 Y214.06 E205.941
G0 F7500 X206.81 Y214.06
G1 F1350 X194.93 Y225.94 E206.27628
G0 F7500 X195.495 Y225.94
G1 F1350 X207.376 Y214.06 E206.61157
G0 F7500 X207.942 Y214.06
G1 F1350 X196.061 Y225.94 E206.94686
G0 F7500 X196.627 Y225.94
G1 F1350 X208.507 Y214.06 E207.28214
G0 F7500 X209.073 Y214.06
G1 F1350 X197.192 Y225.94 E207.61744
G0 F7500 X197.758 Y225.94
G1 F1350 X209.639 Y214.06 E207.95273
G0 F7500 X210.204 Y214.06
G1 F1350 X198.324 Y225.94 E208.28801
G0 F7500 X198.889 Y225.94
G1 F1350 X210.77 Y214.06 E208.6233
G0 F7500 X211.336 Y214.06
G1 F1350 X199.455 Y225.94 E208.9586
G0 F7500 X200.021 Y225.94
G1 F1350 X211.902 Y214.06 E209.29389
G0 F7500 X212.467 Y214.06
G1 F1350 X200.586 Y225.94 E209.62918
G0 F7500 X201.152 Y225.94
G1 F1350 X213.033 Y214.06 E209.96448
G0 F7500 X213.599 Y214.06
G1 F1350 X201.718 Y225.94 E210.29977
G0 F7500 X202.283 Y225.94
G1 F1350 X214.164 Y214.06 E210.63506
G0 F7500 X214.73 Y214.06
G1 F1350 X202.849 Y225.94 E210.97036
G0 F7500 X203.415 Y225.94
G1 F1350 X215.296 Y214.06 E211.30565
G0 F7500 X215.861 Y214.06
G1 F1350 X203.981 Y225.94 E211.64093
G0 F7500 X204.546 Y225.94
G1 F1350 X216.427 Y214.06 E211.97622
G0 F7500 X216.993 Y214.06
G1 F1350 X205.112 Y225.94 E212.31151
G0 F7500 X205.678 Y225.94
G1 F1350 X217.558 Y214.06 E212.64679
G0 F7500 X218.124 Y214.06
G1 F1350 X206.243 Y225.94 E212.98209
G0 F7500 X206.809 Y225.94
G1 F1350 X218.69 Y214.06 E213.31738
G0 F7500 X219.255 Y214.06
G1 F1350 X207.375 Y225.94 E213.65266
G0 F7500 X207.94 Y225.94
G1 F1350 X219.821 Y214.06 E213.98795
G0 F7500 X220.387 Y214.06
G1 F1350 X208.506 Y225.94 E214.32325
G0 F7500 X209.072 Y225.94
G1 F1350 X220.952 Y214.06 E214.65853
G0 F7500 X221.518 Y214.06
G1 F1350 X209.637 Y225.94 E214.99382
G0 F7500 X210.203 Y225.94
G1 F1350 X222.084 Y214.06 E215.32911
G0 F7500 X222.65 Y214.06
G1 F1350 X210.769 Y225.94 E215.66441
G0 F7500 X211.334 Y225.94
G1 F1350 X223.215 Y214.06 E215.9997
G0 F7500 X223.781 Y214.06
G1 F1350 X211.9 Y225.94 E216.33499
G0 F7500 X212.466 Y225.94
G1 F1350 X224.347 Y214.06 E216.67029
G0 F7500 X224.912 Y214.06
G1 F1350 X213.031 Y225.94 E217.00558
G0 F7500 X213.597 Y225.94
G1 F1350 X225.478 Y214.06 E217.34087
G0 F7500 X226.044 Y214.06
G1 F1350 X214.163 Y225.94 E217.67617
G0 F7500 X214.729 Y225.94
G1 F1350 X226.609 Y214.06 E218.01145
G0 F7500 X227.175 Y214.06
G1 F1350 X215.294 Y225.94 E218.34674
G0 F7500 X215.86 Y225.94
G1 F1350 X227.741 Y214.06 E218.68203
G0 F7500 X228.306 Y214.06
G1 F1350 X216.426 Y225.94 E219.01731
G0 F7500 X216.991 Y225.94
G1 F1350 X228.872 Y214.06 E219.35261
G0 F7500 X229.438 Y214.06
G1 F1350 X217.557 Y225.94 E219.6879
G0 F7500 X218.123 Y225.94
G1 F1350 X230.003 Y214.06 E220.02318
G0 F7500 X230.569 Y214.06
G1 F1350 X218.688 Y225.94 E220.35847
G0 F7500 X219.254 Y225.94
G1 F1350 X231.135 Y214.06 E220.69376
G0 F7500 X231.701 Y214.06
G1 F1350 X219.82 Y225.94 E221.02906
G0 F7500 X220.385 Y225.94
G1 F1350 X232.266 Y214.06 E221.36435
G0 F7500 X232.832 Y214.06
G1 F1350 X220.951 Y225.94 E221.69964
G0 F7500 X221.517 Y225.94
G1 F1350 X233.398 Y214.06 E222.03494
G0 F7500 X233.963 Y214.06
G1 F1350 X222.082 Y225.94 E222.37023
G0 F7500 X222.648 Y225.94
G1 F1350 X234.529 Y214.06 E222.70552
G0 F7500 X235.095 Y214.06
G1 F1350 X223.214 Y225.94 E223.04082
G0 F7500 X223.779 Y225.94
G1 F1350 X235.66 Y214.06 E223.37611
G0 F7500 X236.226 Y214.06
G1 F1350 X224.345 Y225.94 E223.71141
G0 F7500 X224.911 Y225.94
G1 F1350 X236.792 Y214.06 E224.0467
G0 F7500 X237.357 Y214.06
G1 F1350 X225.477 Y225.94 E224.38198
G0 F7500 X226.042 Y225.94
G1 F1350 X237.923 Y214.06 E224.71727
G0 F7500 X238.489 Y214.06
G1 F1350 X226.608 Y225.94 E225.05256
G0 F7500 X227.174 Y225.94
G1 F1350 X239.054 Y214.06 E225.38784
G0 F7500 X239.62 Y214.06
G1 F1350 X227.739 Y225.94 E225.72314
G0 F7500 X228.305 Y225.94
G1 F1350 X240.186 Y214.06 E226.05843
G0 F7500 X240.751 Y214.06
G1 F1350 X228.871 Y225.94 E226.39371
G0 F7500 X229.436 Y225.94
G1 F1350 X240.94 Y214.436 E226.71838
G0 F7500 X240.94 Y215.002
G1 F1350 X230.002 Y225.94 E227.02707
G0 F7500 X230.568 Y225.94
G1 F1350 X240.94 Y215.568 E227.31979
G0 F7500 X240.94 Y216.134
G1 F1350 X231.133 Y225.94 E227.59655
G0 F7500 X231.699 Y225.94
G1 F1350 X240.94 Y216.699 E227.85735
G0 F7500 X240.94 Y217.265
G1 F1350 X232.265 Y225.94 E228.10218
G0 F7500 X232.83 Y225.94
G1 F1350 X240.94 Y217.831 E228.33105
G0 F7500 X240.94 Y218.396
G1 F1350 X233.396 Y225.94 E228.54396
G0 F7500 X233.962 Y225.94
G1 F1350 X240.94 Y218.962 E228.74089
G0 F7500 X240.94 Y219.528
G1 F1350 X234.528 Y225.94 E228.92185
G0 F7500 X235.093 Y225.94
G1 F1350 X240.94 Y220.093 E229.08687
G0 F7500 X240.94 Y220.659
G1 F1350 X235.659 Y225.94 E229.23591
G0 F7500 X236.225 Y225.94
G1 F1350 X240.94 Y221.225 E229.36897
G0 F7500 X240.94 Y221.79
G1 F1350 X236.79 Y225.94 E229.4861
G0 F7500 X237.356 Y225.94
G1 F1350 X240.94 Y222.356 E229.58724
G0 F7500 X240.94 Y222.922
G1 F1350 X237.922 Y225.94 E229.67242
G0 F7500 X238.487 Y225.94
G1 F1350 X240.94 Y223.487 E229.74165
G0 F7500 X240.94 Y224.053
G1 F1350 X239.053 Y225.94 E229.7949
G0 F7500 X239.619 Y225.94
G1 F1350 X240.94 Y224.619 E229.83218
G0 F7500 X240.94 Y225.185
G1 F1350 X240.184 Y225.94 E229.85351
G0 F7500 X240.75 Y225.94
G1 F1350 X240.94 Y225.75 E229.85887
G1 F2700 E224.85887
;MESH:NONMESH
G0 F300 X240.94 Y225.75 Z0.36
G0 F7500 X241.4 Y225.75
G0 X242.076 Y227.076
G0 X242.076 Y228.165
G0 X243.928 Y237.589
;TIME_ELAPSED:598.530863
;LAYER:2
M106 S170
;TYPE:SKIRT
G1 F2700 E229.85887
G1 F1200 X242.777 Y237.687 E229.88192
G1 X242.17 Y237.7 E229.89404
G1 X118.075 Y237.699 E232.37049
G1 X117.377 Y237.69 E232.38442
G1 X116.476 Y237.639 E232.40243
G1 X115.582 Y237.507 E232.42046
G1 X114.704 Y237.298 E232.43847
G1 X113.847 Y237.011 E232.45651
G1 X113.02 Y236.65 E232.47452
G1 X112.227 Y236.217 E232.49255
G1 X111.476 Y235.716 E232.51056
G1 X110.772 Y235.15 E232.52859
G1 X110.121 Y234.524 E232.54661
G1 X109.528 Y233.843 E232.56463
G1 X108.998 Y233.112 E232.58265
G1 X108.534 Y232.337 E232.60068
G1 X108.14 Y231.524 E232.61871
G1 X107.82 Y230.68 E232.63672
G1 X107.576 Y229.81 E232.65475
G1 X107.41 Y228.922 E232.67278
G1 X107.313 Y227.767 E232.69591
G1 X107.3 Y227.158 E232.70807
G1 X107.301 Y213.036 E232.98989
G1 X107.31 Y212.371 E233.00316
G1 X107.362 Y211.469 E233.02119
G1 X107.494 Y210.576 E233.0392
G1 X107.704 Y209.698 E233.05722
G1 X107.991 Y208.841 E233.07525
G1 X108.353 Y208.014 E233.09327
G1 X108.786 Y207.222 E233.11128
G1 X109.288 Y206.471 E233.12931
G1 X109.855 Y205.767 E233.14735
G1 X110.481 Y205.117 E233.16536
G1 X111.162 Y204.524 E233.18338
G1 X111.894 Y203.994 E233.20141
G1 X112.669 Y203.531 E233.21943
G1 X113.482 Y203.138 E233.23745
G1 X114.327 Y202.818 E233.25548
G1 X115.196 Y202.575 E233.27349
G1 X116.084 Y202.409 E233.29151
G1 X117.223 Y202.313 E233.31433
G1 X117.83 Y202.3 E233.32644
G1 X241.793 Y202.3 E235.80026
G1 X242.637 Y202.311 E235.8171
G1 X243.539 Y202.364 E235.83513
G1 X244.432 Y202.496 E235.85315
G1 X245.31 Y202.707 E235.87117
G1 X246.166 Y202.995 E235.88919
G1 X246.993 Y203.357 E235.90721
G1 X247.785 Y203.792 E235.92524
G1 X248.536 Y204.294 E235.94327
G1 X249.239 Y204.861 E235.96129
G1 X249.889 Y205.488 E235.97931
G1 X250.481 Y206.17 E235.99733
G1 X251.011 Y206.901 E236.01535
G1 X251.473 Y207.677 E236.03338
G1 X251.866 Y208.49 E236.0514
G1 X252.184 Y209.335 E236.06941
G1 X252.427 Y210.205 E236.08744
G1 X252.592 Y211.093 E236.10546
G1 X252.687 Y212.223 E236.12809
G1 X252.7 Y212.83 E236.14021
G1 X252.699 Y226.89 E236.42079
G1 X252.69 Y227.617 E236.4353
G1 X252.639 Y228.519 E236.45333
G1 X252.508 Y229.413 E236.47136
G1 X252.299 Y230.291 E236.48937
G1 X252.013 Y231.148 E236.5074
G1 X251.652 Y231.976 E236.52543
G1 X251.22 Y232.768 E236.54343
G1 X250.719 Y233.52 E236.56146
G1 X250.153 Y234.224 E236.57949
G1 X249.528 Y234.875 E236.5975
G1 X248.847 Y235.469 E236.61553
G1 X248.116 Y236 E236.63356
G1 X247.342 Y236.464 E236.65157
G1 X246.529 Y236.858 E236.6696
G1 X245.685 Y237.178 E236.68762
G1 X244.815 Y237.423 E236.70565
G1 X243.928 Y237.589 E236.72366
G1 F2700 E231.72366
;MESH:BusConnAssyAid.stl
G0 F9000 X242.076 Y228.165
G0 X242.076 Y227.076
G0 X177.562 Y226.5
;TYPE:WALL-INNER
G1 F2700 E236.72366
G1 F1500 X241.5 Y226.5 E237.99961
G1 X241.5 Y213.5 E238.25904
G1 X118.5 Y213.5 E240.71364
G1 X118.5 Y226.5 E240.97307
G1 X177.562 Y226.5 E242.15172
G0 F9000 X177.412 Y226.9
G1 F1500 X241.9 Y226.9 E243.43864
G1 X241.9 Y213.1 E243.71404
G1 X118.1 Y213.1 E246.1846
G1 X118.1 Y226.9 E246.45999
G1 X177.412 Y226.9 E247.64363
G0 F9000 X177.262 Y227.3
;TYPE:WALL-OUTER
G1 F1500 X242.3 Y227.3 E248.94153
G1 X242.3 Y212.7 E249.23289
G1 X117.7 Y212.7 E251.71942
G1 X117.7 Y227.3 E252.01078
G1 X177.262 Y227.3 E253.1994
G0 F9000 X177.262 Y226.59
G0 X177.697 Y226.4
G0 X177.697 Y226.14
;TYPE:SKIN
G1 F1500 X118.86 Y226.14 E254.37356
G1 X118.86 Y213.86 E254.61862
G1 X241.14 Y213.86 E257.05885
G1 X241.14 Y226.14 E257.30391
G1 X177.697 Y226.14 E258.56998
G1 F2700 E253.56998
G0 F9000 X177.697 Y226.4
G0 X118.672 Y226.328
G0 X118.6 Y225.409
G0 X119.06 Y225.409
G1 F2700 E258.56998
G1 F1500 X119.591 Y225.94 E258.58497
G0 F9000 X120.157 Y225.94
G1 F1500 X119.06 Y224.843 E258.61593
G0 F9000 X119.06 Y224.277
G1 F1500 X120.722 Y225.94 E258.66285
G0 F9000 X121.288 Y225.94
G1 F1500 X119.06 Y223.712 E258.72573
G0 F9000 X119.06 Y223.146
G1 F1500 X121.854 Y225.94 E258.80458
G0 F9000 X122.419 Y225.94
G1 F1500 X119.06 Y222.58 E258.89939
G0 F9000 X119.06 Y222.015
G1 F1500 X122.985 Y225.94 E259.01016
G0 F9000 X123.551 Y225.94
G1 F1500 X119.06 Y221.449 E259.13691
G0 F9000 X119.06 Y220.883
G1 F1500 X124.116 Y225.94 E259.27961
G0 F9000 X124.682 Y225.94
G1 F1500 X119.06 Y220.318 E259.43828
G0 F9000 X119.06 Y219.752
G1 F1500 X125.248 Y225.94 E259.61292
G0 F9000 X125.813 Y225.94
G1 F1500 X119.06 Y219.186 E259.80352
G0 F9000 X119.06 Y218.62
G1 F1500 X126.379 Y225.94 E260.01009
G0 F9000 X126.945 Y225.94
G1 F1500 X119.06 Y218.055 E260.23262
G0 F9000 X119.06 Y217.489
G1 F1500 X127.51 Y225.94 E260.47111
G0 F9000 X128.076 Y225.94
G1 F1500 X119.06 Y216.923 E260.72558
G0 F9000 X119.06 Y216.358
G1 F1500 X128.642 Y225.94 E260.996
G0 F9000 X129.208 Y225.94
G1 F1500 X119.06 Y215.792 E261.2824
G0 F9000 X119.06 Y215.226
G1 F1500 X129.773 Y225.94 E261.58476
G0 F9000 X130.339 Y225.94
G1 F1500 X119.06 Y214.661 E261.90308
G0 F9000 X119.06 Y214.095
G1 F1500 X130.905 Y225.94 E262.23737
G0 F9000 X131.47 Y225.94
G1 F1500 X119.591 Y214.06 E262.57263
G0 F9000 X120.157 Y214.06
G1 F1500 X132.036 Y225.94 E262.9079
G0 F9000 X132.602 Y225.94
G1 F1500 X120.722 Y214.06 E263.24318
G0 F9000 X121.288 Y214.06
G1 F1500 X133.167 Y225.94 E263.57844
G0 F9000 X133.733 Y225.94
G1 F1500 X121.854 Y214.06 E263.91371
G0 F9000 X122.419 Y214.06
G1 F1500 X134.299 Y225.94 E264.24899
G0 F9000 X134.864 Y225.94
G1 F1500 X122.985 Y214.06 E264.58425
G0 F9000 X123.551 Y214.06
G1 F1500 X135.43 Y225.94 E264.91952
G0 F9000 X135.996 Y225.94
G1 F1500 X124.116 Y214.06 E265.2548
G0 F9000 X124.682 Y214.06
G1 F1500 X136.561 Y225.94 E265.59006
G0 F9000 X137.127 Y225.94
G1 F1500 X125.248 Y214.06 E265.92533
G0 F9000 X125.813 Y214.06
G1 F1500 X137.693 Y225.94 E266.26061
G0 F9000 X138.258 Y225.94
G1 F1500 X126.379 Y214.06 E266.59587
G0 F9000 X126.945 Y214.06
G1 F1500 X138.824 Y225.94 E266.93114
G0 F9000 X139.39 Y225.94
G1 F1500 X127.51 Y214.06 E267.26642
G0 F9000 X128.076 Y214.06
G1 F1500 X139.956 Y225.94 E267.60169
G0 F9000 X140.521 Y225.94
G1 F1500 X128.642 Y214.06 E267.93696
G0 F9000 X129.208 Y214.06
G1 F1500 X141.087 Y225.94 E268.27222
G0 F9000 X141.653 Y225.94
G1 F1500 X129.773 Y214.06 E268.6075
G0 F9000 X130.339 Y214.06
G1 F1500 X142.218 Y225.94 E268.94277
G0 F9000 X142.784 Y225.94
G1 F1500 X130.905 Y214.06 E269.27803
G0 F9000 X131.47 Y214.06
G1 F1500 X143.35 Y225.94 E269.61331
G0 F9000 X143.915 Y225.94
G1 F1500 X132.036 Y214.06 E269.94858
G0 F9000 X132.602 Y214.06
G1 F1500 X144.481 Y225.94 E270.28384
G0 F9000 X145.047 Y225.94
G1 F1500 X133.167 Y214.06 E270.61912
G0 F9000 X133.733 Y214.06
G1 F1500 X145.612 Y225.94 E270.95439
G0 F9000 X146.178 Y225.94
G1 F1500 X134.299 Y214.06 E271.28965
G0 F9000 X134.864 Y214.06
G1 F1500 X146.744 Y225.94 E271.62493
G0 F9000 X147.309 Y225.94
G1 F1500 X135.43 Y214.06 E271.9602
G0 F9000 X135.996 Y214.06
G1 F1500 X147.875 Y225.94 E272.29546
G0 F9000 X148.441 Y225.94
G1 F1500 X136.561 Y214.06 E272.63074
G0 F9000 X137.127 Y214.06
G1 F1500 X149.006 Y225.94 E272.96601
G0 F9000 X149.572 Y225.94
G1 F1500 X137.693 Y214.06 E273.30127
G0 F9000 X138.258 Y214.06
G1 F1500 X150.138 Y225.94 E273.63655
G0 F9000 X150.704 Y225.94
G1 F1500 X138.824 Y214.06 E273.97183
G0 F9000 X139.39 Y214.06
G1 F1500 X151.269 Y225.94 E274.3071
G0 F9000 X151.835 Y225.94
G1 F1500 X139.956 Y214.06 E274.64236
G0 F9000 X140.521 Y214.06
G1 F1500 X152.401 Y225.94 E274.97764
G0 F9000 X152.966 Y225.94
G1 F1500 X141.087 Y214.06 E275.31291
G0 F9000 X141.653 Y214.06
G1 F1500 X153.532 Y225.94 E275.64817
G0 F9000 X154.098 Y225.94
G1 F1500 X142.218 Y214.06 E275.98345
G0 F9000 X142.784 Y214.06
G1 F1500 X154.663 Y225.94 E276.31872
G0 F9000 X155.229 Y225.94
G1 F1500 X143.35 Y214.06 E276.65398
G0 F9000 X143.915 Y214.06
G1 F1500 X155.795 Y225.94 E276.98926
G0 F9000 X156.36 Y225.94
G1 F1500 X144.481 Y214.06 E277.32453
G0 F9000 X145.047 Y214.06
G1 F1500 X156.926 Y225.94 E277.65979
G0 F9000 X157.492 Y225.94
G1 F1500 X145.612 Y214.06 E277.99507
G0 F9000 X146.178 Y214.06
G1 F1500 X158.057 Y225.94 E278.33033
G0 F9000 X158.623 Y225.94
G1 F1500 X146.744 Y214.06 E278.6656
G0 F9000 X147.309 Y214.06
G1 F1500 X159.189 Y225.94 E279.00088
G0 F9000 X159.755 Y225.94
G1 F1500 X147.875 Y214.06 E279.33616
G0 F9000 X148.441 Y214.06
G1 F1500 X160.32 Y225.94 E279.67142
G0 F9000 X160.886 Y225.94
G1 F1500 X149.006 Y214.06 E280.0067
G0 F9000 X149.572 Y214.06
G1 F1500 X161.452 Y225.94 E280.34198
G0 F9000 X162.017 Y225.94
G1 F1500 X150.138 Y214.06 E280.67725
G0 F9000 X150.704 Y214.06
G1 F1500 X162.583 Y225.94 E281.01251
G0 F9000 X163.149 Y225.94
G1 F1500 X151.269 Y214.06 E281.34779
G0 F9000 X151.835 Y214.06
G1 F1500 X163.714 Y225.94 E281.68306
G0 F9000 X164.28 Y225.94
G1 F1500 X152.401 Y214.06 E282.01832
G0 F9000 X152.966 Y214.06
G1 F1500 X164.846 Y225.94 E282.3536
G0 F9000 X165.411 Y225.94
G1 F1500 X153.532 Y214.06 E282.68887
G0 F9000 X154.098 Y214.06
G1 F1500 X165.977 Y225.94 E283.02413
G0 F9000 X166.543 Y225.94
G1 F1500 X154.663 Y214.06 E283.35941
G0 F9000 X155.229 Y214.06
G1 F1500 X167.108 Y225.94 E283.69468
G0 F9000 X167.674 Y225.94
G1 F1500 X155.795 Y214.06 E284.02994
G0 F9000 X156.36 Y214.06
G1 F1500 X168.24 Y225.94 E284.36522
G0 F9000 X168.805 Y225.94
G1 F1500 X156.926 Y214.06 E284.70049
G0 F9000 X157.492 Y214.06
G1 F1500 X169.371 Y225.94 E285.03575
G0 F9000 X169.937 Y225.94
G1 F1500 X158.057 Y214.06 E285.37103
G0 F9000 X158.623 Y214.06
G1 F1500 X170.503 Y225.94 E285.70631
G0 F9000 X171.068 Y225.94
G1 F1500 X159.189 Y214.06 E286.04157
G0 F9000 X159.755 Y214.06
G1 F1500 X171.634 Y225.94 E286.37684
G0 F9000 X172.2 Y225.94
G1 F1500 X160.32 Y214.06 E286.71212
G0 F9000 X160.886 Y214.06
G1 F1500 X172.765 Y225.94 E287.04738
G0 F9000 X173.331 Y225.94
G1 F1500 X161.452 Y214.06 E287.38265
G0 F9000 X162.017 Y214.06
G1 F1500 X173.897 Y225.94 E287.71793
G0 F9000 X174.462 Y225.94
G1 F1500 X162.583 Y214.06 E288.05319
G0 F9000 X163.149 Y214.06
G1 F1500 X175.028 Y225.94 E288.38846
G0 F9000 X175.594 Y225.94
G1 F1500 X163.714 Y214.06 E288.72374
G0 F9000 X164.28 Y214.06
G1 F1500 X176.159 Y225.94 E289.059
G0 F9000 X176.725 Y225.94
G1 F1500 X164.846 Y214.06 E289.39427
G0 F9000 X165.411 Y214.06
G1 F1500 X177.291 Y225.94 E289.72955
G0 F9000 X177.856 Y225.94
G1 F1500 X165.977 Y214.06 E290.06481
G0 F9000 X166.543 Y214.06
G1 F1500 X178.422 Y225.94 E290.40008
G0 F9000 X178.988 Y225.94
G1 F1500 X167.108 Y214.06 E290.73536
G0 F9000 X167.674 Y214.06
G1 F1500 X179.554 Y225.94 E291.07064
G0 F9000 X180.119 Y225.94
G1 F1500 X168.24 Y214.06 E291.4059
G0 F9000 X168.805 Y214.06
G1 F1500 X180.685 Y225.94 E291.74118
G0 F9000 X181.251 Y225.94
G1 F1500 X169.371 Y214.06 E292.07646
G0 F9000 X169.937 Y214.06
G1 F1500 X181.816 Y225.94 E292.41173
G0 F9000 X182.382 Y225.94
G1 F1500 X170.503 Y214.06 E292.74699
G0 F9000 X171.068 Y214.06
G1 F1500 X182.948 Y225.94 E293.08227
G0 F9000 X183.513 Y225.94
G1 F1500 X171.634 Y214.06 E293.41753
G0 F9000 X172.2 Y214.06
G1 F1500 X184.079 Y225.94 E293.7528
G0 F9000 X184.645 Y225.94
G1 F1500 X172.765 Y214.06 E294.08808
G0 F9000 X173.331 Y214.06
G1 F1500 X185.21 Y225.94 E294.42334
G0 F9000 X185.776 Y225.94
G1 F1500 X173.897 Y214.06 E294.75861
G0 F9000 X174.462 Y214.06
G1 F1500 X186.342 Y225.94 E295.09389
G0 F9000 X186.907 Y225.94
G1 F1500 X175.028 Y214.06 E295.42915
G0 F9000 X175.594 Y214.06
G1 F1500 X187.473 Y225.94 E295.76442
G0 F9000 X188.039 Y225.94
G1 F1500 X176.159 Y214.06 E296.0997
G0 F9000 X176.725 Y214.06
G1 F1500 X188.604 Y225.94 E296.43496
G0 F9000 X189.17 Y225.94
G1 F1500 X177.291 Y214.06 E296.77023
G0 F9000 X177.856 Y214.06
G1 F1500 X189.736 Y225.94 E297.10551
G0 F9000 X190.302 Y225.94
G1 F1500 X178.422 Y214.06 E297.44079
G0 F9000 X178.988 Y214.06
G1 F1500 X190.867 Y225.94 E297.77605
G0 F9000 X191.433 Y225.94
G1 F1500 X179.554 Y214.06 E298.11132
G0 F9000 X180.119 Y214.06
G1 F1500 X191.999 Y225.94 E298.4466
G0 F9000 X192.564 Y225.94
G1 F1500 X180.685 Y214.06 E298.78186
G0 F9000 X181.251 Y214.06
G1 F1500 X193.13 Y225.94 E299.11713
G0 F9000 X193.696 Y225.94
G1 F1500 X181.816 Y214.06 E299.45241
G0 F9000 X182.382 Y214.06
G1 F1500 X194.261 Y225.94 E299.78767
G0 F9000 X194.827 Y225.94
G1 F1500 X182.948 Y214.06 E300.12294
G0 F9000 X183.513 Y214.06
G1 F1500 X195.393 Y225.94 E300.45822
G0 F9000 X195.958 Y225.94
G1 F1500 X184.079 Y214.06 E300.79348
G0 F9000 X184.645 Y214.06
G1 F1500 X196.524 Y225.94 E301.12875
G0 F9000 X197.09 Y225.94
G1 F1500 X185.21 Y214.06 E301.46403
G0 F9000 X185.776 Y214.06
G1 F1500 X197.655 Y225.94 E301.79929
G0 F9000 X198.221 Y225.94
G1 F1500 X186.342 Y214.06 E302.13456
G0 F9000 X186.907 Y214.06
G1 F1500 X198.787 Y225.94 E302.46984
G0 F9000 X199.352 Y225.94
G1 F1500 X187.473 Y214.06 E302.8051
G0 F9000 X188.039 Y214.06
G1 F1500 X199.918 Y225.94 E303.14037
G0 F9000 X200.484 Y225.94
G1 F1500 X188.604 Y214.06 E303.47564
G0 F9000 X189.17 Y214.06
G1 F1500 X201.05 Y225.94 E303.81092
G0 F9000 X201.615 Y225.94
G1 F1500 X189.736 Y214.06 E304.14619
G0 F9000 X190.302 Y214.06
G1 F1500 X202.181 Y225.94 E304.48145
G0 F9000 X202.747 Y225.94
G1 F1500 X190.867 Y214.06 E304.81673
G0 F9000 X191.433 Y214.06
G1 F1500 X203.312 Y225.94 E305.152
G0 F9000 X203.878 Y225.94
G1 F1500 X191.999 Y214.06 E305.48726
G0 F9000 X192.564 Y214.06
G1 F1500 X204.444 Y225.94 E305.82254
G0 F9000 X205.009 Y225.94
G1 F1500 X193.13 Y214.06 E306.15781
G0 F9000 X193.696 Y214.06
G1 F1500 X205.575 Y225.94 E306.49307
G0 F9000 X206.141 Y225.94
G1 F1500 X194.261 Y214.06 E306.82835
G0 F9000 X194.827 Y214.06
G1 F1500 X206.706 Y225.94 E307.16362
G0 F9000 X207.272 Y225.94
G1 F1500 X195.393 Y214.06 E307.49888
G0 F9000 X195.958 Y214.06
G1 F1500 X207.838 Y225.94 E307.83416
G0 F9000 X208.403 Y225.94
G1 F1500 X196.524 Y214.06 E308.16943
G0 F9000 X197.09 Y214.06
G1 F1500 X208.969 Y225.94 E308.50469
G0 F9000 X209.535 Y225.94
G1 F1500 X197.655 Y214.06 E308.83997
G0 F9000 X198.221 Y214.06
G1 F1500 X210.101 Y225.94 E309.17525
G0 F9000 X210.666 Y225.94
G1 F1500 X198.787 Y214.06 E309.51052
G0 F9000 X199.352 Y214.06
G1 F1500 X211.232 Y225.94 E309.8458
G0 F9000 X211.798 Y225.94
G1 F1500 X199.918 Y214.06 E310.18107
G0 F9000 X200.484 Y214.06
G1 F1500 X212.363 Y225.94 E310.51634
G0 F9000 X212.929 Y225.94
G1 F1500 X201.05 Y214.06 E310.85161
G0 F9000 X201.615 Y214.06
G1 F1500 X213.495 Y225.94 E311.18688
G0 F9000 X214.06 Y225.94
G1 F1500 X202.181 Y214.06 E311.52215
G0 F9000 X202.747 Y214.06
G1 F1500 X214.626 Y225.94 E311.85741
G0 F9000 X215.192 Y225.94
G1 F1500 X203.312 Y214.06 E312.19269
G0 F9000 X203.878 Y214.06
G1 F1500 X215.757 Y225.94 E312.52796
G0 F9000 X216.323 Y225.94
G1 F1500 X204.444 Y214.06 E312.86322
G0 F9000 X205.009 Y214.06
G1 F1500 X216.889 Y225.94 E313.1985
G0 F9000 X217.454 Y225.94
G1 F1500 X205.575 Y214.06 E313.53377
G0 F9000 X206.141 Y214.06
G1 F1500 X218.02 Y225.94 E313.86903
G0 F9000 X218.586 Y225.94
G1 F1500 X206.706 Y214.06 E314.20431
G0 F9000 X207.272 Y214.06
G1 F1500 X219.151 Y225.94 E314.53958
G0 F9000 X219.717 Y225.94
G1 F1500 X207.838 Y214.06 E314.87484
G0 F9000 X208.403 Y214.06
G1 F1500 X220.283 Y225.94 E315.21012
G0 F9000 X220.849 Y225.94
G1 F1500 X208.969 Y214.06 E315.5454
G0 F9000 X209.535 Y214.06
G1 F1500 X221.414 Y225.94 E315.88067
G0 F9000 X221.98 Y225.94
G1 F1500 X210.101 Y214.06 E316.21593
G0 F9000 X210.666 Y214.06
G1 F1500 X222.546 Y225.94 E316.55121
G0 F9000 X223.111 Y225.94
G1 F1500 X211.232 Y214.06 E316.88648
G0 F9000 X211.798 Y214.06
G1 F1500 X223.677 Y225.94 E317.22174
G0 F9000 X224.243 Y225.94
G1 F1500 X212.363 Y214.06 E317.55702
G0 F9000 X212.929 Y214.06
G1 F1500 X224.808 Y225.94 E317.89229
G0 F9000 X225.374 Y225.94
G1 F1500 X213.495 Y214.06 E318.22755
G0 F9000 X214.06 Y214.06
G1 F1500 X225.94 Y225.94 E318.56283
G0 F9000 X226.505 Y225.94
G1 F1500 X214.626 Y214.06 E318.8981
G0 F9000 X215.192 Y214.06
G1 F1500 X227.071 Y225.94 E319.23336
G0 F9000 X227.637 Y225.94
G1 F1500 X215.757 Y214.06 E319.56864
G0 F9000 X216.323 Y214.06
G1 F1500 X228.202 Y225.94 E319.90391
G0 F9000 X228.768 Y225.94
G1 F1500 X216.889 Y214.06 E320.23917
G0 F9000 X217.454 Y214.06
G1 F1500 X229.334 Y225.94 E320.57445
G0 F9000 X229.9 Y225.94
G1 F1500 X218.02 Y214.06 E320.90973
G0 F9000 X218.586 Y214.06
G1 F1500 X230.465 Y225.94 E321.24499
G0 F9000 X231.031 Y225.94
G1 F1500 X219.151 Y214.06 E321.58027
G0 F9000 X219.717 Y214.06
G1 F1500 X231.597 Y225.94 E321.91555
G0 F9000 X232.162 Y225.94
G1 F1500 X220.283 Y214.06 E322.25082
G0 F9000 X220.849 Y214.06
G1 F1500 X232.728 Y225.94 E322.58608
G0 F9000 X233.294 Y225.94
G1 F1500 X221.414 Y214.06 E322.92136
G0 F9000 X221.98 Y214.06
G1 F1500 X233.859 Y225.94 E323.25663
G0 F9000 X234.425 Y225.94
G1 F1500 X222.546 Y214.06 E323.59189
G0 F9000 X223.111 Y214.06
G1 F1500 X234.991 Y225.94 E323.92717
G0 F9000 X235.556 Y225.94
G1 F1500 X223.677 Y214.06 E324.26244
G0 F9000 X224.243 Y214.06
G1 F1500 X236.122 Y225.94 E324.5977
G0 F9000 X236.688 Y225.94
G1 F1500 X224.808 Y214.06 E324.93298
G0 F9000 X225.374 Y214.06
G1 F1500 X237.253 Y225.94 E325.26825
G0 F9000 X237.819 Y225.94
G1 F1500 X225.94 Y214.06 E325.60351
G0 F9000 X226.505 Y214.06
G1 F1500 X238.385 Y225.94 E325.93879
G0 F9000 X238.95 Y225.94
G1 F1500 X227.071 Y214.06 E326.27406
G0 F9000 X227.637 Y214.06
G1 F1500 X239.516 Y225.94 E326.60932
G0 F9000 X240.082 Y225.94
G1 F1500 X228.202 Y214.06 E326.9446
G0 F9000 X228.768 Y214.06
G1 F1500 X240.648 Y225.94 E327.27988
G0 F9000 X240.94 Y225.667
G1 F1500 X229.334 Y214.06 E327.60744
G0 F9000 X229.9 Y214.06
G1 F1500 X240.94 Y225.101 E327.91903
G0 F9000 X240.94 Y224.535
G1 F1500 X230.465 Y214.06 E328.21465
G0 F9000 X231.031 Y214.06
G1 F1500 X240.94 Y223.97 E328.49432
G0 F9000 X240.94 Y223.404
G1 F1500 X231.597 Y214.06 E328.75802
G0 F9000 X232.162 Y214.06
G1 F1500 X240.94 Y222.838 E329.00575
G0 F9000 X240.94 Y222.273
G1 F1500 X232.728 Y214.06 E329.23752
G0 F9000 X233.294 Y214.06
G1 F1500 X240.94 Y221.707 E329.45332
G0 F9000 X240.94 Y221.141
G1 F1500 X233.859 Y214.06 E329.65317
G0 F9000 X234.425 Y214.06
G1 F1500 X240.94 Y220.576 E329.83705
G0 F9000 X240.94 Y220.01
G1 F1500 X234.991 Y214.06 E330.00496
G0 F9000 X235.556 Y214.06
G1 F1500 X240.94 Y219.444 E330.1569
G0 F9000 X240.94 Y218.879
G1 F1500 X236.122 Y214.06 E330.29289
G0 F9000 X236.688 Y214.06
G1 F1500 X240.94 Y218.313 E330.41291
G0 F9000 X240.94 Y217.747
G1 F1500 X237.253 Y214.06 E330.51696
G0 F9000 X237.819 Y214.06
G1 F1500 X240.94 Y217.181 E330.60504
G0 F9000 X240.94 Y216.616
G1 F1500 X238.385 Y214.06 E330.67716
G0 F9000 X238.95 Y214.06
G1 F1500 X240.94 Y216.05 E330.73333
G0 F9000 X240.94 Y215.484
G1 F1500 X239.516 Y214.06 E330.77352
G0 F9000 X240.082 Y214.06
G1 F1500 X240.94 Y214.919 E330.79774
G0 F9000 X240.94 Y214.353
G1 F1500 X240.648 Y214.06 E330.806
G1 F2700 E325.806
;MESH:NONMESH
G0 F300 X240.648 Y214.06 Z0.48
G0 F9000 X240.648 Y213.6
G0 X241.328 Y213.672
G0 X241.328 Y226.328
G0 X177.562 Y226.5
;TIME_ELAPSED:828.029630
;LAYER:3
M106 S255
;TYPE:WALL-INNER
;MESH:BusConnAssyAid.stl
G1 F2700 E330.806
G1 F1500 X241.5 Y226.5 E332.08195
G1 X241.5 Y213.5 E332.34138
G1 X118.5 Y213.5 E334.79598
G1 X118.5 Y226.5 E335.05541
G1 X177.562 Y226.5 E336.23405
G0 F9000 X177.412 Y226.9
G1 F1500 X241.9 Y226.9 E337.52098
G1 X241.9 Y213.1 E337.79637
G1 X118.1 Y213.1 E340.26694
G1 X118.1 Y226.9 E340.54233
G1 X177.412 Y226.9 E341.72597
G0 F9000 X177.262 Y227.3
;TYPE:WALL-OUTER
G1 F1500 X242.3 Y227.3 E343.02387
G1 X242.3 Y212.7 E343.31523
G1 X117.7 Y212.7 E345.80176
G1 X117.7 Y227.3 E346.09312
G1 X177.262 Y227.3 E347.28174
G0 F9000 X177.262 Y226.59
G0 X177.697 Y226.4
G0 X177.697 Y226.14
;TYPE:SKIN
G1 F1500 X118.86 Y226.14 E348.4559
G1 X118.86 Y213.86 E348.70096
G1 X241.14 Y213.86 E351.14119
G1 X241.14 Y226.14 E351.38625
G1 X177.697 Y226.14 E352.65232
G1 F2700 E347.65232
G0 F9000 X177.697 Y226.4
G0 X118.672 Y226.328
G0 X118.6 Y214.129
G0 X119.06 Y214.129
G1 F2700 E352.65232
G1 F1500 X119.129 Y214.06 E352.65427
G0 F9000 X119.695 Y214.06
G1 F1500 X119.06 Y214.695 E352.67219
G0 F9000 X119.06 Y215.26
G1 F1500 X120.26 Y214.06 E352.70605
G0 F9000 X120.826 Y214.06
G1 F1500 X119.06 Y215.826 E352.7559
G0 F9000 X119.06 Y216.392
G1 F1500 X121.392 Y214.06 E352.82171
G0 F9000 X121.958 Y214.06
G1 F1500 X119.06 Y216.957 E352.90348
G0 F9000 X119.06 Y217.523
G1 F1500 X122.523 Y214.06 E353.00122
G0 F9000 X123.089 Y214.06
G1 F1500 X119.06 Y218.089 E353.11492
G0 F9000 X119.06 Y218.654
G1 F1500 X123.655 Y214.06 E353.24459
G0 F9000 X124.22 Y214.06
G1 F1500 X119.06 Y219.22 E353.39022
G0 F9000 X119.06 Y219.786
G1 F1500 X124.786 Y214.06 E353.55182
G0 F9000 X125.352 Y214.06
G1 F1500 X119.06 Y220.351 E353.72938
G0 F9000 X119.06 Y220.917
G1 F1500 X125.917 Y214.06 E353.9229
G0 F9000 X126.483 Y214.06
G1 F1500 X119.06 Y221.483 E354.13239
G0 F9000 X119.06 Y222.048
G1 F1500 X127.049 Y214.06 E354.35784
G0 F9000 X127.614 Y214.06
G1 F1500 X119.06 Y222.614 E354.59925
G0 F9000 X119.06 Y223.18
G1 F1500 X128.18 Y214.06 E354.85664
G0 F9000 X128.746 Y214.06
G1 F1500 X119.06 Y223.746 E355.13
G0 F9000 X119.06 Y224.311
G1 F1500 X129.311 Y214.06 E355.41931
G0 F9000 X129.877 Y214.06
G1 F1500 X119.06 Y224.877 E355.72458
G0 F9000 X119.06 Y225.443
G1 F1500 X130.443 Y214.06 E356.04584
G0 F9000 X131.009 Y214.06
G1 F1500 X119.128 Y225.94 E356.38113
G0 F9000 X119.693 Y225.94
G1 F1500 X131.574 Y214.06 E356.71642
G0 F9000 X132.14 Y214.06
G1 F1500 X120.259 Y225.94 E357.05172
G0 F9000 X120.825 Y225.94
G1 F1500 X132.706 Y214.06 E357.38701
G0 F9000 X133.271 Y214.06
G1 F1500 X121.39 Y225.94 E357.7223
G0 F9000 X121.956 Y225.94
G1 F1500 X133.837 Y214.06 E358.0576
G0 F9000 X134.403 Y214.06
G1 F1500 X122.522 Y225.94 E358.39289
G0 F9000 X123.087 Y225.94
G1 F1500 X134.968 Y214.06 E358.72818
G0 F9000 X135.534 Y214.06
G1 F1500 X123.653 Y225.94 E359.06348
G0 F9000 X124.219 Y225.94
G1 F1500 X136.1 Y214.06 E359.39877
G0 F9000 X136.665 Y214.06
G1 F1500 X124.785 Y225.94 E359.73405
G0 F9000 X125.35 Y225.94
G1 F1500 X137.231 Y214.06 E360.06934
G0 F9000 X137.797 Y214.06
G1 F1500 X125.916 Y225.94 E360.40464
G0 F9000 X126.482 Y225.94
G1 F1500 X138.362 Y214.06 E360.73992
G0 F9000 X138.928 Y214.06
G1 F1500 X127.047 Y225.94 E361.07521
G0 F9000 X127.613 Y225.94
G1 F1500 X139.494 Y214.06 E361.4105
G0 F9000 X140.059 Y214.06
G1 F1500 X128.179 Y225.94 E361.74578
G0 F9000 X128.744 Y225.94
G1 F1500 X140.625 Y214.06 E362.08108
G0 F9000 X141.191 Y214.06
G1 F1500 X129.31 Y225.94 E362.41637
G0 F9000 X129.876 Y225.94
G1 F1500 X141.757 Y214.06 E362.75166
G0 F9000 X142.322 Y214.06
G1 F1500 X130.441 Y225.94 E363.08696
G0 F9000 X131.007 Y225.94
G1 F1500 X142.888 Y214.06 E363.42225
G0 F9000 X143.454 Y214.06
G1 F1500 X131.573 Y225.94 E363.75754
G0 F9000 X132.138 Y225.94
G1 F1500 X144.019 Y214.06 E364.09284
G0 F9000 X144.585 Y214.06
G1 F1500 X132.704 Y225.94 E364.42813
G0 F9000 X133.27 Y225.94
G1 F1500 X145.151 Y214.06 E364.76342
G0 F9000 X145.716 Y214.06
G1 F1500 X133.836 Y225.94 E365.0987
G0 F9000 X134.401 Y225.94
G1 F1500 X146.282 Y214.06 E365.434
G0 F9000 X146.848 Y214.06
G1 F1500 X134.967 Y225.94 E365.76929
G0 F9000 X135.533 Y225.94
G1 F1500 X147.413 Y214.06 E366.10457
G0 F9000 X147.979 Y214.06
G1 F1500 X136.098 Y225.94 E366.43986
G0 F9000 X136.664 Y225.94
G1 F1500 X148.545 Y214.06 E366.77515
G0 F9000 X149.11 Y214.06
G1 F1500 X137.23 Y225.94 E367.11043
G0 F9000 X137.795 Y225.94
G1 F1500 X149.676 Y214.06 E367.44573
G0 F9000 X150.242 Y214.06
G1 F1500 X138.361 Y225.94 E367.78102
G0 F9000 X138.927 Y225.94
G1 F1500 X150.807 Y214.06 E368.1163
G0 F9000 X151.373 Y214.06
G1 F1500 X139.492 Y225.94 E368.45159
G0 F9000 X140.058 Y225.94
G1 F1500 X151.939 Y214.06 E368.78689
G0 F9000 X152.505 Y214.06
G1 F1500 X140.624 Y225.94 E369.12218
G0 F9000 X141.189 Y225.94
G1 F1500 X153.07 Y214.06 E369.45747
G0 F9000 X153.636 Y214.06
G1 F1500 X141.755 Y225.94 E369.79277
G0 F9000 X142.321 Y225.94
G1 F1500 X154.202 Y214.06 E370.12806
G0 F9000 X154.767 Y214.06
G1 F1500 X142.886 Y225.94 E370.46335
G0 F9000 X143.452 Y225.94
G1 F1500 X155.333 Y214.06 E370.79865
G0 F9000 X155.899 Y214.06
G1 F1500 X144.018 Y225.94 E371.13394
G0 F9000 X144.584 Y225.94
G1 F1500 X156.464 Y214.06 E371.46922
G0 F9000 X157.03 Y214.06
G1 F1500 X145.149 Y225.94 E371.80451
G0 F9000 X145.715 Y225.94
G1 F1500 X157.596 Y214.06 E372.13981
G0 F9000 X158.161 Y214.06
G1 F1500 X146.281 Y225.94 E372.47509
G0 F9000 X146.846 Y225.94
G1 F1500 X158.727 Y214.06 E372.81038
G0 F9000 X159.293 Y214.06
G1 F1500 X147.412 Y225.94 E373.14567
G0 F9000 X147.978 Y225.94
G1 F1500 X159.858 Y214.06 E373.48095
G0 F9000 X160.424 Y214.06
G1 F1500 X148.543 Y225.94 E373.81625
G0 F9000 X149.109 Y225.94
G1 F1500 X160.99 Y214.06 E374.15154
G0 F9000 X161.556 Y214.06
G1 F1500 X149.675 Y225.94 E374.48683
G0 F9000 X150.24 Y225.94
G1 F1500 X162.121 Y214.06 E374.82213
G0 F9000 X162.687 Y214.06
G1 F1500 X150.806 Y225.94 E375.15742
G0 F9000 X151.372 Y225.94
G1 F1500 X163.253 Y214.06 E375.49271
G0 F9000 X163.818 Y214.06
G1 F1500 X151.937 Y225.94 E375.82801
G0 F9000 X152.503 Y225.94
G1 F1500 X164.384 Y214.06 E376.1633
G0 F9000 X164.95 Y214.06
G1 F1500 X153.069 Y225.94 E376.49859
G0 F9000 X153.635 Y225.94
G1 F1500 X165.515 Y214.06 E376.83387
G0 F9000 X166.081 Y214.06
G1 F1500 X154.2 Y225.94 E377.16916
G0 F9000 X154.766 Y225.94
G1 F1500 X166.647 Y214.06 E377.50446
G0 F9000 X167.212 Y214.06
G1 F1500 X155.332 Y225.94 E377.83974
G0 F9000 X155.897 Y225.94
G1 F1500 X167.778 Y214.06 E378.17503
G0 F9000 X168.344 Y214.06
G1 F1500 X156.463 Y225.94 E378.51032
G0 F9000 X157.029 Y225.94
G1 F1500 X168.909 Y214.06 E378.8456
G0 F9000 X169.475 Y214.06
G1 F1500 X157.594 Y225.94 E379.1809
G0 F9000 X158.16 Y225.94
G1 F1500 X170.041 Y214.06 E379.51619
G0 F9000 X170.606 Y214.06
G1 F1500 X158.726 Y225.94 E379.85147
G0 F9000 X159.291 Y225.94
G1 F1500 X171.172 Y214.06 E380.18676
G0 F9000 X171.738 Y214.06
G1 F1500 X159.857 Y225.94 E380.52206
G0 F9000 X160.423 Y225.94
G1 F1500 X172.304 Y214.06 E380.85735
G0 F9000 X172.869 Y214.06
G1 F1500 X160.988 Y225.94 E381.19264
G0 F9000 X161.554 Y225.94
G1 F1500 X173.435 Y214.06 E381.52794
G0 F9000 X174.001 Y214.06
G1 F1500 X162.12 Y225.94 E381.86323
G0 F9000 X162.685 Y225.94
G1 F1500 X174.566 Y214.06 E382.19852
G0 F9000 X175.132 Y214.06
G1 F1500 X163.251 Y225.94 E382.53382
G0 F9000 X163.817 Y225.94
G1 F1500 X175.698 Y214.06 E382.86911
G0 F9000 X176.263 Y214.06
G1 F1500 X164.383 Y225.94 E383.20439
G0 F9000 X164.948 Y225.94
G1 F1500 X176.829 Y214.06 E383.53968
G0 F9000 X177.395 Y214.06
G1 F1500 X165.514 Y225.94 E383.87498
G0 F9000 X166.08 Y225.94
G1 F1500 X177.96 Y214.06 E384.21026
G0 F9000 X178.526 Y214.06
G1 F1500 X166.645 Y225.94 E384.54555
G0 F9000 X167.211 Y225.94
G1 F1500 X179.092 Y214.06 E384.88084
G0 F9000 X179.657 Y214.06
G1 F1500 X167.777 Y225.94 E385.21612
G0 F9000 X168.342 Y225.94
G1 F1500 X180.223 Y214.06 E385.55141
G0 F9000 X180.789 Y214.06
G1 F1500 X168.908 Y225.94 E385.88671
G0 F9000 X169.474 Y225.94
G1 F1500 X181.355 Y214.06 E386.222
G0 F9000 X181.92 Y214.06
G1 F1500 X170.039 Y225.94 E386.55729
G0 F9000 X170.605 Y225.94
G1 F1500 X182.486 Y214.06 E386.89259
G0 F9000 X183.052 Y214.06
G1 F1500 X171.171 Y225.94 E387.22788
G0 F9000 X171.736 Y225.94
G1 F1500 X183.617 Y214.06 E387.56317
G0 F9000 X184.183 Y214.06
G1 F1500 X172.302 Y225.94 E387.89847
G0 F9000 X172.868 Y225.94
G1 F1500 X184.749 Y214.06 E388.23376
G0 F9000 X185.314 Y214.06
G1 F1500 X173.433 Y225.94 E388.56905
G0 F9000 X173.999 Y225.94
G1 F1500 X185.88 Y214.06 E388.90435
G0 F9000 X186.446 Y214.06
G1 F1500 X174.565 Y225.94 E389.23964
G0 F9000 X175.131 Y225.94
G1 F1500 X187.011 Y214.06 E389.57492
G0 F9000 X187.577 Y214.06
G1 F1500 X175.696 Y225.94 E389.91021
G0 F9000 X176.262 Y225.94
G1 F1500 X188.143 Y214.06 E390.24551
G0 F9000 X188.708 Y214.06
G1 F1500 X176.828 Y225.94 E390.58079
G0 F9000 X177.393 Y225.94
G1 F1500 X189.274 Y214.06 E390.91608
G0 F9000 X189.84 Y214.06
G1 F1500 X177.959 Y225.94 E391.25137
G0 F9000 X178.525 Y225.94
G1 F1500 X190.405 Y214.06 E391.58665
G0 F9000 X190.971 Y214.06
G1 F1500 X179.09 Y225.94 E391.92195
G0 F9000 X179.656 Y225.94
G1 F1500 X191.537 Y214.06 E392.25724
G0 F9000 X192.103 Y214.06
G1 F1500 X180.222 Y225.94 E392.59253
G0 F9000 X180.787 Y225.94
G1 F1500 X192.668 Y214.06 E392.92783
G0 F9000 X193.234 Y214.06
G1 F1500 X181.353 Y225.94 E393.26312
G0 F9000 X181.919 Y225.94
G1 F1500 X193.8 Y214.06 E393.59841
G0 F9000 X194.365 Y214.06
G1 F1500 X182.484 Y225.94 E393.93371
G0 F9000 X183.05 Y225.94
G1 F1500 X194.931 Y214.06 E394.269
G0 F9000 X195.497 Y214.06
G1 F1500 X183.616 Y225.94 E394.60429
G0 F9000 X184.182 Y225.94
G1 F1500 X196.062 Y214.06 E394.93957
G0 F9000 X196.628 Y214.06
G1 F1500 X184.747 Y225.94 E395.27487
G0 F9000 X185.313 Y225.94
G1 F1500 X197.194 Y214.06 E395.61016
G0 F9000 X197.759 Y214.06
G1 F1500 X185.879 Y225.94 E395.94544
G0 F9000 X186.444 Y225.94
G1 F1500 X198.325 Y214.06 E396.28073
G0 F9000 X198.891 Y214.06
G1 F1500 X187.01 Y225.94 E396.61603
G0 F9000 X187.576 Y225.94
G1 F1500 X199.456 Y214.06 E396.9513
G0 F9000 X200.022 Y214.06
G1 F1500 X188.141 Y225.94 E397.2866
G0 F9000 X188.707 Y225.94
G1 F1500 X200.588 Y214.06 E397.62189
G0 F9000 X201.153 Y214.06
G1 F1500 X189.273 Y225.94 E397.95717
G0 F9000 X189.838 Y225.94
G1 F1500 X201.719 Y214.06 E398.29246
G0 F9000 X202.285 Y214.06
G1 F1500 X190.404 Y225.94 E398.62776
G0 F9000 X190.97 Y225.94
G1 F1500 X202.851 Y214.06 E398.96305
G0 F9000 X203.416 Y214.06
G1 F1500 X191.535 Y225.94 E399.29834
G0 F9000 X192.101 Y225.94
G1 F1500 X203.982 Y214.06 E399.63364
G0 F9000 X204.548 Y214.06
G1 F1500 X192.667 Y225.94 E399.96893
G0 F9000 X193.232 Y225.94
G1 F1500 X205.113 Y214.06 E400.30422
G0 F9000 X205.679 Y214.06
G1 F1500 X193.798 Y225.94 E400.63952
G0 F9000 X194.364 Y225.94
G1 F1500 X206.245 Y214.06 E400.97481
G0 F9000 X206.81 Y214.06
G1 F1500 X194.93 Y225.94 E401.31009
G0 F9000 X195.495 Y225.94
G1 F1500 X207.376 Y214.06 E401.64538
G0 F9000 X207.942 Y214.06
G1 F1500 X196.061 Y225.94 E401.98068
G0 F9000 X196.627 Y225.94
G1 F1500 X208.507 Y214.06 E402.31596
G0 F9000 X209.073 Y214.06
G1 F1500 X197.192 Y225.94 E402.65125
G0 F9000 X197.758 Y225.94
G1 F1500 X209.639 Y214.06 E402.98654
G0 F9000 X210.204 Y214.06
G1 F1500 X198.324 Y225.94 E403.32182
G0 F9000 X198.889 Y225.94
G1 F1500 X210.77 Y214.06 E403.65712
G0 F9000 X211.336 Y214.06
G1 F1500 X199.455 Y225.94 E403.99241
G0 F9000 X200.021 Y225.94
G1 F1500 X211.902 Y214.06 E404.3277
G0 F9000 X212.467 Y214.06
G1 F1500 X200.586 Y225.94 E404.663
G0 F9000 X201.152 Y225.94
G1 F1500 X213.033 Y214.06 E404.99829
G0 F9000 X213.599 Y214.06
G1 F1500 X201.718 Y225.94 E405.33358
G0 F9000 X202.283 Y225.94
G1 F1500 X214.164 Y214.06 E405.66888
G0 F9000 X214.73 Y214.06
G1 F1500 X202.849 Y225.94 E406.00417
G0 F9000 X203.415 Y225.94
G1 F1500 X215.296 Y214.06 E406.33946
G0 F9000 X215.861 Y214.06
G1 F1500 X203.981 Y225.94 E406.67474
G0 F9000 X204.546 Y225.94
G1 F1500 X216.427 Y214.06 E407.01004
G0 F9000 X216.993 Y214.06
G1 F1500 X205.112 Y225.94 E407.34533
G0 F9000 X205.678 Y225.94
G1 F1500 X217.558 Y214.06 E407.68061
G0 F9000 X218.124 Y214.06
G1 F1500 X206.243 Y225.94 E408.0159
G0 F9000 X206.809 Y225.94
G1 F1500 X218.69 Y214.06 E408.35119
G0 F9000 X219.255 Y214.06
G1 F1500 X207.375 Y225.94 E408.68647
G0 F9000 X207.94 Y225.94
G1 F1500 X219.821 Y214.06 E409.02177
G0 F9000 X220.387 Y214.06
G1 F1500 X208.506 Y225.94 E409.35706
G0 F9000 X209.072 Y225.94
G1 F1500 X220.952 Y214.06 E409.69234
G0 F9000 X221.518 Y214.06
G1 F1500 X209.637 Y225.94 E410.02763
G0 F9000 X210.203 Y225.94
G1 F1500 X222.084 Y214.06 E410.36293
G0 F9000 X222.65 Y214.06
G1 F1500 X210.769 Y225.94 E410.69822
G0 F9000 X211.334 Y225.94
G1 F1500 X223.215 Y214.06 E411.03351
G0 F9000 X223.781 Y214.06
G1 F1500 X211.9 Y225.94 E411.36881
G0 F9000 X212.466 Y225.94
G1 F1500 X224.347 Y214.06 E411.7041
G0 F9000 X224.912 Y214.06
G1 F1500 X213.031 Y225.94 E412.03939
G0 F9000 X213.597 Y225.94
G1 F1500 X225.478 Y214.06 E412.37469
G0 F9000 X226.044 Y214.06
G1 F1500 X214.163 Y225.94 E412.70998
G0 F9000 X214.729 Y225.94
G1 F1500 X226.609 Y214.06 E413.04526
G0 F9000 X227.175 Y214.06
G1 F1500 X215.294 Y225.94 E413.38055
G0 F9000 X215.86 Y225.94
G1 F1500 X227.741 Y214.06 E413.71585
G0 F9000 X228.306 Y214.06
G1 F1500 X216.426 Y225.94 E414.05113
G0 F9000 X216.991 Y225.94
G1 F1500 X228.872 Y214.06 E414.38642
G0 F9000 X229.438 Y214.06
G1 F1500 X217.557 Y225.94 E414.72171
G0 F9000 X218.123 Y225.94
G1 F1500 X230.003 Y214.06 E415.05699
G0 F9000 X230.569 Y214.06
G1 F1500 X218.688 Y225.94 E415.39229
G0 F9000 X219.254 Y225.94
G1 F1500 X231.135 Y214.06 E415.72758
G0 F9000 X231.701 Y214.06
G1 F1500 X219.82 Y225.94 E416.06287
G0 F9000 X220.385 Y225.94
G1 F1500 X232.266 Y214.06 E416.39817
G0 F9000 X232.832 Y214.06
G1 F1500 X220.951 Y225.94 E416.73346
G0 F9000 X221.517 Y225.94
G1 F1500 X233.398 Y214.06 E417.06875
G0 F9000 X233.963 Y214.06
G1 F1500 X222.082 Y225.94 E417.40405
G0 F9000 X222.648 Y225.94
G1 F1500 X234.529 Y214.06 E417.73934
G0 F9000 X235.095 Y214.06
G1 F1500 X223.214 Y225.94 E418.07463
G0 F9000 X223.779 Y225.94
G1 F1500 X235.66 Y214.06 E418.40993
G0 F9000 X236.226 Y214.06
G1 F1500 X224.345 Y225.94 E418.74522
G0 F9000 X224.911 Y225.94
G1 F1500 X236.792 Y214.06 E419.08051
G0 F9000 X237.357 Y214.06
G1 F1500 X225.477 Y225.94 E419.41579
G0 F9000 X226.042 Y225.94
G1 F1500 X237.923 Y214.06 E419.75109
G0 F9000 X238.489 Y214.06
G1 F1500 X226.608 Y225.94 E420.08638
G0 F9000 X227.174 Y225.94
G1 F1500 X239.054 Y214.06 E420.42166
G0 F9000 X239.62 Y214.06
G1 F1500 X227.739 Y225.94 E420.75695
G0 F9000 X228.305 Y225.94
G1 F1500 X240.186 Y214.06 E421.09224
G0 F9000 X240.751 Y214.06
G1 F1500 X228.871 Y225.94 E421.42752
G0 F9000 X229.436 Y225.94
G1 F1500 X240.94 Y214.436 E421.75219
G0 F9000 X240.94 Y215.002
G1 F1500 X230.002 Y225.94 E422.06089
G0 F9000 X230.568 Y225.94
G1 F1500 X240.94 Y215.568 E422.35361
G0 F9000 X240.94 Y216.134
G1 F1500 X231.133 Y225.94 E422.63037
G0 F9000 X231.699 Y225.94
G1 F1500 X240.94 Y216.699 E422.89117
G0 F9000 X240.94 Y217.265
G1 F1500 X232.265 Y225.94 E423.13599
G0 F9000 X232.83 Y225.94
G1 F1500 X240.94 Y217.831 E423.36486
G0 F9000 X240.94 Y218.396
G1 F1500 X233.396 Y225.94 E423.57777
G0 F9000 X233.962 Y225.94
G1 F1500 X240.94 Y218.962 E423.7747
G0 F9000 X240.94 Y219.528
G1 F1500 X234.528 Y225.94 E423.95566
G0 F9000 X235.093 Y225.94
G1 F1500 X240.94 Y220.093 E424.12068
G0 F9000 X240.94 Y220.659
G1 F1500 X235.659 Y225.94 E424.26972
G0 F9000 X236.225 Y225.94
G1 F1500 X240.94 Y221.225 E424.40279
G0 F9000 X240.94 Y221.79
G1 F1500 X236.79 Y225.94 E424.51991
G0 F9000 X237.356 Y225.94
G1 F1500 X240.94 Y222.356 E424.62106
G0 F9000 X240.94 Y222.922
G1 F1500 X237.922 Y225.94 E424.70623
G0 F9000 X238.487 Y225.94
G1 F1500 X240.94 Y223.487 E424.77546
G0 F9000 X240.94 Y224.053
G1 F1500 X239.053 Y225.94 E424.82872
G0 F9000 X239.619 Y225.94
G1 F1500 X240.94 Y224.619 E424.866
G0 F9000 X240.94 Y225.185
G1 F1500 X240.184 Y225.94 E424.88732
G0 F9000 X240.75 Y225.94
G1 F1500 X240.94 Y225.75 E424.89268
G1 F2700 E419.89268
;MESH:NONMESH
G0 F300 X240.94 Y225.75 Z0.6
G0 F9000 X241.4 Y225.75
G0 X241.328 Y226.328
G0 X177.562 Y226.5
;TIME_ELAPSED:1038.971831
;LAYER:4
;TYPE:WALL-INNER
;MESH:BusConnAssyAid.stl
G1 F2700 E424.89268
G1 F1500 X241.5 Y226.5 E426.16863
G1 X241.5 Y213.5 E426.42806
G1 X118.5 Y213.5 E428.88266
G1 X118.5 Y226.5 E429.14209
G1 X177.562 Y226.5 E430.32074
G0 F9000 X177.412 Y226.9
G1 F1500 X241.9 Y226.9 E431.60766
G1 X241.9 Y213.1 E431.88306
G1 X118.1 Y213.1 E434.35362
G1 X118.1 Y226.9 E434.62902
G1 X177.412 Y226.9 E435.81265
G0 F9000 X177.262 Y227.3
;TYPE:WALL-OUTER
G1 F1500 X242.3 Y227.3 E437.11055
G1 X242.3 Y212.7 E437.40191
G1 X117.7 Y212.7 E439.88844
G1 X117.7 Y227.3 E440.1798
G1 X177.262 Y227.3 E441.36842
G0 F9000 X177.262 Y226.59
G0 X177.697 Y226.4
G0 X177.697 Y226.14
;TYPE:SKIN
G1 F1500 X118.86 Y226.14 E442.54258
G1 X118.86 Y213.86 E442.78764
G1 X241.14 Y213.86 E445.22787
G1 X241.14 Y226.14 E445.47293
G1 X177.697 Y226.14 E446.739
G1 F2700 E441.739
G0 F9000 X177.697 Y226.4
G0 X118.672 Y226.328
G0 X118.6 Y225.409
G0 X119.06 Y225.409
G1 F2700 E446.739
G1 F1500 X119.591 Y225.94 E446.75399
G0 F9000 X120.157 Y225.94
G1 F1500 X119.06 Y224.843 E446.78495
G0 F9000 X119.06 Y224.277
G1 F1500 X120.722 Y225.94 E446.83187
G0 F9000 X121.288 Y225.94
G1 F1500 X119.06 Y223.712 E446.89475
G0 F9000 X119.06 Y223.146
G1 F1500 X121.854 Y225.94 E446.9736
G0 F9000 X122.419 Y225.94
G1 F1500 X119.06 Y222.58 E447.06841
G0 F9000 X119.06 Y222.015
G1 F1500 X122.985 Y225.94 E447.17918
G0 F9000 X123.551 Y225.94
G1 F1500 X119.06 Y221.449 E447.30593
G0 F9000 X119.06 Y220.883
G1 F1500 X124.116 Y225.94 E447.44864
G0 F9000 X124.682 Y225.94
G1 F1500 X119.06 Y220.318 E447.6073
G0 F9000 X119.06 Y219.752
G1 F1500 X125.248 Y225.94 E447.78194
G0 F9000 X125.813 Y225.94
G1 F1500 X119.06 Y219.186 E447.97254
G0 F9000 X119.06 Y218.62
G1 F1500 X126.379 Y225.94 E448.17911
G0 F9000 X126.945 Y225.94
G1 F1500 X119.06 Y218.055 E448.40164
G0 F9000 X119.06 Y217.489
G1 F1500 X127.51 Y225.94 E448.64013
G0 F9000 X128.076 Y225.94
G1 F1500 X119.06 Y216.923 E448.8946
G0 F9000 X119.06 Y216.358
G1 F1500 X128.642 Y225.94 E449.16502
G0 F9000 X129.208 Y225.94
G1 F1500 X119.06 Y215.792 E449.45142
G0 F9000 X119.06 Y215.226
G1 F1500 X129.773 Y225.94 E449.75378
G0 F9000 X130.339 Y225.94
G1 F1500 X119.06 Y214.661 E450.0721
G0 F9000 X119.06 Y214.095
G1 F1500 X130.905 Y225.94 E450.40639
G0 F9000 X131.47 Y225.94
G1 F1500 X119.591 Y214.06 E450.74165
G0 F9000 X120.157 Y214.06
G1 F1500 X132.036 Y225.94 E451.07692
G0 F9000 X132.602 Y225.94
G1 F1500 X120.722 Y214.06 E451.4122
G0 F9000 X121.288 Y214.06
G1 F1500 X133.167 Y225.94 E451.74746
G0 F9000 X133.733 Y225.94
G1 F1500 X121.854 Y214.06 E452.08273
G0 F9000 X122.419 Y214.06
G1 F1500 X134.299 Y225.94 E452.41801
G0 F9000 X134.864 Y225.94
G1 F1500 X122.985 Y214.06 E452.75327
G0 F9000 X123.551 Y214.06
G1 F1500 X135.43 Y225.94 E453.08854
G0 F9000 X135.996 Y225.94
G1 F1500 X124.116 Y214.06 E453.42382
G0 F9000 X124.682 Y214.06
G1 F1500 X136.561 Y225.94 E453.75908
G0 F9000 X137.127 Y225.94
G1 F1500 X125.248 Y214.06 E454.09435
G0 F9000 X125.813 Y214.06
G1 F1500 X137.693 Y225.94 E454.42963
G0 F9000 X138.258 Y225.94
G1 F1500 X126.379 Y214.06 E454.76489
G0 F9000 X126.945 Y214.06
G1 F1500 X138.824 Y225.94 E455.10016
G0 F9000 X139.39 Y225.94
G1 F1500 X127.51 Y214.06 E455.43544
G0 F9000 X128.076 Y214.06
G1 F1500 X139.956 Y225.94 E455.77072
G0 F9000 X140.521 Y225.94
G1 F1500 X128.642 Y214.06 E456.10598
G0 F9000 X129.208 Y214.06
G1 F1500 X141.087 Y225.94 E456.44125
G0 F9000 X141.653 Y225.94
G1 F1500 X129.773 Y214.06 E456.77653
G0 F9000 X130.339 Y214.06
G1 F1500 X142.218 Y225.94 E457.11179
G0 F9000 X142.784 Y225.94
G1 F1500 X130.905 Y214.06 E457.44706
G0 F9000 X131.47 Y214.06
G1 F1500 X143.35 Y225.94 E457.78234
G0 F9000 X143.915 Y225.94
G1 F1500 X132.036 Y214.06 E458.1176
G0 F9000 X132.602 Y214.06
G1 F1500 X144.481 Y225.94 E458.45287
G0 F9000 X145.047 Y225.94
G1 F1500 X133.167 Y214.06 E458.78814
G0 F9000 X133.733 Y214.06
G1 F1500 X145.612 Y225.94 E459.12341
G0 F9000 X146.178 Y225.94
G1 F1500 X134.299 Y214.06 E459.45868
G0 F9000 X134.864 Y214.06
G1 F1500 X146.744 Y225.94 E459.79395
G0 F9000 X147.309 Y225.94
G1 F1500 X135.43 Y214.06 E460.12922
G0 F9000 X135.996 Y214.06
G1 F1500 X147.875 Y225.94 E460.46448
G0 F9000 X148.441 Y225.94
G1 F1500 X136.561 Y214.06 E460.79976
G0 F9000 X137.127 Y214.06
G1 F1500 X149.006 Y225.94 E461.13503
G0 F9000 X149.572 Y225.94
G1 F1500 X137.693 Y214.06 E461.47029
G0 F9000 X138.258 Y214.06
G1 F1500 X150.138 Y225.94 E461.80557
G0 F9000 X150.704 Y225.94
G1 F1500 X138.824 Y214.06 E462.14085
G0 F9000 X139.39 Y214.06
G1 F1500 X151.269 Y225.94 E462.47612
G0 F9000 X151.835 Y225.94
G1 F1500 X139.956 Y214.06 E462.81138
G0 F9000 X140.521 Y214.06
G1 F1500 X152.401 Y225.94 E463.14666
G0 F9000 X152.966 Y225.94
G1 F1500 X141.087 Y214.06 E463.48193
G0 F9000 X141.653 Y214.06
G1 F1500 X153.532 Y225.94 E463.81719
G0 F9000 X154.098 Y225.94
G1 F1500 X142.218 Y214.06 E464.15247
G0 F9000 X142.784 Y214.06
G1 F1500 X154.663 Y225.94 E464.48774
G0 F9000 X155.229 Y225.94
G1 F1500 X143.35 Y214.06 E464.823
G0 F9000 X143.915 Y214.06
G1 F1500 X155.795 Y225.94 E465.15828
G0 F9000 X156.36 Y225.94
G1 F1500 X144.481 Y214.06 E465.49355
G0 F9000 X145.047 Y214.06
G1 F1500 X156.926 Y225.94 E465.82881
G0 F9000 X157.492 Y225.94
G1 F1500 X145.612 Y214.06 E466.16409
G0 F9000 X146.178 Y214.06
G1 F1500 X158.057 Y225.94 E466.49936
G0 F9000 X158.623 Y225.94
G1 F1500 X146.744 Y214.06 E466.83462
G0 F9000 X147.309 Y214.06
G1 F1500 X159.189 Y225.94 E467.1699
G0 F9000 X159.755 Y225.94
G1 F1500 X147.875 Y214.06 E467.50518
G0 F9000 X148.441 Y214.06
G1 F1500 X160.32 Y225.94 E467.84045
G0 F9000 X160.886 Y225.94
G1 F1500 X149.006 Y214.06 E468.17572
G0 F9000 X149.572 Y214.06
G1 F1500 X161.452 Y225.94 E468.511
G0 F9000 X162.017 Y225.94
G1 F1500 X150.138 Y214.06 E468.84627
G0 F9000 X150.704 Y214.06
G1 F1500 X162.583 Y225.94 E469.18153
G0 F9000 X163.149 Y225.94
G1 F1500 X151.269 Y214.06 E469.51681
G0 F9000 X151.835 Y214.06
G1 F1500 X163.714 Y225.94 E469.85208
G0 F9000 X164.28 Y225.94
G1 F1500 X152.401 Y214.06 E470.18734
G0 F9000 X152.966 Y214.06
G1 F1500 X164.846 Y225.94 E470.52262
G0 F9000 X165.411 Y225.94
G1 F1500 X153.532 Y214.06 E470.85789
G0 F9000 X154.098 Y214.06
G1 F1500 X165.977 Y225.94 E471.19315
G0 F9000 X166.543 Y225.94
G1 F1500 X154.663 Y214.06 E471.52843
G0 F9000 X155.229 Y214.06
G1 F1500 X167.108 Y225.94 E471.8637
G0 F9000 X167.674 Y225.94
G1 F1500 X155.795 Y214.06 E472.19896
G0 F9000 X156.36 Y214.06
G1 F1500 X168.24 Y225.94 E472.53424
G0 F9000 X168.805 Y225.94
G1 F1500 X156.926 Y214.06 E472.86951
G0 F9000 X157.492 Y214.06
G1 F1500 X169.371 Y225.94 E473.20477
G0 F9000 X169.937 Y225.94
G1 F1500 X158.057 Y214.06 E473.54005
G0 F9000 X158.623 Y214.06
G1 F1500 X170.503 Y225.94 E473.87533
G0 F9000 X171.068 Y225.94
G1 F1500 X159.189 Y214.06 E474.2106
G0 F9000 X159.755 Y214.06
G1 F1500 X171.634 Y225.94 E474.54586
G0 F9000 X172.2 Y225.94
G1 F1500 X160.32 Y214.06 E474.88114
G0 F9000 X160.886 Y214.06
G1 F1500 X172.765 Y225.94 E475.21641
G0 F9000 X173.331 Y225.94
G1 F1500 X161.452 Y214.06 E475.55167
G0 F9000 X162.017 Y214.06
G1 F1500 X173.897 Y225.94 E475.88695
G0 F9000 X174.462 Y225.94
G1 F1500 X162.583 Y214.06 E476.22222
G0 F9000 X163.149 Y214.06
G1 F1500 X175.028 Y225.94 E476.55748
G0 F9000 X175.594 Y225.94
G1 F1500 X163.714 Y214.06 E476.89276
G0 F9000 X164.28 Y214.06
G1 F1500 X176.159 Y225.94 E477.22802
G0 F9000 X176.725 Y225.94
G1 F1500 X164.846 Y214.06 E477.56329
G0 F9000 X165.411 Y214.06
G1 F1500 X177.291 Y225.94 E477.89857
G0 F9000 X177.856 Y225.94
G1 F1500 X165.977 Y214.06 E478.23383
G0 F9000 X166.543 Y214.06
G1 F1500 X178.422 Y225.94 E478.5691
G0 F9000 X178.988 Y225.94
G1 F1500 X167.108 Y214.06 E478.90438
G0 F9000 X167.674 Y214.06
G1 F1500 X179.554 Y225.94 E479.23966
G0 F9000 X180.119 Y225.94
G1 F1500 X168.24 Y214.06 E479.57492
G0 F9000 X168.805 Y214.06
G1 F1500 X180.685 Y225.94 E479.9102
G0 F9000 X181.251 Y225.94
G1 F1500 X169.371 Y214.06 E480.24548
G0 F9000 X169.937 Y214.06
G1 F1500 X181.816 Y225.94 E480.58075
G0 F9000 X182.382 Y225.94
G1 F1500 X170.503 Y214.06 E480.91601
G0 F9000 X171.068 Y214.06
G1 F1500 X182.948 Y225.94 E481.25129
G0 F9000 X183.513 Y225.94
G1 F1500 X171.634 Y214.06 E481.58656
G0 F9000 X172.2 Y214.06
G1 F1500 X184.079 Y225.94 E481.92182
G0 F9000 X184.645 Y225.94
G1 F1500 X172.765 Y214.06 E482.2571
G0 F9000 X173.331 Y214.06
G1 F1500 X185.21 Y225.94 E482.59237
G0 F9000 X185.776 Y225.94
G1 F1500 X173.897 Y214.06 E482.92763
G0 F9000 X174.462 Y214.06
G1 F1500 X186.342 Y225.94 E483.26291
G0 F9000 X186.907 Y225.94
G1 F1500 X175.028 Y214.06 E483.59818
G0 F9000 X175.594 Y214.06
G1 F1500 X187.473 Y225.94 E483.93344
G0 F9000 X188.039 Y225.94
G1 F1500 X176.159 Y214.06 E484.26872
G0 F9000 X176.725 Y214.06
G1 F1500 X188.604 Y225.94 E484.60399
G0 F9000 X189.17 Y225.94
G1 F1500 X177.291 Y214.06 E484.93925
G0 F9000 X177.856 Y214.06
G1 F1500 X189.736 Y225.94 E485.27453
G0 F9000 X190.302 Y225.94
G1 F1500 X178.422 Y214.06 E485.60981
G0 F9000 X178.988 Y214.06
G1 F1500 X190.867 Y225.94 E485.94507
G0 F9000 X191.433 Y225.94
G1 F1500 X179.554 Y214.06 E486.28034
G0 F9000 X180.119 Y214.06
G1 F1500 X191.999 Y225.94 E486.61562
G0 F9000 X192.564 Y225.94
G1 F1500 X180.685 Y214.06 E486.95088
G0 F9000 X181.251 Y214.06
G1 F1500 X193.13 Y225.94 E487.28615
G0 F9000 X193.696 Y225.94
G1 F1500 X181.816 Y214.06 E487.62143
G0 F9000 X182.382 Y214.06
G1 F1500 X194.261 Y225.94 E487.95669
G0 F9000 X194.827 Y225.94
G1 F1500 X182.948 Y214.06 E488.29196
G0 F9000 X183.513 Y214.06
G1 F1500 X195.393 Y225.94 E488.62724
G0 F9000 X195.958 Y225.94
G1 F1500 X184.079 Y214.06 E488.9625
G0 F9000 X184.645 Y214.06
G1 F1500 X196.524 Y225.94 E489.29777
G0 F9000 X197.09 Y225.94
G1 F1500 X185.21 Y214.06 E489.63305
G0 F9000 X185.776 Y214.06
G1 F1500 X197.655 Y225.94 E489.96831
G0 F9000 X198.221 Y225.94
G1 F1500 X186.342 Y214.06 E490.30358
G0 F9000 X186.907 Y214.06
G1 F1500 X198.787 Y225.94 E490.63886
G0 F9000 X199.352 Y225.94
G1 F1500 X187.473 Y214.06 E490.97412
G0 F9000 X188.039 Y214.06
G1 F1500 X199.918 Y225.94 E491.30939
G0 F9000 X200.484 Y225.94
G1 F1500 X188.604 Y214.06 E491.64467
G0 F9000 X189.17 Y214.06
G1 F1500 X201.05 Y225.94 E491.97995
G0 F9000 X201.615 Y225.94
G1 F1500 X189.736 Y214.06 E492.31521
G0 F9000 X190.302 Y214.06
G1 F1500 X202.181 Y225.94 E492.65048
G0 F9000 X202.747 Y225.94
G1 F1500 X190.867 Y214.06 E492.98576
G0 F9000 X191.433 Y214.06
G1 F1500 X203.312 Y225.94 E493.32102
G0 F9000 X203.878 Y225.94
G1 F1500 X191.999 Y214.06 E493.65629
G0 F9000 X192.564 Y214.06
G1 F1500 X204.444 Y225.94 E493.99156
G0 F9000 X205.009 Y225.94
G1 F1500 X193.13 Y214.06 E494.32683
G0 F9000 X193.696 Y214.06
G1 F1500 X205.575 Y225.94 E494.6621
G0 F9000 X206.141 Y225.94
G1 F1500 X194.261 Y214.06 E494.99737
G0 F9000 X194.827 Y214.06
G1 F1500 X206.706 Y225.94 E495.33264
G0 F9000 X207.272 Y225.94
G1 F1500 X195.393 Y214.06 E495.6679
G0 F9000 X195.958 Y214.06
G1 F1500 X207.838 Y225.94 E496.00318
G0 F9000 X208.403 Y225.94
G1 F1500 X196.524 Y214.06 E496.33845
G0 F9000 X197.09 Y214.06
G1 F1500 X208.969 Y225.94 E496.67371
G0 F9000 X209.535 Y225.94
G1 F1500 X197.655 Y214.06 E497.00899
G0 F9000 X198.221 Y214.06
G1 F1500 X210.101 Y225.94 E497.34427
G0 F9000 X210.666 Y225.94
G1 F1500 X198.787 Y214.06 E497.67954
G0 F9000 X199.352 Y214.06
G1 F1500 X211.232 Y225.94 E498.01482
G0 F9000 X211.798 Y225.94
G1 F1500 X199.918 Y214.06 E498.3501
G0 F9000 X200.484 Y214.06
G1 F1500 X212.363 Y225.94 E498.68536
G0 F9000 X212.929 Y225.94
G1 F1500 X201.05 Y214.06 E499.02063
G0 F9000 X201.615 Y214.06
G1 F1500 X213.495 Y225.94 E499.35591
G0 F9000 X214.06 Y225.94
G1 F1500 X202.181 Y214.06 E499.69117
G0 F9000 X202.747 Y214.06
G1 F1500 X214.626 Y225.94 E500.02644
G0 F9000 X215.192 Y225.94
G1 F1500 X203.312 Y214.06 E500.36172
G0 F9000 X203.878 Y214.06
G1 F1500 X215.757 Y225.94 E500.69698
G0 F9000 X216.323 Y225.94
G1 F1500 X204.444 Y214.06 E501.03225
G0 F9000 X205.009 Y214.06
G1 F1500 X216.889 Y225.94 E501.36753
G0 F9000 X217.454 Y225.94
G1 F1500 X205.575 Y214.06 E501.70279
G0 F9000 X206.141 Y214.06
G1 F1500 X218.02 Y225.94 E502.03806
G0 F9000 X218.586 Y225.94
G1 F1500 X206.706 Y214.06 E502.37333
G0 F9000 X207.272 Y214.06
G1 F1500 X219.151 Y225.94 E502.7086
G0 F9000 X219.717 Y225.94
G1 F1500 X207.838 Y214.06 E503.04387
G0 F9000 X208.403 Y214.06
G1 F1500 X220.283 Y225.94 E503.37914
G0 F9000 X220.849 Y225.94
G1 F1500 X208.969 Y214.06 E503.71442
G0 F9000 X209.535 Y214.06
G1 F1500 X221.414 Y225.94 E504.04969
G0 F9000 X221.98 Y225.94
G1 F1500 X210.101 Y214.06 E504.38495
G0 F9000 X210.666 Y214.06
G1 F1500 X222.546 Y225.94 E504.72023
G0 F9000 X223.111 Y225.94
G1 F1500 X211.232 Y214.06 E505.0555
G0 F9000 X211.798 Y214.06
G1 F1500 X223.677 Y225.94 E505.39076
G0 F9000 X224.243 Y225.94
G1 F1500 X212.363 Y214.06 E505.72604
G0 F9000 X212.929 Y214.06
G1 F1500 X224.808 Y225.94 E506.06131
G0 F9000 X225.374 Y225.94
G1 F1500 X213.495 Y214.06 E506.39657
G0 F9000 X214.06 Y214.06
G1 F1500 X225.94 Y225.94 E506.73185
G0 F9000 X226.505 Y225.94
G1 F1500 X214.626 Y214.06 E507.06712
G0 F9000 X215.192 Y214.06
G1 F1500 X227.071 Y225.94 E507.40238
G0 F9000 X227.637 Y225.94
G1 F1500 X215.757 Y214.06 E507.73766
G0 F9000 X216.323 Y214.06
G1 F1500 X228.202 Y225.94 E508.07293
G0 F9000 X228.768 Y225.94
G1 F1500 X216.889 Y214.06 E508.40819
G0 F9000 X217.454 Y214.06
G1 F1500 X229.334 Y225.94 E508.74347
G0 F9000 X229.9 Y225.94
G1 F1500 X218.02 Y214.06 E509.07875
G0 F9000 X218.586 Y214.06
G1 F1500 X230.465 Y225.94 E509.41402
G0 F9000 X231.031 Y225.94
G1 F1500 X219.151 Y214.06 E509.7493
G0 F9000 X219.717 Y214.06
G1 F1500 X231.597 Y225.94 E510.08457
G0 F9000 X232.162 Y225.94
G1 F1500 X220.283 Y214.06 E510.41984
G0 F9000 X220.849 Y214.06
G1 F1500 X232.728 Y225.94 E510.7551
G0 F9000 X233.294 Y225.94
G1 F1500 X221.414 Y214.06 E511.09038
G0 F9000 X221.98 Y214.06
G1 F1500 X233.859 Y225.94 E511.42565
G0 F9000 X234.425 Y225.94
G1 F1500 X222.546 Y214.06 E511.76091
G0 F9000 X223.111 Y214.06
G1 F1500 X234.991 Y225.94 E512.09619
G0 F9000 X235.556 Y225.94
G1 F1500 X223.677 Y214.06 E512.43146
G0 F9000 X224.243 Y214.06
G1 F1500 X236.122 Y225.94 E512.76672
G0 F9000 X236.688 Y225.94
G1 F1500 X224.808 Y214.06 E513.102
G0 F9000 X225.374 Y214.06
G1 F1500 X237.253 Y225.94 E513.43727
G0 F9000 X237.819 Y225.94
G1 F1500 X225.94 Y214.06 E513.77253
G0 F9000 X226.505 Y214.06
G1 F1500 X238.385 Y225.94 E514.10781
G0 F9000 X238.95 Y225.94
G1 F1500 X227.071 Y214.06 E514.44308
G0 F9000 X227.637 Y214.06
G1 F1500 X239.516 Y225.94 E514.77834
G0 F9000 X240.082 Y225.94
G1 F1500 X228.202 Y214.06 E515.11362
G0 F9000 X228.768 Y214.06
G1 F1500 X240.648 Y225.94 E515.4489
G0 F9000 X240.94 Y225.667
G1 F1500 X229.334 Y214.06 E515.77646
G0 F9000 X229.9 Y214.06
G1 F1500 X240.94 Y225.101 E516.08805
G0 F9000 X240.94 Y224.535
G1 F1500 X230.465 Y214.06 E516.38368
G0 F9000 X231.031 Y214.06
G1 F1500 X240.94 Y223.97 E516.66334
G0 F9000 X240.94 Y223.404
G1 F1500 X231.597 Y214.06 E516.92704
G0 F9000 X232.162 Y214.06
G1 F1500 X240.94 Y222.838 E517.17477
G0 F9000 X240.94 Y222.273
G1 F1500 X232.728 Y214.06 E517.40655
G0 F9000 X233.294 Y214.06
G1 F1500 X240.94 Y221.707 E517.62235
G0 F9000 X240.94 Y221.141
G1 F1500 X233.859 Y214.06 E517.82219
G0 F9000 X234.425 Y214.06
G1 F1500 X240.94 Y220.576 E518.00607
G0 F9000 X240.94 Y220.01
G1 F1500 X234.991 Y214.06 E518.17398
G0 F9000 X235.556 Y214.06
G1 F1500 X240.94 Y219.444 E518.32593
G0 F9000 X240.94 Y218.879
G1 F1500 X236.122 Y214.06 E518.46191
G0 F9000 X236.688 Y214.06
G1 F1500 X240.94 Y218.313 E518.58193
G0 F9000 X240.94 Y217.747
G1 F1500 X237.253 Y214.06 E518.68598
G0 F9000 X237.819 Y214.06
G1 F1500 X240.94 Y217.181 E518.77406
G0 F9000 X240.94 Y216.616
G1 F1500 X238.385 Y214.06 E518.84619
G0 F9000 X238.95 Y214.06
G1 F1500 X240.94 Y216.05 E518.90235
G0 F9000 X240.94 Y215.484
G1 F1500 X239.516 Y214.06 E518.94254
G0 F9000 X240.082 Y214.06
G1 F1500 X240.94 Y214.919 E518.96677
G0 F9000 X240.94 Y214.353
G1 F1500 X240.648 Y214.06 E518.97502
G1 F2700 E513.97502
;MESH:NONMESH
G0 F300 X240.648 Y214.06 Z0.72
G0 F9000 X240.648 Y213.6
G0 X241.328 Y213.672
G0 X241.328 Y226.328
G0 X177.562 Y226.5
;TIME_ELAPSED:1249.908231
;LAYER:5
;TYPE:WALL-INNER
;MESH:BusConnAssyAid.stl
G1 F2700 E518.97502
G1 F1500 X241.5 Y226.5 E520.25097
G1 X241.5 Y213.5 E520.5104
G1 X118.5 Y213.5 E522.965
G1 X118.5 Y226.5 E523.22443
G1 X177.562 Y226.5 E524.40307
G0 F9000 X177.412 Y226.9
G1 F1500 X241.9 Y226.9 E525.69
G1 X241.9 Y213.1 E525.9654
G1 X118.1 Y213.1 E528.43596
G1 X118.1 Y226.9 E528.71135
G1 X177.412 Y226.9 E529.89499
G0 F9000 X177.262 Y227.3
;TYPE:WALL-OUTER
G1 F1500 X242.3 Y227.3 E531.19289
G1 X242.3 Y212.7 E531.48425
G1 X117.7 Y212.7 E533.97078
G1 X117.7 Y227.3 E534.26214
G1 X177.262 Y227.3 E535.45076
G0 F9000 X177.262 Y226.59
G0 X177.697 Y226.4
G0 X177.697 Y226.14
;TYPE:SKIN
G1 F1500 X118.86 Y226.14 E536.62492
G1 X118.86 Y213.86 E536.86998
G1 X241.14 Y213.86 E539.31021
G1 X241.14 Y226.14 E539.55527
G1 X177.697 Y226.14 E540.82134
G1 F2700 E535.82134
G0 F9000 X177.697 Y226.4
G0 X118.672 Y226.328
G0 X118.6 Y214.129
G0 X119.06 Y214.129
G1 F2700 E540.82134
G1 F1500 X119.129 Y214.06 E540.82329
G0 F9000 X119.695 Y214.06
G1 F1500 X119.06 Y214.695 E540.84121
G0 F9000 X119.06 Y215.26
G1 F1500 X120.26 Y214.06 E540.87508
G0 F9000 X120.826 Y214.06
G1 F1500 X119.06 Y215.826 E540.92492
G0 F9000 X119.06 Y216.392
G1 F1500 X121.392 Y214.06 E540.99073
G0 F9000 X121.958 Y214.06
G1 F1500 X119.06 Y216.957 E541.0725
G0 F9000 X119.06 Y217.523
G1 F1500 X122.523 Y214.06 E541.17024
G0 F9000 X123.089 Y214.06
G1 F1500 X119.06 Y218.089 E541.28395
G0 F9000 X119.06 Y218.654
G1 F1500 X123.655 Y214.06 E541.41361
G0 F9000 X124.22 Y214.06
G1 F1500 X119.06 Y219.22 E541.55924
G0 F9000 X119.06 Y219.786
G1 F1500 X124.786 Y214.06 E541.72084
G0 F9000 X125.352 Y214.06
G1 F1500 X119.06 Y220.351 E541.8984
G0 F9000 X119.06 Y220.917
G1 F1500 X125.917 Y214.06 E542.09192
G0 F9000 X126.483 Y214.06
G1 F1500 X119.06 Y221.483 E542.30141
G0 F9000 X119.06 Y222.048
G1 F1500 X127.049 Y214.06 E542.52686
G0 F9000 X127.614 Y214.06
G1 F1500 X119.06 Y222.614 E542.76828
G0 F9000 X119.06 Y223.18
G1 F1500 X128.18 Y214.06 E543.02566
G0 F9000 X128.746 Y214.06
G1 F1500 X119.06 Y223.746 E543.29902
G0 F9000 X119.06 Y224.311
G1 F1500 X129.311 Y214.06 E543.58833
G0 F9000 X129.877 Y214.06
G1 F1500 X119.06 Y224.877 E543.89361
G0 F9000 X119.06 Y225.443
G1 F1500 X130.443 Y214.06 E544.21486
G0 F9000 X131.009 Y214.06
G1 F1500 X119.128 Y225.94 E544.55015
G0 F9000 X119.693 Y225.94
G1 F1500 X131.574 Y214.06 E544.88545
G0 F9000 X132.14 Y214.06
G1 F1500 X120.259 Y225.94 E545.22074
G0 F9000 X120.825 Y225.94
G1 F1500 X132.706 Y214.06 E545.55603
G0 F9000 X133.271 Y214.06
G1 F1500 X121.39 Y225.94 E545.89133
G0 F9000 X121.956 Y225.94
G1 F1500 X133.837 Y214.06 E546.22662
G0 F9000 X134.403 Y214.06
G1 F1500 X122.522 Y225.94 E546.56191
G0 F9000 X123.087 Y225.94
G1 F1500 X134.968 Y214.06 E546.89721
G0 F9000 X135.534 Y214.06
G1 F1500 X123.653 Y225.94 E547.2325
G0 F9000 X124.219 Y225.94
G1 F1500 X136.1 Y214.06 E547.56779
G0 F9000 X136.665 Y214.06
G1 F1500 X124.785 Y225.94 E547.90307
G0 F9000 X125.35 Y225.94
G1 F1500 X137.231 Y214.06 E548.23837
G0 F9000 X137.797 Y214.06
G1 F1500 X125.916 Y225.94 E548.57366
G0 F9000 X126.482 Y225.94
G1 F1500 X138.362 Y214.06 E548.90894
G0 F9000 X138.928 Y214.06
G1 F1500 X127.047 Y225.94 E549.24423
G0 F9000 X127.613 Y225.94
G1 F1500 X139.494 Y214.06 E549.57952
G0 F9000 X140.059 Y214.06
G1 F1500 X128.179 Y225.94 E549.9148
G0 F9000 X128.744 Y225.94
G1 F1500 X140.625 Y214.06 E550.2501
G0 F9000 X141.191 Y214.06
G1 F1500 X129.31 Y225.94 E550.58539
G0 F9000 X129.876 Y225.94
G1 F1500 X141.757 Y214.06 E550.92068
G0 F9000 X142.322 Y214.06
G1 F1500 X130.441 Y225.94 E551.25598
G0 F9000 X131.007 Y225.94
G1 F1500 X142.888 Y214.06 E551.59127
G0 F9000 X143.454 Y214.06
G1 F1500 X131.573 Y225.94 E551.92656
G0 F9000 X132.138 Y225.94
G1 F1500 X144.019 Y214.06 E552.26186
G0 F9000 X144.585 Y214.06
G1 F1500 X132.704 Y225.94 E552.59715
G0 F9000 X133.27 Y225.94
G1 F1500 X145.151 Y214.06 E552.93244
G0 F9000 X145.716 Y214.06
G1 F1500 X133.836 Y225.94 E553.26772
G0 F9000 X134.401 Y225.94
G1 F1500 X146.282 Y214.06 E553.60302
G0 F9000 X146.848 Y214.06
G1 F1500 X134.967 Y225.94 E553.93831
G0 F9000 X135.533 Y225.94
G1 F1500 X147.413 Y214.06 E554.27359
G0 F9000 X147.979 Y214.06
G1 F1500 X136.098 Y225.94 E554.60888
G0 F9000 X136.664 Y225.94
G1 F1500 X148.545 Y214.06 E554.94418
G0 F9000 X149.11 Y214.06
G1 F1500 X137.23 Y225.94 E555.27946
G0 F9000 X137.795 Y225.94
G1 F1500 X149.676 Y214.06 E555.61475
G0 F9000 X150.242 Y214.06
G1 F1500 X138.361 Y225.94 E555.95004
G0 F9000 X138.927 Y225.94
G1 F1500 X150.807 Y214.06 E556.28532
G0 F9000 X151.373 Y214.06
G1 F1500 X139.492 Y225.94 E556.62062
G0 F9000 X140.058 Y225.94
G1 F1500 X151.939 Y214.06 E556.95591
G0 F9000 X152.505 Y214.06
G1 F1500 X140.624 Y225.94 E557.2912
G0 F9000 X141.189 Y225.94
G1 F1500 X153.07 Y214.06 E557.6265
G0 F9000 X153.636 Y214.06
G1 F1500 X141.755 Y225.94 E557.96179
G0 F9000 X142.321 Y225.94
G1 F1500 X154.202 Y214.06 E558.29708
G0 F9000 X154.767 Y214.06
G1 F1500 X142.886 Y225.94 E558.63238
G0 F9000 X143.452 Y225.94
G1 F1500 X155.333 Y214.06 E558.96767
G0 F9000 X155.899 Y214.06
G1 F1500 X144.018 Y225.94 E559.30296
G0 F9000 X144.584 Y225.94
G1 F1500 X156.464 Y214.06 E559.63824
G0 F9000 X157.03 Y214.06
G1 F1500 X145.149 Y225.94 E559.97353
G0 F9000 X145.715 Y225.94
G1 F1500 X157.596 Y214.06 E560.30883
G0 F9000 X158.161 Y214.06
G1 F1500 X146.281 Y225.94 E560.64411
G0 F9000 X146.846 Y225.94
G1 F1500 X158.727 Y214.06 E560.9794
G0 F9000 X159.293 Y214.06
G1 F1500 X147.412 Y225.94 E561.31469
G0 F9000 X147.978 Y225.94
G1 F1500 X159.858 Y214.06 E561.64997
G0 F9000 X160.424 Y214.06
G1 F1500 X148.543 Y225.94 E561.98527
G0 F9000 X149.109 Y225.94
G1 F1500 X160.99 Y214.06 E562.32056
G0 F9000 X161.556 Y214.06
G1 F1500 X149.675 Y225.94 E562.65585
G0 F9000 X150.24 Y225.94
G1 F1500 X162.121 Y214.06 E562.99115
G0 F9000 X162.687 Y214.06
G1 F1500 X150.806 Y225.94 E563.32644
G0 F9000 X151.372 Y225.94
G1 F1500 X163.253 Y214.06 E563.66173
G0 F9000 X163.818 Y214.06
G1 F1500 X151.937 Y225.94 E563.99703
G0 F9000 X152.503 Y225.94
G1 F1500 X164.384 Y214.06 E564.33232
G0 F9000 X164.95 Y214.06
G1 F1500 X153.069 Y225.94 E564.66761
G0 F9000 X153.635 Y225.94
G1 F1500 X165.515 Y214.06 E565.00289
G0 F9000 X166.081 Y214.06
G1 F1500 X154.2 Y225.94 E565.33819
G0 F9000 X154.766 Y225.94
G1 F1500 X166.647 Y214.06 E565.67348
G0 F9000 X167.212 Y214.06
G1 F1500 X155.332 Y225.94 E566.00876
G0 F9000 X155.897 Y225.94
G1 F1500 X167.778 Y214.06 E566.34405
G0 F9000 X168.344 Y214.06
G1 F1500 X156.463 Y225.94 E566.67935
G0 F9000 X157.029 Y225.94
G1 F1500 X168.909 Y214.06 E567.01463
G0 F9000 X169.475 Y214.06
G1 F1500 X157.594 Y225.94 E567.34992
G0 F9000 X158.16 Y225.94
G1 F1500 X170.041 Y214.06 E567.68521
G0 F9000 X170.606 Y214.06
G1 F1500 X158.726 Y225.94 E568.02049
G0 F9000 X159.291 Y225.94
G1 F1500 X171.172 Y214.06 E568.35578
G0 F9000 X171.738 Y214.06
G1 F1500 X159.857 Y225.94 E568.69108
G0 F9000 X160.423 Y225.94
G1 F1500 X172.304 Y214.06 E569.02637
G0 F9000 X172.869 Y214.06
G1 F1500 X160.988 Y225.94 E569.36166
G0 F9000 X161.554 Y225.94
G1 F1500 X173.435 Y214.06 E569.69696
G0 F9000 X174.001 Y214.06
G1 F1500 X162.12 Y225.94 E570.03225
G0 F9000 X162.685 Y225.94
G1 F1500 X174.566 Y214.06 E570.36754
G0 F9000 X175.132 Y214.06
G1 F1500 X163.251 Y225.94 E570.70284
G0 F9000 X163.817 Y225.94
G1 F1500 X175.698 Y214.06 E571.03813
G0 F9000 X176.263 Y214.06
G1 F1500 X164.383 Y225.94 E571.37341
G0 F9000 X164.948 Y225.94
G1 F1500 X176.829 Y214.06 E571.7087
G0 F9000 X177.395 Y214.06
G1 F1500 X165.514 Y225.94 E572.044
G0 F9000 X166.08 Y225.94
G1 F1500 X177.96 Y214.06 E572.37928
G0 F9000 X178.526 Y214.06
G1 F1500 X166.645 Y225.94 E572.71457
G0 F9000 X167.211 Y225.94
G1 F1500 X179.092 Y214.06 E573.04986
G0 F9000 X179.657 Y214.06
G1 F1500 X167.777 Y225.94 E573.38514
G0 F9000 X168.342 Y225.94
G1 F1500 X180.223 Y214.06 E573.72044
G0 F9000 X180.789 Y214.06
G1 F1500 X168.908 Y225.94 E574.05573
G0 F9000 X169.474 Y225.94
G1 F1500 X181.355 Y214.06 E574.39102
G0 F9000 X181.92 Y214.06
G1 F1500 X170.039 Y225.94 E574.72632
G0 F9000 X170.605 Y225.94
G1 F1500 X182.486 Y214.06 E575.06161
G0 F9000 X183.052 Y214.06
G1 F1500 X171.171 Y225.94 E575.3969
G0 F9000 X171.736 Y225.94
G1 F1500 X183.617 Y214.06 E575.7322
G0 F9000 X184.183 Y214.06
G1 F1500 X172.302 Y225.94 E576.06749
G0 F9000 X172.868 Y225.94
G1 F1500 X184.749 Y214.06 E576.40278
G0 F9000 X185.314 Y214.06
G1 F1500 X173.433 Y225.94 E576.73808
G0 F9000 X173.999 Y225.94
G1 F1500 X185.88 Y214.06 E577.07337
G0 F9000 X186.446 Y214.06
G1 F1500 X174.565 Y225.94 E577.40866
G0 F9000 X175.131 Y225.94
G1 F1500 X187.011 Y214.06 E577.74394
G0 F9000 X187.577 Y214.06
G1 F1500 X175.696 Y225.94 E578.07924
G0 F9000 X176.262 Y225.94
G1 F1500 X188.143 Y214.06 E578.41453
G0 F9000 X188.708 Y214.06
G1 F1500 X176.828 Y225.94 E578.74981
G0 F9000 X177.393 Y225.94
G1 F1500 X189.274 Y214.06 E579.0851
G0 F9000 X189.84 Y214.06
G1 F1500 X177.959 Y225.94 E579.4204
G0 F9000 X178.525 Y225.94
G1 F1500 X190.405 Y214.06 E579.75567
G0 F9000 X190.971 Y214.06
G1 F1500 X179.09 Y225.94 E580.09097
G0 F9000 X179.656 Y225.94
G1 F1500 X191.537 Y214.06 E580.42626
G0 F9000 X192.103 Y214.06
G1 F1500 X180.222 Y225.94 E580.76155
G0 F9000 X180.787 Y225.94
G1 F1500 X192.668 Y214.06 E581.09685
G0 F9000 X193.234 Y214.06
G1 F1500 X181.353 Y225.94 E581.43214
G0 F9000 X181.919 Y225.94
G1 F1500 X193.8 Y214.06 E581.76743
G0 F9000 X194.365 Y214.06
G1 F1500 X182.484 Y225.94 E582.10273
G0 F9000 X183.05 Y225.94
G1 F1500 X194.931 Y214.06 E582.43802
G0 F9000 X195.497 Y214.06
G1 F1500 X183.616 Y225.94 E582.77332
G0 F9000 X184.182 Y225.94
G1 F1500 X196.062 Y214.06 E583.10859
G0 F9000 X196.628 Y214.06
G1 F1500 X184.747 Y225.94 E583.44389
G0 F9000 X185.313 Y225.94
G1 F1500 X197.194 Y214.06 E583.77918
G0 F9000 X197.759 Y214.06
G1 F1500 X185.879 Y225.94 E584.11446
G0 F9000 X186.444 Y225.94
G1 F1500 X198.325 Y214.06 E584.44975
G0 F9000 X198.891 Y214.06
G1 F1500 X187.01 Y225.94 E584.78505
G0 F9000 X187.576 Y225.94
G1 F1500 X199.456 Y214.06 E585.12033
G0 F9000 X200.022 Y214.06
G1 F1500 X188.141 Y225.94 E585.45562
G0 F9000 X188.707 Y225.94
G1 F1500 X200.588 Y214.06 E585.79091
G0 F9000 X201.153 Y214.06
G1 F1500 X189.273 Y225.94 E586.12619
G0 F9000 X189.838 Y225.94
G1 F1500 X201.719 Y214.06 E586.46149
G0 F9000 X202.285 Y214.06
G1 F1500 X190.404 Y225.94 E586.79678
G0 F9000 X190.97 Y225.94
G1 F1500 X202.851 Y214.06 E587.13207
G0 F9000 X203.416 Y214.06
G1 F1500 X191.535 Y225.94 E587.46737
G0 F9000 X192.101 Y225.94
G1 F1500 X203.982 Y214.06 E587.80266
G0 F9000 X204.548 Y214.06
G1 F1500 X192.667 Y225.94 E588.13795
G0 F9000 X193.232 Y225.94
G1 F1500 X205.113 Y214.06 E588.47325
G0 F9000 X205.679 Y214.06
G1 F1500 X193.798 Y225.94 E588.80854
G0 F9000 X194.364 Y225.94
G1 F1500 X206.245 Y214.06 E589.14383
G0 F9000 X206.81 Y214.06
G1 F1500 X194.93 Y225.94 E589.47911
G0 F9000 X195.495 Y225.94
G1 F1500 X207.376 Y214.06 E589.81441
G0 F9000 X207.942 Y214.06
G1 F1500 X196.061 Y225.94 E590.1497
G0 F9000 X196.627 Y225.94
G1 F1500 X208.507 Y214.06 E590.48498
G0 F9000 X209.073 Y214.06
G1 F1500 X197.192 Y225.94 E590.82027
G0 F9000 X197.758 Y225.94
G1 F1500 X209.639 Y214.06 E591.15556
G0 F9000 X210.204 Y214.06
G1 F1500 X198.324 Y225.94 E591.49084
G0 F9000 X198.889 Y225.94
G1 F1500 X210.77 Y214.06 E591.82614
G0 F9000 X211.336 Y214.06
G1 F1500 X199.455 Y225.94 E592.16143
G0 F9000 X200.021 Y225.94
G1 F1500 X211.902 Y214.06 E592.49672
G0 F9000 X212.467 Y214.06
G1 F1500 X200.586 Y225.94 E592.83202
G0 F9000 X201.152 Y225.94
G1 F1500 X213.033 Y214.06 E593.16731
G0 F9000 X213.599 Y214.06
G1 F1500 X201.718 Y225.94 E593.5026
G0 F9000 X202.283 Y225.94
G1 F1500 X214.164 Y214.06 E593.8379
G0 F9000 X214.73 Y214.06
G1 F1500 X202.849 Y225.94 E594.17319
G0 F9000 X203.415 Y225.94
G1 F1500 X215.296 Y214.06 E594.50848
G0 F9000 X215.861 Y214.06
G1 F1500 X203.981 Y225.94 E594.84376
G0 F9000 X204.546 Y225.94
G1 F1500 X216.427 Y214.06 E595.17906
G0 F9000 X216.993 Y214.06
G1 F1500 X205.112 Y225.94 E595.51435
G0 F9000 X205.678 Y225.94
G1 F1500 X217.558 Y214.06 E595.84963
G0 F9000 X218.124 Y214.06
G1 F1500 X206.243 Y225.94 E596.18492
G0 F9000 X206.809 Y225.94
G1 F1500 X218.69 Y214.06 E596.52022
G0 F9000 X219.255 Y214.06
G1 F1500 X207.375 Y225.94 E596.8555
G0 F9000 X207.94 Y225.94
G1 F1500 X219.821 Y214.06 E597.19079
G0 F9000 X220.387 Y214.06
G1 F1500 X208.506 Y225.94 E597.52608
G0 F9000 X209.072 Y225.94
G1 F1500 X220.952 Y214.06 E597.86136
G0 F9000 X221.518 Y214.06
G1 F1500 X209.637 Y225.94 E598.19666
G0 F9000 X210.203 Y225.94
G1 F1500 X222.084 Y214.06 E598.53195
G0 F9000 X222.65 Y214.06
G1 F1500 X210.769 Y225.94 E598.86724
G0 F9000 X211.334 Y225.94
G1 F1500 X223.215 Y214.06 E599.20254
G0 F9000 X223.781 Y214.06
G1 F1500 X211.9 Y225.94 E599.53783
G0 F9000 X212.466 Y225.94
G1 F1500 X224.347 Y214.06 E599.87312
G0 F9000 X224.912 Y214.06
G1 F1500 X213.031 Y225.94 E600.20842
G0 F9000 X213.597 Y225.94
G1 F1500 X225.478 Y214.06 E600.54371
G0 F9000 X226.044 Y214.06
G1 F1500 X214.163 Y225.94 E600.879
G0 F9000 X214.729 Y225.94
G1 F1500 X226.609 Y214.06 E601.21428
G0 F9000 X227.175 Y214.06
G1 F1500 X215.294 Y225.94 E601.54957
G0 F9000 X215.86 Y225.94
G1 F1500 X227.741 Y214.06 E601.88487
G0 F9000 X228.306 Y214.06
G1 F1500 X216.426 Y225.94 E602.22015
G0 F9000 X216.991 Y225.94
G1 F1500 X228.872 Y214.06 E602.55544
G0 F9000 X229.438 Y214.06
G1 F1500 X217.557 Y225.94 E602.89073
G0 F9000 X218.123 Y225.94
G1 F1500 X230.003 Y214.06 E603.22601
G0 F9000 X230.569 Y214.06
G1 F1500 X218.688 Y225.94 E603.56131
G0 F9000 X219.254 Y225.94
G1 F1500 X231.135 Y214.06 E603.8966
G0 F9000 X231.701 Y214.06
G1 F1500 X219.82 Y225.94 E604.23189
G0 F9000 X220.385 Y225.94
G1 F1500 X232.266 Y214.06 E604.56719
G0 F9000 X232.832 Y214.06
G1 F1500 X220.951 Y225.94 E604.90248
G0 F9000 X221.517 Y225.94
G1 F1500 X233.398 Y214.06 E605.23777
G0 F9000 X233.963 Y214.06
G1 F1500 X222.082 Y225.94 E605.57307
G0 F9000 X222.648 Y225.94
G1 F1500 X234.529 Y214.06 E605.90836
G0 F9000 X235.095 Y214.06
G1 F1500 X223.214 Y225.94 E606.24365
G0 F9000 X223.779 Y225.94
G1 F1500 X235.66 Y214.06 E606.57895
G0 F9000 X236.226 Y214.06
G1 F1500 X224.345 Y225.94 E606.91424
G0 F9000 X224.911 Y225.94
G1 F1500 X236.792 Y214.06 E607.24953
G0 F9000 X237.357 Y214.06
G1 F1500 X225.477 Y225.94 E607.58481
G0 F9000 X226.042 Y225.94
G1 F1500 X237.923 Y214.06 E607.92011
G0 F9000 X238.489 Y214.06
G1 F1500 X226.608 Y225.94 E608.2554
G0 F9000 X227.174 Y225.94
G1 F1500 X239.054 Y214.06 E608.59068
G0 F9000 X239.62 Y214.06
G1 F1500 X227.739 Y225.94 E608.92597
G0 F9000 X228.305 Y225.94
G1 F1500 X240.186 Y214.06 E609.26127
G0 F9000 X240.751 Y214.06
G1 F1500 X228.871 Y225.94 E609.59655
G0 F9000 X229.436 Y225.94
G1 F1500 X240.94 Y214.436 E609.92121
G0 F9000 X240.94 Y215.002
G1 F1500 X230.002 Y225.94 E610.22991
G0 F9000 X230.568 Y225.94
G1 F1500 X240.94 Y215.568 E610.52263
G0 F9000 X240.94 Y216.134
G1 F1500 X231.133 Y225.94 E610.79939
G0 F9000 X231.699 Y225.94
G1 F1500 X240.94 Y216.699 E611.06019
G0 F9000 X240.94 Y217.265
G1 F1500 X232.265 Y225.94 E611.30502
G0 F9000 X232.83 Y225.94
G1 F1500 X240.94 Y217.831 E611.53388
G0 F9000 X240.94 Y218.396
G1 F1500 X233.396 Y225.94 E611.74679
G0 F9000 X233.962 Y225.94
G1 F1500 X240.94 Y218.962 E611.94373
G0 F9000 X240.94 Y219.528
G1 F1500 X234.528 Y225.94 E612.12469
G0 F9000 X235.093 Y225.94
G1 F1500 X240.94 Y220.093 E612.2897
G0 F9000 X240.94 Y220.659
G1 F1500 X235.659 Y225.94 E612.43874
G0 F9000 X236.225 Y225.94
G1 F1500 X240.94 Y221.225 E612.57181
G0 F9000 X240.94 Y221.79
G1 F1500 X236.79 Y225.94 E612.68893
G0 F9000 X237.356 Y225.94
G1 F1500 X240.94 Y222.356 E612.79008
G0 F9000 X240.94 Y222.922
G1 F1500 X237.922 Y225.94 E612.87525
G0 F9000 X238.487 Y225.94
G1 F1500 X240.94 Y223.487 E612.94448
G0 F9000 X240.94 Y224.053
G1 F1500 X239.053 Y225.94 E612.99774
G0 F9000 X239.619 Y225.94
G1 F1500 X240.94 Y224.619 E613.03502
G0 F9000 X240.94 Y225.185
G1 F1500 X240.184 Y225.94 E613.05634
G0 F9000 X240.75 Y225.94
G1 F1500 X240.94 Y225.75 E613.0617
G1 F2700 E608.0617
;MESH:NONMESH
G0 F300 X240.94 Y225.75 Z0.84
G0 F9000 X241.4 Y225.75
G0 X241.328 Y226.328
G0 X177.562 Y226.5
;TIME_ELAPSED:1460.850431
;LAYER:6
;TYPE:WALL-INNER
;MESH:BusConnAssyAid.stl
G1 F2700 E613.0617
G1 F1500 X241.5 Y226.5 E614.33766
G1 X241.5 Y213.5 E614.59709
G1 X118.5 Y213.5 E617.05168
G1 X118.5 Y226.5 E617.31111
G1 X177.562 Y226.5 E618.48976
G0 F9000 X177.412 Y226.9
G1 F1500 X241.9 Y226.9 E619.77669
G1 X241.9 Y213.1 E620.05208
G1 X118.1 Y213.1 E622.52264
G1 X118.1 Y226.9 E622.79804
G1 X177.412 Y226.9 E623.98167
G0 F9000 X177.262 Y227.3
;TYPE:WALL-OUTER
G1 F1500 X242.3 Y227.3 E625.27958
G1 X242.3 Y212.7 E625.57093
G1 X117.7 Y212.7 E628.05746
G1 X117.7 Y227.3 E628.34882
G1 X177.262 Y227.3 E629.53745
G0 F9000 X177.262 Y226.59
G0 X177.697 Y226.4
G0 X177.697 Y226.14
;TYPE:SKIN
G1 F1500 X118.86 Y226.14 E630.7116
G1 X118.86 Y213.86 E630.95666
G1 X241.14 Y213.86 E633.39689
G1 X241.14 Y226.14 E633.64195
G1 X177.697 Y226.14 E634.90803
G1 F2700 E629.90803
G0 F9000 X177.697 Y226.4
G0 X118.672 Y226.328
G0 X118.6 Y225.409
G0 X119.06 Y225.409
G1 F2700 E634.90803
G1 F1500 X119.591 Y225.94 E634.92301
G0 F9000 X120.157 Y225.94
G1 F1500 X119.06 Y224.843 E634.95397
G0 F9000 X119.06 Y224.277
G1 F1500 X120.722 Y225.94 E635.00089
G0 F9000 X121.288 Y225.94
G1 F1500 X119.06 Y223.712 E635.06377
G0 F9000 X119.06 Y223.146
G1 F1500 X121.854 Y225.94 E635.14262
G0 F9000 X122.419 Y225.94
G1 F1500 X119.06 Y222.58 E635.23743
G0 F9000 X119.06 Y222.015
G1 F1500 X122.985 Y225.94 E635.34821
G0 F9000 X123.551 Y225.94
G1 F1500 X119.06 Y221.449 E635.47495
G0 F9000 X119.06 Y220.883
G1 F1500 X124.116 Y225.94 E635.61766
G0 F9000 X124.682 Y225.94
G1 F1500 X119.06 Y220.318 E635.77632
G0 F9000 X119.06 Y219.752
G1 F1500 X125.248 Y225.94 E635.95096
G0 F9000 X125.813 Y225.94
G1 F1500 X119.06 Y219.186 E636.14156
G0 F9000 X119.06 Y218.62
G1 F1500 X126.379 Y225.94 E636.34813
G0 F9000 X126.945 Y225.94
G1 F1500 X119.06 Y218.055 E636.57066
G0 F9000 X119.06 Y217.489
G1 F1500 X127.51 Y225.94 E636.80915
G0 F9000 X128.076 Y225.94
G1 F1500 X119.06 Y216.923 E637.06362
G0 F9000 X119.06 Y216.358
G1 F1500 X128.642 Y225.94 E637.33404
G0 F9000 X129.208 Y225.94
G1 F1500 X119.06 Y215.792 E637.62044
G0 F9000 X119.06 Y215.226
G1 F1500 X129.773 Y225.94 E637.9228
G0 F9000 X130.339 Y225.94
G1 F1500 X119.06 Y214.661 E638.24112
G0 F9000 X119.06 Y214.095
G1 F1500 X130.905 Y225.94 E638.57541
G0 F9000 X131.47 Y225.94
G1 F1500 X119.591 Y214.06 E638.91068
G0 F9000 X120.157 Y214.06
G1 F1500 X132.036 Y225.94 E639.24594
G0 F9000 X132.602 Y225.94
G1 F1500 X120.722 Y214.06 E639.58122
G0 F9000 X121.288 Y214.06
G1 F1500 X133.167 Y225.94 E639.91649
G0 F9000 X133.733 Y225.94
G1 F1500 X121.854 Y214.06 E640.25175
G0 F9000 X122.419 Y214.06
G1 F1500 X134.299 Y225.94 E640.58703
G0 F9000 X134.864 Y225.94
G1 F1500 X122.985 Y214.06 E640.92229
G0 F9000 X123.551 Y214.06
G1 F1500 X135.43 Y225.94 E641.25756
G0 F9000 X135.996 Y225.94
G1 F1500 X124.116 Y214.06 E641.59284
G0 F9000 X124.682 Y214.06
G1 F1500 X136.561 Y225.94 E641.9281
G0 F9000 X137.127 Y225.94
G1 F1500 X125.248 Y214.06 E642.26337
G0 F9000 X125.813 Y214.06
G1 F1500 X137.693 Y225.94 E642.59865
G0 F9000 X138.258 Y225.94
G1 F1500 X126.379 Y214.06 E642.93391
G0 F9000 X126.945 Y214.06
G1 F1500 X138.824 Y225.94 E643.26918
G0 F9000 X139.39 Y225.94
G1 F1500 X127.51 Y214.06 E643.60446
G0 F9000 X128.076 Y214.06
G1 F1500 X139.956 Y225.94 E643.93974
G0 F9000 X140.521 Y225.94
G1 F1500 X128.642 Y214.06 E644.275
G0 F9000 X129.208 Y214.06
G1 F1500 X141.087 Y225.94 E644.61027
G0 F9000 X141.653 Y225.94
G1 F1500 X129.773 Y214.06 E644.94555
G0 F9000 X130.339 Y214.06
G1 F1500 X142.218 Y225.94 E645.28081
G0 F9000 X142.784 Y225.94
G1 F1500 X130.905 Y214.06 E645.61608
G0 F9000 X131.47 Y214.06
G1 F1500 X143.35 Y225.94 E645.95136
G0 F9000 X143.915 Y225.94
G1 F1500 X132.036 Y214.06 E646.28662
G0 F9000 X132.602 Y214.06
G1 F1500 X144.481 Y225.94 E646.62189
G0 F9000 X145.047 Y225.94
G1 F1500 X133.167 Y214.06 E646.95717
G0 F9000 X133.733 Y214.06
G1 F1500 X145.612 Y225.94 E647.29243
G0 F9000 X146.178 Y225.94
G1 F1500 X134.299 Y214.06 E647.6277
G0 F9000 X134.864 Y214.06
G1 F1500 X146.744 Y225.94 E647.96298
G0 F9000 X147.309 Y225.94
G1 F1500 X135.43 Y214.06 E648.29824
G0 F9000 X135.996 Y214.06
G1 F1500 X147.875 Y225.94 E648.63351
G0 F9000 X148.441 Y225.94
G1 F1500 X136.561 Y214.06 E648.96879
G0 F9000 X137.127 Y214.06
G1 F1500 X149.006 Y225.94 E649.30405
G0 F9000 X149.572 Y225.94
G1 F1500 X137.693 Y214.06 E649.63932
G0 F9000 X138.258 Y214.06
G1 F1500 X150.138 Y225.94 E649.9746
G0 F9000 X150.704 Y225.94
G1 F1500 X138.824 Y214.06 E650.30987
G0 F9000 X139.39 Y214.06
G1 F1500 X151.269 Y225.94 E650.64514
G0 F9000 X151.835 Y225.94
G1 F1500 X139.956 Y214.06 E650.9804
G0 F9000 X140.521 Y214.06
G1 F1500 X152.401 Y225.94 E651.31568
G0 F9000 X152.966 Y225.94
G1 F1500 X141.087 Y214.06 E651.65095
G0 F9000 X141.653 Y214.06
G1 F1500 X153.532 Y225.94 E651.98621
G0 F9000 X154.098 Y225.94
G1 F1500 X142.218 Y214.06 E652.32149
G0 F9000 X142.784 Y214.06
G1 F1500 X154.663 Y225.94 E652.65676
G0 F9000 X155.229 Y225.94
G1 F1500 X143.35 Y214.06 E652.99202
G0 F9000 X143.915 Y214.06
G1 F1500 X155.795 Y225.94 E653.3273
G0 F9000 X156.36 Y225.94
G1 F1500 X144.481 Y214.06 E653.66257
G0 F9000 X145.047 Y214.06
G1 F1500 X156.926 Y225.94 E653.99783
G0 F9000 X157.492 Y225.94
G1 F1500 X145.612 Y214.06 E654.33311
G0 F9000 X146.178 Y214.06
G1 F1500 X158.057 Y225.94 E654.66838
G0 F9000 X158.623 Y225.94
G1 F1500 X146.744 Y214.06 E655.00364
G0 F9000 X147.309 Y214.06
G1 F1500 X159.189 Y225.94 E655.33892
G0 F9000 X159.755 Y225.94
G1 F1500 X147.875 Y214.06 E655.6742
G0 F9000 X148.441 Y214.06
G1 F1500 X160.32 Y225.94 E656.00947
G0 F9000 X160.886 Y225.94
G1 F1500 X149.006 Y214.06 E656.34475
G0 F9000 X149.572 Y214.06
G1 F1500 X161.452 Y225.94 E656.68003
G0 F9000 X162.017 Y225.94
G1 F1500 X150.138 Y214.06 E657.01529
G0 F9000 X150.704 Y214.06
G1 F1500 X162.583 Y225.94 E657.35056
G0 F9000 X163.149 Y225.94
G1 F1500 X151.269 Y214.06 E657.68583
G0 F9000 X151.835 Y214.06
G1 F1500 X163.714 Y225.94 E658.0211
G0 F9000 X164.28 Y225.94
G1 F1500 X152.401 Y214.06 E658.35637
G0 F9000 X152.966 Y214.06
G1 F1500 X164.846 Y225.94 E658.69164
G0 F9000 X165.411 Y225.94
G1 F1500 X153.532 Y214.06 E659.02691
G0 F9000 X154.098 Y214.06
G1 F1500 X165.977 Y225.94 E659.36217
G0 F9000 X166.543 Y225.94
G1 F1500 X154.663 Y214.06 E659.69745
G0 F9000 X155.229 Y214.06
G1 F1500 X167.108 Y225.94 E660.03272
G0 F9000 X167.674 Y225.94
G1 F1500 X155.795 Y214.06 E660.36798
G0 F9000 X156.36 Y214.06
G1 F1500 X168.24 Y225.94 E660.70326
G0 F9000 X168.805 Y225.94
G1 F1500 X156.926 Y214.06 E661.03853
G0 F9000 X157.492 Y214.06
G1 F1500 X169.371 Y225.94 E661.37379
G0 F9000 X169.937 Y225.94
G1 F1500 X158.057 Y214.06 E661.70907
G0 F9000 X158.623 Y214.06
G1 F1500 X170.503 Y225.94 E662.04435
G0 F9000 X171.068 Y225.94
G1 F1500 X159.189 Y214.06 E662.37962
G0 F9000 X159.755 Y214.06
G1 F1500 X171.634 Y225.94 E662.71488
G0 F9000 X172.2 Y225.94
G1 F1500 X160.32 Y214.06 E663.05016
G0 F9000 X160.886 Y214.06
G1 F1500 X172.765 Y225.94 E663.38543
G0 F9000 X173.331 Y225.94
G1 F1500 X161.452 Y214.06 E663.72069
G0 F9000 X162.017 Y214.06
G1 F1500 X173.897 Y225.94 E664.05597
G0 F9000 X174.462 Y225.94
G1 F1500 X162.583 Y214.06 E664.39124
G0 F9000 X163.149 Y214.06
G1 F1500 X175.028 Y225.94 E664.7265
G0 F9000 X175.594 Y225.94
G1 F1500 X163.714 Y214.06 E665.06178
G0 F9000 X164.28 Y214.06
G1 F1500 X176.159 Y225.94 E665.39705
G0 F9000 X176.725 Y225.94
G1 F1500 X164.846 Y214.06 E665.73231
G0 F9000 X165.411 Y214.06
G1 F1500 X177.291 Y225.94 E666.06759
G0 F9000 X177.856 Y225.94
G1 F1500 X165.977 Y214.06 E666.40286
G0 F9000 X166.543 Y214.06
G1 F1500 X178.422 Y225.94 E666.73812
G0 F9000 X178.988 Y225.94
G1 F1500 X167.108 Y214.06 E667.0734
G0 F9000 X167.674 Y214.06
G1 F1500 X179.554 Y225.94 E667.40868
G0 F9000 X180.119 Y225.94
G1 F1500 X168.24 Y214.06 E667.74394
G0 F9000 X168.805 Y214.06
G1 F1500 X180.685 Y225.94 E668.07922
G0 F9000 X181.251 Y225.94
G1 F1500 X169.371 Y214.06 E668.4145
G0 F9000 X169.937 Y214.06
G1 F1500 X181.816 Y225.94 E668.74977
G0 F9000 X182.382 Y225.94
G1 F1500 X170.503 Y214.06 E669.08503
G0 F9000 X171.068 Y214.06
G1 F1500 X182.948 Y225.94 E669.42031
G0 F9000 X183.513 Y225.94
G1 F1500 X171.634 Y214.06 E669.75558
G0 F9000 X172.2 Y214.06
G1 F1500 X184.079 Y225.94 E670.09084
G0 F9000 X184.645 Y225.94
G1 F1500 X172.765 Y214.06 E670.42612
G0 F9000 X173.331 Y214.06
G1 F1500 X185.21 Y225.94 E670.76139
G0 F9000 X185.776 Y225.94
G1 F1500 X173.897 Y214.06 E671.09665
G0 F9000 X174.462 Y214.06
G1 F1500 X186.342 Y225.94 E671.43193
G0 F9000 X186.907 Y225.94
G1 F1500 X175.028 Y214.06 E671.7672
G0 F9000 X175.594 Y214.06
G1 F1500 X187.473 Y225.94 E672.10246
G0 F9000 X188.039 Y225.94
G1 F1500 X176.159 Y214.06 E672.43774
G0 F9000 X176.725 Y214.06
G1 F1500 X188.604 Y225.94 E672.77301
G0 F9000 X189.17 Y225.94
G1 F1500 X177.291 Y214.06 E673.10827
G0 F9000 X177.856 Y214.06
G1 F1500 X189.736 Y225.94 E673.44355
G0 F9000 X190.302 Y225.94
G1 F1500 X178.422 Y214.06 E673.77883
G0 F9000 X178.988 Y214.06
G1 F1500 X190.867 Y225.94 E674.1141
G0 F9000 X191.433 Y225.94
G1 F1500 X179.554 Y214.06 E674.44936
G0 F9000 X180.119 Y214.06
G1 F1500 X191.999 Y225.94 E674.78464
G0 F9000 X192.564 Y225.94
G1 F1500 X180.685 Y214.06 E675.11991
G0 F9000 X181.251 Y214.06
G1 F1500 X193.13 Y225.94 E675.45517
G0 F9000 X193.696 Y225.94
G1 F1500 X181.816 Y214.06 E675.79045
G0 F9000 X182.382 Y214.06
G1 F1500 X194.261 Y225.94 E676.12571
G0 F9000 X194.827 Y225.94
G1 F1500 X182.948 Y214.06 E676.46098
G0 F9000 X183.513 Y214.06
G1 F1500 X195.393 Y225.94 E676.79626
G0 F9000 X195.958 Y225.94
G1 F1500 X184.079 Y214.06 E677.13152
G0 F9000 X184.645 Y214.06
G1 F1500 X196.524 Y225.94 E677.46679
G0 F9000 X197.09 Y225.94
G1 F1500 X185.21 Y214.06 E677.80207
G0 F9000 X185.776 Y214.06
G1 F1500 X197.655 Y225.94 E678.13733
G0 F9000 X198.221 Y225.94
G1 F1500 X186.342 Y214.06 E678.4726
G0 F9000 X186.907 Y214.06
G1 F1500 X198.787 Y225.94 E678.80788
G0 F9000 X199.352 Y225.94
G1 F1500 X187.473 Y214.06 E679.14314
G0 F9000 X188.039 Y214.06
G1 F1500 X199.918 Y225.94 E679.47841
G0 F9000 X200.484 Y225.94
G1 F1500 X188.604 Y214.06 E679.81369
G0 F9000 X189.17 Y214.06
G1 F1500 X201.05 Y225.94 E680.14897
G0 F9000 X201.615 Y225.94
G1 F1500 X189.736 Y214.06 E680.48423
G0 F9000 X190.302 Y214.06
G1 F1500 X202.181 Y225.94 E680.8195
G0 F9000 X202.747 Y225.94
G1 F1500 X190.867 Y214.06 E681.15478
G0 F9000 X191.433 Y214.06
G1 F1500 X203.312 Y225.94 E681.49004
G0 F9000 X203.878 Y225.94
G1 F1500 X191.999 Y214.06 E681.82531
G0 F9000 X192.564 Y214.06
G1 F1500 X204.444 Y225.94 E682.16059
G0 F9000 X205.009 Y225.94
G1 F1500 X193.13 Y214.06 E682.49585
G0 F9000 X193.696 Y214.06
G1 F1500 X205.575 Y225.94 E682.83112
G0 F9000 X206.141 Y225.94
G1 F1500 X194.261 Y214.06 E683.1664
G0 F9000 X194.827 Y214.06
G1 F1500 X206.706 Y225.94 E683.50166
G0 F9000 X207.272 Y225.94
G1 F1500 X195.393 Y214.06 E683.83693
G0 F9000 X195.958 Y214.06
G1 F1500 X207.838 Y225.94 E684.17221
G0 F9000 X208.403 Y225.94
G1 F1500 X196.524 Y214.06 E684.50747
G0 F9000 X197.09 Y214.06
G1 F1500 X208.969 Y225.94 E684.84274
G0 F9000 X209.535 Y225.94
G1 F1500 X197.655 Y214.06 E685.17802
G0 F9000 X198.221 Y214.06
G1 F1500 X210.101 Y225.94 E685.51329
G0 F9000 X210.666 Y225.94
G1 F1500 X198.787 Y214.06 E685.84856
G0 F9000 X199.352 Y214.06
G1 F1500 X211.232 Y225.94 E686.18384
G0 F9000 X211.798 Y225.94
G1 F1500 X199.918 Y214.06 E686.51912
G0 F9000 X200.484 Y214.06
G1 F1500 X212.363 Y225.94 E686.85438
G0 F9000 X212.929 Y225.94
G1 F1500 X201.05 Y214.06 E687.18965
G0 F9000 X201.615 Y214.06
G1 F1500 X213.495 Y225.94 E687.52493
G0 F9000 X214.06 Y225.94
G1 F1500 X202.181 Y214.06 E687.86019
G0 F9000 X202.747 Y214.06
G1 F1500 X214.626 Y225.94 E688.19546
G0 F9000 X215.192 Y225.94
G1 F1500 X203.312 Y214.06 E688.53074
G0 F9000 X203.878 Y214.06
G1 F1500 X215.757 Y225.94 E688.866
G0 F9000 X216.323 Y225.94
G1 F1500 X204.444 Y214.06 E689.20127
G0 F9000 X205.009 Y214.06
G1 F1500 X216.889 Y225.94 E689.53655
G0 F9000 X217.454 Y225.94
G1 F1500 X205.575 Y214.06 E689.87181
G0 F9000 X206.141 Y214.06
G1 F1500 X218.02 Y225.94 E690.20708
G0 F9000 X218.586 Y225.94
G1 F1500 X206.706 Y214.06 E690.54236
G0 F9000 X207.272 Y214.06
G1 F1500 X219.151 Y225.94 E690.87762
G0 F9000 X219.717 Y225.94
G1 F1500 X207.838 Y214.06 E691.21289
G0 F9000 X208.403 Y214.06
G1 F1500 X220.283 Y225.94 E691.54817
G0 F9000 X220.849 Y225.94
G1 F1500 X208.969 Y214.06 E691.88345
G0 F9000 X209.535 Y214.06
G1 F1500 X221.414 Y225.94 E692.21871
G0 F9000 X221.98 Y225.94
G1 F1500 X210.101 Y214.06 E692.55398
G0 F9000 X210.666 Y214.06
G1 F1500 X222.546 Y225.94 E692.88925
G0 F9000 X223.111 Y225.94
G1 F1500 X211.232 Y214.06 E693.22452
G0 F9000 X211.798 Y214.06
G1 F1500 X223.677 Y225.94 E693.55979
G0 F9000 X224.243 Y225.94
G1 F1500 X212.363 Y214.06 E693.89506
G0 F9000 X212.929 Y214.06
G1 F1500 X224.808 Y225.94 E694.23033
G0 F9000 X225.374 Y225.94
G1 F1500 X213.495 Y214.06 E694.56559
G0 F9000 X214.06 Y214.06
G1 F1500 X225.94 Y225.94 E694.90087
G0 F9000 X226.505 Y225.94
G1 F1500 X214.626 Y214.06 E695.23614
G0 F9000 X215.192 Y214.06
G1 F1500 X227.071 Y225.94 E695.5714
G0 F9000 X227.637 Y225.94
G1 F1500 X215.757 Y214.06 E695.90668
G0 F9000 X216.323 Y214.06
G1 F1500 X228.202 Y225.94 E696.24195
G0 F9000 X228.768 Y225.94
G1 F1500 X216.889 Y214.06 E696.57721
G0 F9000 X217.454 Y214.06
G1 F1500 X229.334 Y225.94 E696.91249
G0 F9000 X229.9 Y225.94
G1 F1500 X218.02 Y214.06 E697.24777
G0 F9000 X218.586 Y214.06
G1 F1500 X230.465 Y225.94 E697.58304
G0 F9000 X231.031 Y225.94
G1 F1500 X219.151 Y214.06 E697.91832
G0 F9000 X219.717 Y214.06
G1 F1500 X231.597 Y225.94 E698.2536
G0 F9000 X232.162 Y225.94
G1 F1500 X220.283 Y214.06 E698.58886
G0 F9000 X220.849 Y214.06
G1 F1500 X232.728 Y225.94 E698.92413
G0 F9000 X233.294 Y225.94
G1 F1500 X221.414 Y214.06 E699.25941
G0 F9000 X221.98 Y214.06
G1 F1500 X233.859 Y225.94 E699.59467
G0 F9000 X234.425 Y225.94
G1 F1500 X222.546 Y214.06 E699.92994
G0 F9000 X223.111 Y214.06
G1 F1500 X234.991 Y225.94 E700.26522
G0 F9000 X235.556 Y225.94
G1 F1500 X223.677 Y214.06 E700.60048
G0 F9000 X224.243 Y214.06
G1 F1500 X236.122 Y225.94 E700.93575
G0 F9000 X236.688 Y225.94
G1 F1500 X224.808 Y214.06 E701.27102
G0 F9000 X225.374 Y214.06
G1 F1500 X237.253 Y225.94 E701.60629
G0 F9000 X237.819 Y225.94
G1 F1500 X225.94 Y214.06 E701.94156
G0 F9000 X226.505 Y214.06
G1 F1500 X238.385 Y225.94 E702.27683
G0 F9000 X238.95 Y225.94
G1 F1500 X227.071 Y214.06 E702.6121
G0 F9000 X227.637 Y214.06
G1 F1500 X239.516 Y225.94 E702.94736
G0 F9000 X240.082 Y225.94
G1 F1500 X228.202 Y214.06 E703.28264
G0 F9000 X228.768 Y214.06
G1 F1500 X240.648 Y225.94 E703.61792
G0 F9000 X240.94 Y225.667
G1 F1500 X229.334 Y214.06 E703.94548
G0 F9000 X229.9 Y214.06
G1 F1500 X240.94 Y225.101 E704.25707
G0 F9000 X240.94 Y224.535
G1 F1500 X230.465 Y214.06 E704.5527
G0 F9000 X231.031 Y214.06
G1 F1500 X240.94 Y223.97 E704.83237
G0 F9000 X240.94 Y223.404
G1 F1500 X231.597 Y214.06 E705.09606
G0 F9000 X232.162 Y214.06
G1 F1500 X240.94 Y222.838 E705.34379
G0 F9000 X240.94 Y222.273
G1 F1500 X232.728 Y214.06 E705.57557
G0 F9000 X233.294 Y214.06
G1 F1500 X240.94 Y221.707 E705.79137
G0 F9000 X240.94 Y221.141
G1 F1500 X233.859 Y214.06 E705.99121
G0 F9000 X234.425 Y214.06
G1 F1500 X240.94 Y220.576 E706.17509
G0 F9000 X240.94 Y220.01
G1 F1500 X234.991 Y214.06 E706.343
G0 F9000 X235.556 Y214.06
G1 F1500 X240.94 Y219.444 E706.49495
G0 F9000 X240.94 Y218.879
G1 F1500 X236.122 Y214.06 E706.63094
G0 F9000 X236.688 Y214.06
G1 F1500 X240.94 Y218.313 E706.75095
G0 F9000 X240.94 Y217.747
G1 F1500 X237.253 Y214.06 E706.85501
G0 F9000 X237.819 Y214.06
G1 F1500 X240.94 Y217.181 E706.94309
G0 F9000 X240.94 Y216.616
G1 F1500 X238.385 Y214.06 E707.01521
G0 F9000 X238.95 Y214.06
G1 F1500 X240.94 Y216.05 E707.07137
G0 F9000 X240.94 Y215.484
G1 F1500 X239.516 Y214.06 E707.11156
G0 F9000 X240.082 Y214.06
G1 F1500 X240.94 Y214.919 E707.13579
G0 F9000 X240.94 Y214.353
G1 F1500 X240.648 Y214.06 E707.14404
G1 F2700 E702.14404
;MESH:NONMESH
G0 F300 X240.648 Y214.06 Z0.96
G0 F9000 X240.648 Y213.6
G0 X241.328 Y213.672
G0 X241.328 Y226.328
G0 X177.562 Y226.5
;TIME_ELAPSED:1671.786832
;LAYER:7
;TYPE:WALL-INNER
;MESH:BusConnAssyAid.stl
G1 F2700 E707.14404
G1 F1500 X241.5 Y226.5 E708.41999
G1 X241.5 Y213.5 E708.67942
G1 X118.5 Y213.5 E711.13402
G1 X118.5 Y226.5 E711.39345
G1 X177.562 Y226.5 E712.5721
G0 F9000 X177.412 Y226.9
G1 F1500 X241.9 Y226.9 E713.85902
G1 X241.9 Y213.1 E714.13442
G1 X118.1 Y213.1 E716.60498
G1 X118.1 Y226.9 E716.88037
G1 X177.412 Y226.9 E718.06401
G0 F9000 X177.262 Y227.3
;TYPE:WALL-OUTER
G1 F1500 X242.3 Y227.3 E719.36191
G1 X242.3 Y212.7 E719.65327
G1 X117.7 Y212.7 E722.1398
G1 X117.7 Y227.3 E722.43116
G1 X177.262 Y227.3 E723.61978
G0 F9000 X177.577 Y226.42
;TYPE:FILL
G1 F3000 X181.018 Y213.579 E723.88508
G0 F9000 X183.025 Y213.58
G1 F3000 X195.864 Y226.42 E724.24744
G0 F9000 X196.212 Y226.42
G1 F3000 X199.653 Y213.579 E724.51274
G0 F9000 X199.995 Y213.58
G1 F3000 X212.835 Y226.42 E724.87511
G0 F9000 X214.847 Y226.421
G1 F3000 X218.288 Y213.58 E725.14041
G0 F9000 X216.966 Y213.58
G1 F3000 X229.805 Y226.42 E725.50276
G0 F9000 X228.206 Y226.42
G1 F3000 X241.42 Y222.879 E725.77577
G0 F9000 X241.42 Y221.064
G1 F3000 X233.936 Y213.58 E725.98698
G0 F9000 X236.923 Y213.579
G1 F3000 X233.482 Y226.421 E726.2523
G0 F9000 X238.291 Y226.42
G1 F3000 X225.451 Y213.58 E726.61467
G0 F9000 X224.499 Y213.579
G1 F3000 X221.059 Y226.42 E726.87996
G0 F9000 X221.32 Y226.42
G1 F3000 X208.481 Y213.58 E727.24232
G0 F9000 X206.579 Y213.58
G1 F3000 X158.658 Y226.42 E728.23237
G0 F9000 X158.942 Y226.42
G1 F3000 X162.383 Y213.579 E728.49767
G0 F9000 X160.215 Y213.58
G1 F3000 X118.58 Y224.736 E729.35785
G0 F9000 X118.58 Y225.503
G1 F3000 X119.497 Y226.42 E729.38373
G0 F9000 X121.672 Y226.42
G1 F3000 X125.113 Y213.58 E729.64901
G0 F9000 X123.628 Y213.58
G1 F3000 X136.467 Y226.42 E730.01136
G0 F9000 X135.476 Y226.42
G1 F3000 X183.397 Y213.58 E731.00141
G0 F9000 X187.229 Y213.579
G1 F3000 X183.789 Y226.42 E731.2667
G0 F9000 X181.841 Y226.42
G1 F3000 X229.76 Y213.58 E732.25671
G0 F9000 X230.711 Y213.579
G1 F3000 X227.27 Y226.421 E732.52203
G0 F9000 X239.693 Y226.42
G1 F3000 X241.42 Y219.978 E732.65513
G0 F9000 X241.42 Y216.668
G1 F3000 X205.023 Y226.42 E733.40709
G0 F9000 X204.35 Y226.42
G1 F3000 X191.51 Y213.58 E733.76946
G0 F9000 X193.441 Y213.58
G1 F3000 X190 Y226.421 E734.03476
G0 F9000 X187.379 Y226.42
G1 F3000 X174.539 Y213.58 E734.39713
G0 F9000 X174.806 Y213.58
G1 F3000 X171.365 Y226.421 E734.66243
G0 F9000 X170.408 Y226.42
G1 F3000 X157.569 Y213.58 E735.02479
G0 F9000 X156.171 Y213.58
G1 F3000 X152.73 Y226.421 E735.29008
G0 F9000 X153.438 Y226.42
G1 F3000 X140.598 Y213.58 E735.65246
G0 F9000 X137.536 Y213.579
G1 F3000 X134.095 Y226.42 E735.91775
G0 F9000 X127.982 Y226.42
G1 F3000 X118.58 Y217.018 E736.1831
G0 F9000 X118.581 Y218.524
G1 F3000 X137.033 Y213.58 E736.56432
G0 F9000 X132.113 Y213.58
G1 F3000 X144.953 Y226.42 E736.92669
G0 F9000 X146.519 Y226.42
G1 F3000 X149.959 Y213.58 E737.19196
G0 F9000 X149.084 Y213.58
G1 F3000 X161.923 Y226.42 E737.55432
G0 F9000 X165.154 Y226.42
G1 F3000 X168.594 Y213.58 E737.81959
G0 F9000 X166.054 Y213.58
G1 F3000 X178.894 Y226.42 E738.18197
G0 F9000 X202.424 Y226.42
G1 F3000 X205.864 Y213.579 E738.44726
G0 F9000 X212.076 Y213.579
G1 F3000 X208.635 Y226.421 E738.71257
G1 F2700 E733.71257
G0 F9000 X143.747 Y213.58
G1 F2700 E738.71257
G1 F3000 X140.307 Y226.42 E738.97785
G0 F9000 X127.884 Y226.42
G1 F3000 X131.324 Y213.58 E739.24312
G0 F9000 X118.901 Y213.579
G1 F3000 X118.58 Y214.777 E739.26787
G0 F9000 X118.71 Y214.777
G1 F2700 E734.26787
;MESH:NONMESH
G0 F300 X118.71 Y214.777 Z1.08
G0 F9000 X177.562 Y226.5
;TIME_ELAPSED:1731.427929
;LAYER:8
;TYPE:WALL-INNER
;MESH:BusConnAssyAid.stl
G1 F2700 E739.26787
G1 F1500 X241.5 Y226.5 E740.54382
G1 X241.5 Y213.5 E740.80325
G1 X118.5 Y213.5 E743.25785
G1 X118.5 Y226.5 E743.51728
G1 X177.562 Y226.5 E744.69592
G0 F9000 X177.412 Y226.9
G1 F1500 X241.9 Y226.9 E745.98285
G1 X241.9 Y213.1 E746.25825
G1 X118.1 Y213.1 E748.72881
G1 X118.1 Y226.9 E749.0042
G1 X177.412 Y226.9 E750.18784
G0 F9000 X177.262 Y227.3
;TYPE:WALL-OUTER
G1 F1500 X242.3 Y227.3 E751.48574
G1 X242.3 Y212.7 E751.7771
G1 X117.7 Y212.7 E754.26363
G1 X117.7 Y227.3 E754.55499
G1 X177.262 Y227.3 E755.74361
G0 F9000 X177.489 Y226.421
;TYPE:FILL
G1 F3000 X180.93 Y213.58 E756.00891
G0 F9000 X183.145 Y213.58
G1 F3000 X195.985 Y226.42 E756.37128
G1 X196.124 Y226.421
G1 X199.565 Y213.58 E756.63658
G0 F9000 X200.115 Y213.58
G1 F3000 X212.955 Y226.42 E756.99895
G0 F9000 X214.759 Y226.421
G1 F3000 X218.2 Y213.579 E757.26427
G0 F9000 X217.086 Y213.58
G1 F3000 X229.926 Y226.42 E757.62664
G0 F9000 X228.534 Y226.42
G1 F3000 X241.419 Y222.967 E757.89285
G0 F9000 X241.42 Y220.944
G1 F3000 X234.057 Y213.58 E758.10066
G0 F9000 X236.835 Y213.579
G1 F3000 X233.394 Y226.421 E758.36598
G0 F9000 X238.411 Y226.42
G1 F3000 X225.571 Y213.58 E758.72835
G0 F9000 X224.411 Y213.579
G1 F3000 X220.97 Y226.42 E758.99365
G0 F9000 X221.44 Y226.42
G1 F3000 X208.601 Y213.58 E759.356
G0 F9000 X206.907 Y213.58
G1 F3000 X158.987 Y226.42 E760.34603
G1 X158.854 Y226.421
G1 X162.295 Y213.579 E760.61135
G0 F9000 X160.543 Y213.58
G1 F3000 X118.581 Y224.824 E761.47829
G0 F9000 X118.58 Y225.383
G1 F3000 X119.617 Y226.42 E761.50755
G0 F9000 X121.584 Y226.42
G1 F3000 X125.025 Y213.579 E761.77285
G0 F9000 X123.748 Y213.58
G1 F3000 X136.588 Y226.42 E762.13522
G0 F9000 X135.804 Y226.42
G1 F3000 X183.725 Y213.58 E763.12527
G0 F9000 X187.141 Y213.579
G1 F3000 X183.701 Y226.42 E763.39057
G0 F9000 X182.169 Y226.42
G1 F3000 X230.089 Y213.58 E764.38059
G0 F9000 X230.623 Y213.579
G1 F3000 X227.182 Y226.421 E764.64591
G0 F9000 X239.605 Y226.421
G1 F3000 X241.42 Y219.648 E764.78584
G0 F9000 X241.42 Y216.756
G1 F3000 X205.352 Y226.42 E765.53101
G0 F9000 X204.47 Y226.42
G1 F3000 X191.63 Y213.58 E765.89338
G0 F9000 X193.353 Y213.579
G1 F3000 X189.912 Y226.421 E766.1587
G0 F9000 X187.499 Y226.42
G1 F3000 X174.66 Y213.58 E766.52105
G1 X174.718 Y213.58
G1 X171.277 Y226.421 E766.78635
G0 F9000 X170.529 Y226.42
G1 F3000 X157.689 Y213.58 E767.14872
G0 F9000 X156.083 Y213.58
G1 F3000 X152.642 Y226.421 E767.41402
G0 F9000 X153.558 Y226.42
G1 F3000 X140.718 Y213.58 E767.77639
G0 F9000 X143.66 Y213.579
G1 F3000 X140.219 Y226.42 E768.04169
G0 F9000 X145.073 Y226.42
G1 F3000 X132.233 Y213.58 E768.40406
G0 F9000 X131.236 Y213.58
G1 F3000 X127.796 Y226.42 E768.66934
G0 F9000 X128.102 Y226.42
G1 F3000 X118.58 Y216.898 E768.93807
G0 F9000 X118.581 Y218.612
G1 F3000 X137.362 Y213.58 E769.32608
G1 X137.448 Y213.58
G1 X134.007 Y226.421 E769.59138
G0 F9000 X146.431 Y226.42
G1 F3000 X149.871 Y213.58 E769.85665
G0 F9000 X149.204 Y213.58
G1 F3000 X162.043 Y226.42 E770.21901
G0 F9000 X165.066 Y226.42
G1 F3000 X168.506 Y213.579 E770.4843
G0 F9000 X166.174 Y213.58
G1 F3000 X179.014 Y226.42 E770.84667
G0 F9000 X202.336 Y226.42
G1 F3000 X205.776 Y213.579 E771.11197
G0 F9000 X211.988 Y213.579
G1 F3000 X208.547 Y226.421 E771.37728
G1 F2700 E766.37728
G0 F9000 X118.813 Y213.58
G1 F2700 E771.37728
G1 F3000 X118.58 Y214.449 E771.39524
G0 F9000 X118.71 Y214.449
G1 F2700 E766.39524
;MESH:NONMESH
G0 F300 X118.71 Y214.449 Z1.2
G0 F9000 X177.562 Y226.5
;TIME_ELAPSED:1790.595788
;LAYER:9
;TYPE:WALL-INNER
;MESH:BusConnAssyAid.stl
G1 F2700 E771.39524
G1 F1500 X241.5 Y226.5 E772.67119
G1 X241.5 Y213.5 E772.93062
G1 X118.5 Y213.5 E775.38522
G1 X118.5 Y226.5 E775.64465
G1 X177.562 Y226.5 E776.82329
G0 F9000 X177.412 Y226.9
G1 F1500 X241.9 Y226.9 E778.11022
G1 X241.9 Y213.1 E778.38561
G1 X118.1 Y213.1 E780.85618
G1 X118.1 Y226.9 E781.13157
G1 X177.412 Y226.9 E782.31521
G0 F9000 X177.262 Y227.3
;TYPE:WALL-OUTER
G1 F1500 X242.3 Y227.3 E783.61311
G1 X242.3 Y212.7 E783.90447
G1 X117.7 Y212.7 E786.391
G1 X117.7 Y227.3 E786.68235
G1 X177.262 Y227.3 E787.87098
G0 F9000 X177.401 Y226.421
;TYPE:FILL
G1 F3000 X180.842 Y213.58 E788.13628
G0 F9000 X183.265 Y213.58
G1 F3000 X196.105 Y226.42 E788.49865
G1 X196.036 Y226.421
G1 X199.477 Y213.579 E788.76396
G0 F9000 X200.236 Y213.58
G1 F3000 X213.075 Y226.42 E789.12632
G0 F9000 X214.671 Y226.421
G1 F3000 X218.112 Y213.579 E789.39164
G0 F9000 X217.206 Y213.58
G1 F3000 X230.046 Y226.42 E789.75401
G0 F9000 X228.862 Y226.42
G1 F3000 X241.419 Y223.056 E790.01344
G0 F9000 X241.42 Y220.824
G1 F3000 X234.177 Y213.58 E790.21786
G0 F9000 X236.747 Y213.579
G1 F3000 X233.306 Y226.421 E790.48318
G0 F9000 X238.531 Y226.42
G1 F3000 X225.692 Y213.58 E790.84554
G0 F9000 X224.323 Y213.58
G1 F3000 X220.882 Y226.421 E791.11084
G0 F9000 X221.561 Y226.42
G1 F3000 X208.721 Y213.58 E791.47321
G0 F9000 X207.235 Y213.58
G1 F3000 X159.315 Y226.42 E792.46324
G0 F9000 X158.766 Y226.421
G1 F3000 X162.207 Y213.58 E792.72853
G0 F9000 X160.872 Y213.58
G1 F3000 X118.581 Y224.912 E793.60227
G0 F9000 X118.58 Y225.263
G1 F3000 X119.737 Y226.42 E793.63492
G0 F9000 X121.496 Y226.421
G1 F3000 X124.937 Y213.58 E793.90022
G0 F9000 X123.868 Y213.58
G1 F3000 X136.708 Y226.42 E794.26259
G0 F9000 X136.133 Y226.42
G1 F3000 X184.053 Y213.58 E795.25262
G0 F9000 X187.053 Y213.579
G1 F3000 X183.613 Y226.421 E795.51793
G0 F9000 X182.497 Y226.42
G1 F3000 X230.417 Y213.58 E796.50796
G1 X230.535 Y213.579
G1 X227.094 Y226.42 E796.77326
G0 F9000 X239.517 Y226.421
G1 F3000 X241.42 Y219.32 E796.91997
G0 F9000 X241.419 Y216.844
G1 F3000 X205.68 Y226.42 E797.65834
G0 F9000 X204.59 Y226.42
G1 F3000 X191.75 Y213.58 E798.02071
G0 F9000 X193.265 Y213.579
G1 F3000 X189.824 Y226.42 E798.28601
G0 F9000 X187.619 Y226.42
G1 F3000 X174.78 Y213.58 E798.64836
G1 X174.63 Y213.579
G1 X171.189 Y226.42 E798.91366
G0 F9000 X170.649 Y226.42
G1 F3000 X157.809 Y213.58 E799.27603
G0 F9000 X155.995 Y213.58
G1 F3000 X152.554 Y226.42 E799.54131
G0 F9000 X153.678 Y226.42
G1 F3000 X140.839 Y213.58 E799.90367
G0 F9000 X143.572 Y213.58
G1 F3000 X140.131 Y226.421 E800.16897
G0 F9000 X145.193 Y226.42
G1 F3000 X132.353 Y213.58 E800.53134
G0 F9000 X131.148 Y213.58
G1 F3000 X127.708 Y226.42 E800.79661
G0 F9000 X128.223 Y226.42
G1 F3000 X118.58 Y216.778 E801.06875
G0 F9000 X118.58 Y218.7
G1 F3000 X137.69 Y213.58 E801.46356
G0 F9000 X137.36 Y213.58
G1 F3000 X133.919 Y226.42 E801.72883
G0 F9000 X146.343 Y226.42
G1 F3000 X149.783 Y213.579 E801.99413
G0 F9000 X149.324 Y213.58
G1 F3000 X162.164 Y226.42 E802.3565
G0 F9000 X164.978 Y226.42
G1 F3000 X168.418 Y213.579 E802.62179
G0 F9000 X166.295 Y213.58
G1 F3000 X179.134 Y226.42 E802.98415
G0 F9000 X202.247 Y226.421
G1 F3000 X205.688 Y213.58 E803.24945
G0 F9000 X211.9 Y213.579
G1 F3000 X208.459 Y226.42 E803.51474
G1 F2700 E798.51474
G0 F9000 X118.725 Y213.58
G1 F2700 E803.51474
G1 F3000 X118.58 Y214.121 E803.52592
G0 F9000 X118.71 Y214.121
G1 F2700 E798.52592
;MESH:NONMESH
G0 F300 X118.71 Y214.121 Z1.32
G0 F9000 X177.562 Y226.5
;TIME_ELAPSED:1849.721359
;LAYER:10
;TYPE:WALL-INNER
;MESH:BusConnAssyAid.stl
G1 F2700 E803.52592
G1 F1500 X241.5 Y226.5 E804.80187
G1 X241.5 Y213.5 E805.0613
G1 X118.5 Y213.5 E807.5159
G1 X118.5 Y226.5 E807.77533
G1 X177.562 Y226.5 E808.95397
G0 F9000 X177.412 Y226.9
G1 F1500 X241.9 Y226.9 E810.2409
G1 X241.9 Y213.1 E810.5163
G1 X118.1 Y213.1 E812.98686
G1 X118.1 Y226.9 E813.26225
G1 X177.412 Y226.9 E814.44589
G0 F9000 X177.262 Y227.3
;TYPE:WALL-OUTER
G1 F1500 X242.3 Y227.3 E815.74379
G1 X242.3 Y212.7 E816.03515
G1 X117.7 Y212.7 E818.52168
G1 X117.7 Y227.3 E818.81304
G1 X177.262 Y227.3 E820.00166
G0 F9000 X177.313 Y226.42
;TYPE:FILL
G1 F3000 X180.754 Y213.579 E820.26696
G0 F9000 X183.385 Y213.58
G1 F3000 X196.225 Y226.42 E820.62933
G0 F9000 X195.948 Y226.42
G1 F3000 X199.389 Y213.579 E820.89463
G0 F9000 X200.356 Y213.58
G1 F3000 X213.196 Y226.42 E821.257
G0 F9000 X214.583 Y226.42
G1 F3000 X218.024 Y213.579 E821.5223
G0 F9000 X217.326 Y213.58
G1 F3000 X230.166 Y226.42 E821.88467
G0 F9000 X229.19 Y226.42
G1 F3000 X241.42 Y223.143 E822.13734
G0 F9000 X241.42 Y220.704
G1 F3000 X234.297 Y213.58 E822.33838
G0 F9000 X236.659 Y213.579
G1 F3000 X233.218 Y226.42 E822.60368
G0 F9000 X238.651 Y226.42
G1 F3000 X225.812 Y213.58 E822.96604
G0 F9000 X224.235 Y213.579
G1 F3000 X220.794 Y226.421 E823.23136
G0 F9000 X221.681 Y226.42
G1 F3000 X208.841 Y213.58 E823.59373
G0 F9000 X207.563 Y213.58
G1 F3000 X159.644 Y226.42 E824.58374
G0 F9000 X158.678 Y226.42
G1 F3000 X162.119 Y213.58 E824.84902
G0 F9000 X161.2 Y213.58
G1 F3000 X118.581 Y225 E825.72953
G1 X118.58 Y225.143
G1 X119.857 Y226.42 E825.76557
G0 F9000 X121.408 Y226.42
G1 F3000 X124.849 Y213.58 E826.03085
G0 F9000 X123.988 Y213.58
G1 F3000 X136.828 Y226.42 E826.39322
G0 F9000 X136.462 Y226.42
G1 F3000 X184.382 Y213.58 E827.38325
G0 F9000 X186.965 Y213.58
G1 F3000 X183.524 Y226.421 E827.64854
G0 F9000 X182.826 Y226.42
G1 F3000 X230.745 Y213.58 E828.63855
G0 F9000 X230.447 Y213.58
G1 F3000 X227.006 Y226.421 E828.90385
G0 F9000 X239.429 Y226.421
G1 F3000 X241.42 Y218.992 E829.05734
G0 F9000 X241.419 Y216.932
G1 F3000 X206.008 Y226.42 E829.78893
G0 F9000 X204.71 Y226.42
G1 F3000 X191.871 Y213.58 E830.15129
G0 F9000 X193.177 Y213.579
G1 F3000 X189.736 Y226.42 E830.41658
G0 F9000 X187.74 Y226.42
G1 F3000 X174.9 Y213.58 E830.77896
G0 F9000 X174.542 Y213.579
G1 F3000 X171.101 Y226.42 E831.04425
G0 F9000 X170.769 Y226.42
G1 F3000 X157.929 Y213.58 E831.40663
G0 F9000 X155.907 Y213.579
G1 F3000 X152.466 Y226.42 E831.67192
G0 F9000 X153.799 Y226.42
G1 F3000 X140.959 Y213.58 E832.0343
G0 F9000 X143.484 Y213.58
G1 F3000 X140.043 Y226.42 E832.29957
G0 F9000 X145.313 Y226.42
G1 F3000 X132.474 Y213.58 E832.66193
G0 F9000 X131.06 Y213.579
G1 F3000 X127.62 Y226.42 E832.92722
G0 F9000 X128.343 Y226.42
G1 F3000 X118.58 Y216.658 E833.20274
G0 F9000 X118.581 Y218.788
G1 F3000 X138.018 Y213.58 E833.60431
G0 F9000 X137.272 Y213.58
G1 F3000 X133.831 Y226.42 E833.86959
G0 F9000 X146.255 Y226.421
G1 F3000 X149.695 Y213.58 E834.13488
G0 F9000 X149.444 Y213.58
G1 F3000 X162.284 Y226.42 E834.49725
G0 F9000 X164.889 Y226.421
G1 F3000 X168.33 Y213.58 E834.76255
G0 F9000 X166.415 Y213.58
G1 F3000 X179.254 Y226.42 E835.12491
G0 F9000 X202.159 Y226.421
G1 F3000 X205.6 Y213.579 E835.39023
G0 F9000 X211.812 Y213.579
G1 F3000 X208.371 Y226.421 E835.65554
G1 F2700 E830.65554
G0 F9000 X118.637 Y213.58
G1 F2700 E835.65554
G1 F3000 X118.58 Y213.793 E835.65994
G0 F9000 X118.71 Y213.793
G1 F2700 E830.65994
;MESH:NONMESH
G0 F300 X118.71 Y213.793 Z1.44
G0 F9000 X177.562 Y226.5
;TIME_ELAPSED:1908.844562
;LAYER:11
;TYPE:WALL-INNER
;MESH:BusConnAssyAid.stl
G1 F2700 E835.65994
G1 F1500 X241.5 Y226.5 E836.93589
G1 X241.5 Y213.5 E837.19532
G1 X118.5 Y213.5 E839.64992
G1 X118.5 Y226.5 E839.90935
G1 X177.562 Y226.5 E841.088
G0 F9000 X177.412 Y226.9
G1 F1500 X241.9 Y226.9 E842.37492
G1 X241.9 Y213.1 E842.65032
G1 X118.1 Y213.1 E845.12088
G1 X118.1 Y226.9 E845.39628
G1 X177.412 Y226.9 E846.57991
G0 F9000 X177.262 Y227.3
;TYPE:WALL-OUTER
G1 F1500 X242.3 Y227.3 E847.87781
G1 X242.3 Y212.7 E848.16917
G1 X117.7 Y212.7 E850.6557
G1 X117.7 Y227.3 E850.94706
G1 X177.262 Y227.3 E852.13568
G0 F9000 X177.225 Y226.42
;TYPE:FILL
G1 F3000 X180.666 Y213.579 E852.40098
G0 F9000 X183.506 Y213.58
G1 F3000 X196.345 Y226.42 E852.76334
G0 F9000 X195.86 Y226.42
G1 F3000 X199.301 Y213.579 E853.02864
G0 F9000 X200.476 Y213.58
G1 F3000 X213.316 Y226.42 E853.39101
G0 F9000 X214.495 Y226.42
G1 F3000 X217.936 Y213.579 E853.65631
G0 F9000 X217.447 Y213.58
G1 F3000 X230.286 Y226.42 E854.01866
G0 F9000 X229.52 Y226.42
G1 F3000 X241.42 Y223.231 E854.26452
G0 F9000 X241.42 Y220.583
G1 F3000 X234.417 Y213.58 E854.46216
G0 F9000 X236.571 Y213.579
G1 F3000 X233.13 Y226.421 E854.72748
G0 F9000 X238.772 Y226.42
G1 F3000 X225.932 Y213.58 E855.08985
G0 F9000 X224.147 Y213.579
G1 F3000 X220.706 Y226.421 E855.35517
G0 F9000 X221.801 Y226.42
G1 F3000 X208.961 Y213.58 E855.71754
G0 F9000 X207.892 Y213.58
G1 F3000 X159.972 Y226.42 E856.70757
G0 F9000 X158.59 Y226.42
G1 F3000 X162.031 Y213.579 E856.97286
G0 F9000 X161.528 Y213.58
G1 F3000 X118.581 Y225.088 E857.86015
G1 X118.58 Y225.023
G1 X119.978 Y226.42 E857.89959
G0 F9000 X121.32 Y226.42
G1 F3000 X124.761 Y213.58 E858.16487
G0 F9000 X124.109 Y213.58
G1 F3000 X136.948 Y226.42 E858.52723
G1 X136.79 Y226.42
G1 X184.71 Y213.58 E859.51726
G0 F9000 X186.877 Y213.579
G1 F3000 X183.436 Y226.421 E859.78258
G0 F9000 X183.155 Y226.42
G1 F3000 X231.073 Y213.58 E860.77257
G0 F9000 X230.359 Y213.579
G1 F3000 X226.918 Y226.421 E861.03788
G0 F9000 X239.341 Y226.421
G1 F3000 X241.42 Y218.664 E861.19815
G0 F9000 X241.419 Y217.02
G1 F3000 X206.337 Y226.42 E861.92294
G0 F9000 X204.83 Y226.42
G1 F3000 X191.991 Y213.58 E862.2853
G0 F9000 X193.089 Y213.58
G1 F3000 X189.648 Y226.421 E862.5506
G0 F9000 X187.86 Y226.42
G1 F3000 X175.02 Y213.58 E862.91297
G0 F9000 X174.454 Y213.58
G1 F3000 X171.013 Y226.421 E863.17827
G1 X170.889 Y226.42
G1 X158.05 Y213.58 E863.54062
G0 F9000 X155.819 Y213.579
G1 F3000 X152.378 Y226.42 E863.80592
G0 F9000 X153.919 Y226.42
G1 F3000 X141.079 Y213.58 E864.16829
G0 F9000 X143.395 Y213.58
G1 F3000 X139.955 Y226.42 E864.43357
G0 F9000 X145.433 Y226.42
G1 F3000 X132.594 Y213.58 E864.79593
G0 F9000 X130.972 Y213.58
G1 F3000 X127.532 Y226.421 E865.06122
G0 F9000 X128.463 Y226.42
G1 F3000 X118.58 Y216.537 E865.34014
G0 F9000 X118.581 Y218.876
G1 F3000 X138.347 Y213.58 E865.7485
G0 F9000 X137.184 Y213.579
G1 F3000 X133.743 Y226.42 E866.0138
G0 F9000 X146.166 Y226.421
G1 F3000 X149.607 Y213.58 E866.2791
G1 X149.564 Y213.58
G1 X162.404 Y226.42 E866.64147
G0 F9000 X164.801 Y226.421
G1 F3000 X168.242 Y213.58 E866.90677
G0 F9000 X166.535 Y213.58
G1 F3000 X179.375 Y226.42 E867.26914
G0 F9000 X202.071 Y226.421
G1 F3000 X205.512 Y213.579 E867.53446
G0 F9000 X211.724 Y213.58
G1 F3000 X208.283 Y226.421 E867.79975
G0 F9000 X208.283 Y226.29
G1 F2700 E862.79975
;MESH:NONMESH
G0 F300 X208.283 Y226.29 Z1.56
G0 F9000 X177.562 Y226.5
;TIME_ELAPSED:1966.455899
;LAYER:12
;TYPE:WALL-INNER
;MESH:BusConnAssyAid.stl
G1 F2700 E867.79975
G1 F1500 X241.5 Y226.5 E869.0757
G1 X241.5 Y213.5 E869.33513
G1 X118.5 Y213.5 E871.78973
G1 X118.5 Y226.5 E872.04916
G1 X177.562 Y226.5 E873.22781
G0 F9000 X177.412 Y226.9
G1 F1500 X241.9 Y226.9 E874.51473
G1 X241.9 Y213.1 E874.79013
G1 X118.1 Y213.1 E877.26069
G1 X118.1 Y226.9 E877.53609
G1 X177.412 Y226.9 E878.71972
G0 F9000 X177.262 Y227.3
;TYPE:WALL-OUTER
G1 F1500 X242.3 Y227.3 E880.01762
G1 X242.3 Y212.7 E880.30898
G1 X117.7 Y212.7 E882.79551
G1 X117.7 Y227.3 E883.08687
G1 X177.262 Y227.3 E884.27549
G0 F9000 X177.137 Y226.42
;TYPE:FILL
G1 F3000 X180.578 Y213.579 E884.54079
G0 F9000 X183.626 Y213.58
G1 F3000 X196.465 Y226.42 E884.90315
G0 F9000 X195.772 Y226.421
G1 F3000 X199.213 Y213.58 E885.16845
G0 F9000 X200.596 Y213.58
G1 F3000 X213.436 Y226.42 E885.53082
G0 F9000 X214.407 Y226.421
G1 F3000 X217.847 Y213.58 E885.79611
G0 F9000 X217.567 Y213.58
G1 F3000 X230.407 Y226.42 E886.15848
G0 F9000 X229.848 Y226.42
G1 F3000 X241.419 Y223.319 E886.39754
G0 F9000 X241.42 Y220.463
G1 F3000 X234.537 Y213.58 E886.5918
G0 F9000 X236.483 Y213.579
G1 F3000 X233.042 Y226.421 E886.85711
G0 F9000 X238.892 Y226.42
G1 F3000 X226.052 Y213.58 E887.21949
G0 F9000 X224.059 Y213.579
G1 F3000 X220.618 Y226.42 E887.48478
G0 F9000 X221.921 Y226.42
G1 F3000 X209.082 Y213.58 E887.84714
G0 F9000 X208.221 Y213.58
G1 F3000 X160.3 Y226.42 E888.83719
G0 F9000 X158.502 Y226.42
G1 F3000 X161.943 Y213.579 E889.10249
G1 X161.857 Y213.58
G1 X118.581 Y225.176 E889.99657
G0 F9000 X118.58 Y224.902
G1 F3000 X120.098 Y226.42 E890.03941
G0 F9000 X121.232 Y226.42
G1 F3000 X124.672 Y213.58 E890.30469
G0 F9000 X124.229 Y213.58
G1 F3000 X137.068 Y226.42 E890.66704
G1 X137.118 Y226.42
G1 X185.039 Y213.58 E891.65709
G0 F9000 X186.789 Y213.579
G1 F3000 X183.349 Y226.42 E891.92239
G1 X183.483 Y226.42
G1 X231.402 Y213.58 E892.91239
G0 F9000 X230.271 Y213.579
G1 F3000 X226.83 Y226.421 E893.17771
G0 F9000 X239.253 Y226.42
G1 F3000 X241.42 Y218.336 E893.34473
G0 F9000 X241.42 Y217.108
G1 F3000 X206.665 Y226.42 E894.06277
G0 F9000 X208.195 Y226.421
G1 F3000 X211.636 Y213.579 E894.32809
G0 F9000 X205.424 Y213.579
G1 F3000 X201.984 Y226.42 E894.59338
G0 F9000 X204.951 Y226.42
G1 F3000 X192.111 Y213.58 E894.95575
G0 F9000 X193.001 Y213.58
G1 F3000 X189.56 Y226.421 E895.22105
G0 F9000 X187.98 Y226.42
G1 F3000 X175.14 Y213.58 E895.58342
G0 F9000 X174.366 Y213.58
G1 F3000 X170.925 Y226.421 E895.84872
G1 X171.01 Y226.42
G1 X158.17 Y213.58 E896.21109
G0 F9000 X155.731 Y213.58
G1 F3000 X152.29 Y226.421 E896.47639
G0 F9000 X154.039 Y226.42
G1 F3000 X141.199 Y213.58 E896.83876
G0 F9000 X143.308 Y213.579
G1 F3000 X139.867 Y226.42 E897.10406
G0 F9000 X145.554 Y226.42
G1 F3000 X132.714 Y213.58 E897.46643
G0 F9000 X130.884 Y213.58
G1 F3000 X127.444 Y226.42 E897.7317
G0 F9000 X128.583 Y226.42
G1 F3000 X118.58 Y216.417 E898.01401
G0 F9000 X118.581 Y218.964
G1 F3000 X138.675 Y213.58 E898.42915
G0 F9000 X137.096 Y213.58
G1 F3000 X133.655 Y226.421 E898.69445
G0 F9000 X146.079 Y226.42
G1 F3000 X149.519 Y213.58 E898.95972
G1 X149.685 Y213.58
G1 X162.524 Y226.42 E899.32208
G0 F9000 X164.714 Y226.42
G1 F3000 X168.154 Y213.579 E899.58737
G0 F9000 X166.655 Y213.58
G1 F3000 X179.495 Y226.42 E899.94974
G0 F9000 X179.495 Y226.29
;MESH:NONMESH
G0 F300 X179.495 Y226.29 Z1.68
G0 F9000 X177.562 Y226.5
;TIME_ELAPSED:2023.224502
;LAYER:13
;TYPE:WALL-INNER
;MESH:BusConnAssyAid.stl
G1 F1500 X241.5 Y226.5 E901.22569
G1 X241.5 Y213.5 E901.48512
G1 X118.5 Y213.5 E903.93972
G1 X118.5 Y226.5 E904.19915
G1 X177.562 Y226.5 E905.3778
G0 F9000 X177.412 Y226.9
G1 F1500 X241.9 Y226.9 E906.66472
G1 X241.9 Y213.1 E906.94012
G1 X118.1 Y213.1 E909.41068
G1 X118.1 Y226.9 E909.68608
G1 X177.412 Y226.9 E910.86971
G0 F9000 X177.262 Y227.3
;TYPE:WALL-OUTER
G1 F1500 X242.3 Y227.3 E912.16761
G1 X242.3 Y212.7 E912.45897
G1 X117.7 Y212.7 E914.9455
G1 X117.7 Y227.3 E915.23686
G1 X177.262 Y227.3 E916.42548
G0 F9000 X177.05 Y226.421
;TYPE:FILL
G1 F3000 X177.27 Y225.6 E916.44245
G1 X178.793 Y225.6 E916.47284
G1 X167.593 Y214.4 E916.78893
G1 X161.637 Y214.4 E916.90779
G1 X161.2 Y216.03 E916.94146
G0 F9000 X161.637 Y214.4
G1 F3000 X161.856 Y213.58 E916.9584
G0 F9000 X162.182 Y213.58
G1 F3000 X161.2 Y213.842 E916.97868
G0 F9000 X159.108 Y214.4
G1 F3000 X158.289 Y213.58 E917.00181
G0 F9000 X155.644 Y213.579
G1 F3000 X155.423 Y214.4 E917.01878
G1 X150.624 Y214.4 E917.11455
G1 X149.803 Y213.58 E917.1377
G0 F9000 X149.432 Y213.579
G1 F3000 X149.211 Y214.4 E917.15467
G1 X143.002 Y214.4 E917.27858
G1 X139.999 Y225.6 E917.50998
G1 X136.368 Y225.6 E917.58244
G1 X125.169 Y214.4 E917.89851
G0 F9000 X124.473 Y214
G1 F3000 X118.7 Y214 E918.01372
G0 F9000 X118.7 Y214.4
G1 F3000 X124.366 Y214.4 E918.12679
G0 F9000 X124.259 Y214.8
G1 F3000 X118.7 Y214.8 E918.23773
G0 F9000 X118.7 Y215.6
G1 F3000 X124.044 Y215.6 E918.34437
G0 F9000 X123.937 Y216
G1 F3000 X118.7 Y216 E918.44888
G0 F9000 X118.58 Y216.298
G1 F3000 X119.2 Y216.919 E918.4664
G1 X119.2 Y218.886 E918.50565
G1 X118.581 Y219.051 E918.51843
G0 F9000 X119.2 Y218.885
G0 X119.2 Y216.919
G1 F3000 X127.883 Y225.6 E918.76346
G1 X133.787 Y225.6 E918.88128
G1 X136.791 Y214.4 E919.11269
G1 X142.137 Y214.4 E919.21937
G1 X153.339 Y225.6 E919.53549
G1 X158.634 Y225.6 E919.64116
G1 X158.415 Y226.421 E919.65811
G0 F9000 X160.625 Y226.42
G1 F3000 X205.485 Y214.4 E920.58492
G0 F9000 X205.117 Y214.4
G1 F3000 X202.115 Y225.6 E920.81632
G1 X202.117 Y225.6
G1 X195.905 Y225.6 E920.94029
G1 X198.907 Y214.4 E921.17168
G1 X201.534 Y214.4 E921.22411
G1 X212.736 Y225.6 E921.54022
G1 X214.539 Y225.6 E921.57621
G1 X214.32 Y226.42 E921.59314
G0 F9000 X213.555 Y226.42
G1 F3000 X212.734 Y225.6 E921.6163
G1 X212.736 Y225.6
G1 X210.05 Y225.6 E921.6699
G1 X206.99 Y226.42 E921.73312
G0 F9000 X208.108 Y226.42
G1 F3000 X208.327 Y225.6 E921.75006
G0 F9000 X210.05 Y225.6
G1 F3000 X235.6 Y218.755 E922.27792
G1 X235.6 Y216.549 E922.32194
G1 X233.174 Y225.6 E922.50894
G1 X229.706 Y225.6 E922.57815
G1 X218.507 Y214.4 E922.89422
G0 F9000 X217.54 Y214.4
G1 F3000 X214.54 Y225.6 E923.12561
G1 X220.75 Y225.6 E923.24954
G1 X220.531 Y226.421 E923.26649
G0 F9000 X220.75 Y225.6
G1 F3000 X223.753 Y214.4 E923.4979
G1 X226.99 Y214.4 E923.56249
G1 X235.6 Y223.01 E923.80549
G1 X235.6 Y224.967 E923.84454
G1 X234.529 Y225.253 E923.86666
G1 X238.08 Y225.489 E923.93768
G1 X238.192 Y225.6 E923.94083
G1 X239.385 Y225.6 E923.96464
G1 X240.8 Y220.322 E924.07368
G1 X240.8 Y223.573 E924.13856
G1 X235.727 Y224.932 E924.24337
G1 X237.651 Y225.059 E924.28185
G1 X238.08 Y225.489 E924.29397
G1 X238.192 Y225.6
G1 X238.509 Y225.918 E924.30293
G0 F9000 X239.011 Y226.42
G1 F3000 X238.509 Y225.918 E924.3171
G1 X233.331 Y225.574 E924.42066
G1 X234.529 Y225.253 E924.44541
G0 F9000 X235.6 Y224.967
G1 F3000 X235.727 Y224.932 E924.44804
G0 F9000 X236.8 Y224.208
G1 F3000 X235.6 Y223.008 E924.4819
G1 X235.6 Y218.754 E924.5668
G1 X236.8 Y218.432 E924.59159
G1 X236.8 Y218.433
G1 X241.419 Y217.195 E924.68702
G0 F9000 X240.8 Y217.36
G1 F3000 X240.8 Y219.674 E924.7332
G0 F9000 X240.8 Y220.322
G1 F3000 X241.42 Y218.011 E924.78095
G0 F9000 X240.626 Y217.407
G1 F3000 X240.819 Y213.7 E924.85503
G0 F9000 X240.418 Y213.7
G1 F3000 X240.219 Y217.516 E924.93128
G0 F9000 X239.407 Y217.734
G1 F3000 X239.617 Y213.7 E925.01189
G0 F9000 X239.216 Y213.7
G1 F3000 X239.001 Y217.843 E925.09468
G0 F9000 X238.235 Y217.158
G1 F3000 X238.415 Y213.7 E925.16379
G0 F9000 X238.015 Y213.7
G1 F3000 X237.855 Y216.777 E925.22527
G0 F9000 X237.474 Y216.396
G1 F3000 X237.614 Y213.7 E925.27915
G0 F9000 X236.813 Y213.7
G1 F3000 X236.712 Y215.634 E925.3178
G1 X236.8 Y215.725
G1 X241.42 Y220.344 E925.44817
G0 F9000 X241.419 Y223.407
G1 F3000 X240.8 Y223.573 E925.46096
G0 F9000 X241.3 Y224.593
G1 F3000 X239.717 Y224.368 E925.49286
G0 F9000 X239.612 Y224.757
G1 F3000 X241.3 Y224.997 E925.52689
G0 F9000 X241.3 Y225.401
G1 F3000 X239.508 Y225.146 E925.56301
G0 F9000 X239.404 Y225.535
G1 F3000 X241.3 Y225.805 E925.60123
G0 F9000 X239.385 Y225.6
G1 F3000 X239.166 Y226.421 E925.61819
G0 F9000 X237.651 Y225.059
G1 F3000 X236.8 Y224.208 E925.6422
G1 X236.8 Y218.432 E925.75747
G1 X236.8 Y215.725 E925.81149
G1 X235.475 Y214.4 E925.84889
G1 X229.965 Y214.4 E925.95884
G1 X229.75 Y215.2 E925.97537
G0 F9000 X229.965 Y214.4
G1 F3000 X230.184 Y213.58 E925.99231
G0 F9000 X231.727 Y213.58
G1 F3000 X228.665 Y214.4 E926.05557
G0 F9000 X226.992 Y214.4
G0 X226.171 Y213.58
G1 F3000 X226.992 Y214.4 E926.07873
G1 X228.665 Y214.4 E926.11211
G1 X186.869 Y225.6 E926.97563
G1 X183.483 Y225.6 E927.0432
G1 X186.483 Y214.4 E927.27458
G1 X192.693 Y214.4 E927.39851
G1 X192.914 Y213.579 E927.41548
G0 F9000 X192.23 Y213.58
G1 F3000 X193.05 Y214.4 E927.43862
G1 X198.905 Y214.4 E927.55546
G1 X199.126 Y213.579 E927.57243
G0 F9000 X198.907 Y214.4
G0 X200.715 Y213.58
G1 F3000 X201.536 Y214.4 E927.59559
G1 X205.117 Y214.4 E927.66705
G1 X205.337 Y213.58 E927.68399
G0 F9000 X208.545 Y213.58
G1 F3000 X205.485 Y214.4 E927.74721
G1 X210.019 Y214.4 E927.83769
G1 X221.221 Y225.6 E928.15381
G1 X226.962 Y225.6 E928.26838
G1 X229.75 Y215.2 E928.48325
G1 X235.961 Y215.2 E928.6072
G1 X236.396 Y213.579 E928.64069
G0 F9000 X235.6 Y213.7
G1 F3000 X235.6 Y214.523 E928.65711
G1 X235.475 Y214.4
G1 X234.656 Y213.58 E928.68024
G0 F9000 X235.961 Y215.2
G1 F3000 X235.6 Y216.549 E928.70811
G0 F9000 X235.6 Y218.754
G0 X235.6 Y223.01
G0 X233.331 Y225.574
G1 F3000 X230.172 Y226.42 E928.77337
G0 F9000 X230.525 Y226.42
G1 F3000 X229.704 Y225.6 E928.79653
G1 X226.964 Y225.6 E928.85121
G1 X226.743 Y226.421 E928.86818
G0 F9000 X226.964 Y225.6
G0 X229.706 Y225.6
G0 X232.955 Y226.42
G1 F3000 X233.174 Y225.6 E928.88511
G0 F9000 X222.04 Y226.42
G1 F3000 X221.221 Y225.6 E928.90824
G0 F9000 X223.753 Y214.4
G0 X223.972 Y213.579
G1 F3000 X223.751 Y214.4 E928.92521
G1 X218.507 Y214.4 E929.02986
G1 X217.686 Y213.58 E929.05301
G1 X217.761 Y213.579
G1 X217.54 Y214.4 E929.06998
G1 X211.33 Y214.4 E929.19391
G1 X208.327 Y225.6 E929.42531
G1 X204.25 Y225.6 E929.50667
G1 X193.05 Y214.4 E929.82276
G0 F9000 X192.693 Y214.4
G1 F3000 X189.693 Y225.6 E930.05415
G1 X195.763 Y225.6 E930.17528
G1 X184.564 Y214.4 E930.49136
G1 X182.302 Y214.4 E930.5365
G1 X185.363 Y213.58 E930.59974
G0 F9000 X184.566 Y214.4
G0 X183.745 Y213.58
G1 F3000 X184.566 Y214.4 E930.62289
G1 X186.482 Y214.4 E930.66113
G1 X186.702 Y213.58 E930.67807
G0 F9000 X186.483 Y214.4
G0 X182.302 Y214.4
G0 X180.491 Y213.579
G1 F3000 X180.27 Y214.4 E930.69504
G1 X176.08 Y214.4 E930.77865
G1 X175.259 Y213.58 E930.80181
G0 F9000 X174.279 Y213.579
G1 F3000 X174.058 Y214.4 E930.81878
G1 X167.848 Y214.4 E930.9427
G1 X164.848 Y225.6 E931.17409
G1 X170.307 Y225.6 E931.28303
G1 X159.108 Y214.4 E931.59911
G1 X155.425 Y214.4 E931.6726
G1 X152.422 Y225.6 E931.90401
G1 X146.212 Y225.6 E932.02793
G1 X145.992 Y226.42 E932.04488
G0 F9000 X145.672 Y226.42
G1 F3000 X144.851 Y225.6 E932.06803
G1 X140.505 Y225.6 E932.15476
G1 X182.301 Y214.4 E933.01827
G1 X180.272 Y214.4 E933.05876
G1 X177.269 Y225.6 E933.29017
G1 X171.058 Y225.6 E933.41411
G1 X170.838 Y226.42 E933.43106
G0 F9000 X171.128 Y226.42
G1 F3000 X170.307 Y225.6 E933.45421
G0 F9000 X171.058 Y225.6
G1 F3000 X174.06 Y214.4 E933.68561
G1 X176.078 Y214.4 E933.72588
G1 X187.28 Y225.6 E934.042
G0 F9000 X186.869 Y225.6
G1 F3000 X183.807 Y226.42 E934.10526
G0 F9000 X183.262 Y226.421
G1 F3000 X183.481 Y225.6 E934.12221
G1 X178.795 Y225.6 E934.21573
G1 X179.614 Y226.42 E934.23886
G0 F9000 X177.27 Y225.6
G0 X183.483 Y225.6
G0 X188.099 Y226.42
G1 F3000 X187.28 Y225.6 E934.26198
G1 X189.692 Y225.6 E934.31012
G1 X189.473 Y226.42 E934.32706
G0 F9000 X189.693 Y225.6
G0 X195.685 Y226.421
G1 F3000 X195.905 Y225.6 E934.34402
G1 X195.763 Y225.6
G1 X196.584 Y226.42 E934.36717
G0 F9000 X201.896 Y226.421
G1 F3000 X202.117 Y225.6 E934.38414
G1 X204.248 Y225.6 E934.42667
G1 X205.069 Y226.42 E934.44982
G0 F9000 X204.25 Y225.6
G0 X201.536 Y214.4
G0 X209.2 Y213.58
G1 F3000 X210.021 Y214.4 E934.47298
G1 X211.329 Y214.4 E934.49908
G1 X211.549 Y213.579 E934.51605
G0 F9000 X211.33 Y214.4
G0 X210.021 Y214.4
G0 X180.272 Y214.4
G0 X176.08 Y214.4
G0 X174.06 Y214.4
G0 X168.067 Y213.58
G1 F3000 X167.848 Y214.4 E934.53298
G0 F9000 X167.593 Y214.4
G1 F3000 X166.774 Y213.58 E934.55611
G0 F9000 X155.425 Y214.4
G0 X150.624 Y214.4
G0 X149.213 Y214.4
G0 X143.221 Y213.58
G1 F3000 X143.002 Y214.4 E934.57305
G1 X142.139 Y214.4 E934.59027
G1 X141.318 Y213.58 E934.61343
G0 F9000 X142.139 Y214.4
G0 X143.002 Y214.4
G0 X139 Y213.58
G1 F3000 X135.937 Y214.4 E934.6767
G0 F9000 X136.791 Y214.4
G1 F3000 X137.009 Y213.58 E934.69364
G0 F9000 X133.654 Y214.4
G0 X132.833 Y213.58
G1 F3000 X133.654 Y214.4 E934.71679
G1 X135.937 Y214.4 E934.76235
G1 X119.2 Y218.885 E935.10814
G1 X119.2 Y225.098 E935.23213
G1 X118.581 Y225.263 E935.24491
G0 F9000 X118.58 Y224.784
G1 F3000 X119.397 Y225.6 E935.26796
G1 X121.365 Y225.6 E935.30723
G1 X124.586 Y213.58 E935.55557
G0 F9000 X124.348 Y213.58
G1 F3000 X125.169 Y214.4 E935.57872
G1 X130.576 Y214.4 E935.68662
G1 X130.797 Y213.579 E935.70359
G0 F9000 X130.578 Y214.4
G0 X123.83 Y216.4
G1 F3000 X118.7 Y216.4 E935.80597
G0 F9000 X119.2 Y225.098
G1 F3000 X161.2 Y213.842 E936.6737
G1 X161.2 Y216.03 E936.71736
G1 X158.636 Y225.6 E936.91508
G1 X161.822 Y225.6 E936.97866
G1 X150.622 Y214.4 E937.29475
G1 X149.213 Y214.4 E937.32287
G1 X146.211 Y225.6 E937.55426
G1 X144.853 Y225.6 E937.58136
G1 X133.652 Y214.4 E937.89747
G1 X130.578 Y214.4 E937.95881
G1 X127.576 Y225.6 E938.19021
G1 X121.366 Y225.6 E938.31414
G1 X121.145 Y226.421 E938.3311
G0 F9000 X121.366 Y225.6
G0 X120.217 Y226.42
G1 F3000 X119.397 Y225.6 E938.35424
G0 F9000 X127.357 Y226.42
G1 F3000 X127.576 Y225.6 E938.37118
G0 F9000 X127.883 Y225.6
G1 F3000 X128.702 Y226.42 E938.39431
G0 F9000 X133.568 Y226.42
G1 F3000 X133.788 Y225.6 E938.41125
G1 X136.366 Y225.6 E938.4627
G1 X137.187 Y226.42 E938.48586
G0 F9000 X137.443 Y226.42
G1 F3000 X140.505 Y225.6 E938.54912
G0 F9000 X139.999 Y225.6
G1 F3000 X139.78 Y226.421 E938.56607
G0 F9000 X136.368 Y225.6
G0 X133.788 Y225.6
G0 X144.853 Y225.6
G0 X146.212 Y225.6
G0 X152.203 Y226.42
G1 F3000 X152.422 Y225.6 E938.58301
G1 X153.337 Y225.6 E938.60127
G1 X154.158 Y226.42 E938.62443
G0 F9000 X153.339 Y225.6
G0 X152.422 Y225.6
G0 X161.822 Y225.6
G1 F3000 X162.643 Y226.42 E938.64758
G0 F9000 X164 Y226.3
G1 F3000 X164 Y225.515 E938.66325
G0 F9000 X164.848 Y225.6
G1 F3000 X164.627 Y226.421 E938.68021
G0 F9000 X164.627 Y226.29
;MESH:NONMESH
G0 F300 X164.627 Y226.29 Z1.8
G0 F9000 X177.562 Y226.5
;TIME_ELAPSED:2102.788645
;LAYER:14
;TYPE:WALL-INNER
;MESH:BusConnAssyAid.stl
G1 F1500 X241.5 Y226.5 E939.95617
G1 X241.5 Y213.5 E940.2156
G1 X118.5 Y213.5 E942.67019
G1 X118.5 Y226.5 E942.92962
G1 X177.562 Y226.5 E944.10827
G0 F9000 X177.412 Y226.9
G1 F1500 X241.9 Y226.9 E945.3952
G1 X241.9 Y213.1 E945.67059
G1 X118.1 Y213.1 E948.14115
G1 X118.1 Y226.9 E948.41655
G1 X177.412 Y226.9 E949.60018
G0 F9000 X177.262 Y227.3
;TYPE:WALL-OUTER
G1 F1500 X242.3 Y227.3 E950.89809
G1 X242.3 Y212.7 E951.18944
G1 X117.7 Y212.7 E953.67597
G1 X117.7 Y227.3 E953.96733
G1 X177.262 Y227.3 E955.15595
G1 F2700 E950.15595
G0 F9000 X177.262 Y226.59
G0 X236.228 Y226.328
G0 X236.3 Y224.925
G0 X236.08 Y224.925
;TYPE:FILL
G1 F2700 E955.15595
G1 F3000 X236.419 Y224.834 E955.16296
G0 F9000 X236.2 Y224.834
G0 X236.2 Y223.709
G0 X236.42 Y223.709
G1 F3000 X236.08 Y223.369 E955.17256
G0 F9000 X236.3 Y223.369
G0 X236.3 Y218.713
G0 X236.08 Y218.713
G1 F3000 X236.419 Y218.623 E955.17955
G0 F9000 X236.2 Y218.623
G0 X236.2 Y215.224
G0 X236.42 Y215.224
G1 F3000 X236.08 Y214.884 E955.18915
G0 F9000 X236.08 Y214.428
G1 F3000 X236.308 Y213.579 E955.20669
G0 F9000 X236.28 Y213.922
G0 X236.2 Y226.14
G0 X236.46 Y226.14
;TYPE:SKIN
G1 F1500 X236.46 Y213.86 E955.45175
G1 X241.14 Y213.86 E955.54515
G1 X241.14 Y226.14 E955.79021
G1 X236.46 Y226.14 E955.8836
G0 F9000 X237.253 Y225.94
G1 F1500 X236.66 Y225.346 E955.90035
G0 F9000 X236.66 Y224.781
G1 F1500 X237.819 Y225.94 E955.93306
G0 F9000 X238.385 Y225.94
G1 F1500 X236.66 Y224.215 E955.98175
G0 F9000 X236.66 Y223.649
G1 F1500 X238.95 Y225.94 E956.04639
G0 F9000 X239.516 Y225.94
G1 F1500 X236.66 Y223.084 E956.12699
G0 F9000 X236.66 Y222.518
G1 F1500 X240.082 Y225.94 E956.22357
G0 F9000 X240.648 Y225.94
G1 F1500 X236.66 Y221.952 E956.33612
G0 F9000 X236.66 Y221.387
G1 F1500 X240.94 Y225.667 E956.45691
G0 F9000 X240.94 Y225.101
G1 F1500 X236.66 Y220.821 E956.5777
G0 F9000 X236.66 Y220.255
G1 F1500 X240.94 Y224.535 E956.69849
G0 F9000 X240.94 Y223.97
G1 F1500 X236.66 Y219.69 E956.81928
G0 F9000 X236.66 Y219.124
G1 F1500 X240.94 Y223.404 E956.94007
G0 F9000 X240.94 Y222.838
G1 F1500 X236.66 Y218.558 E957.06086
G0 F9000 X236.66 Y217.993
G1 F1500 X240.94 Y222.273 E957.18165
G0 F9000 X240.94 Y221.707
G1 F1500 X236.66 Y217.427 E957.30244
G0 F9000 X236.66 Y216.861
G1 F1500 X240.94 Y221.141 E957.42324
G0 F9000 X240.94 Y220.576
G1 F1500 X236.66 Y216.295 E957.54404
G0 F9000 X236.66 Y215.73
G1 F1500 X240.94 Y220.01 E957.66483
G0 F9000 X240.94 Y219.444
G1 F1500 X236.66 Y215.164 E957.78562
G0 F9000 X236.66 Y214.598
G1 F1500 X240.94 Y218.879 E957.90643
G0 F9000 X240.94 Y218.313
G1 F1500 X236.688 Y214.06 E958.02644
G0 F9000 X237.253 Y214.06
G1 F1500 X240.94 Y217.747 E958.1305
G0 F9000 X240.94 Y217.181
G1 F1500 X237.819 Y214.06 E958.21858
G0 F9000 X238.385 Y214.06
G1 F1500 X240.94 Y216.616 E958.2907
G0 F9000 X240.94 Y216.05
G1 F1500 X238.95 Y214.06 E958.34686
G0 F9000 X239.516 Y214.06
G1 F1500 X240.94 Y215.484 E958.38705
G0 F9000 X240.94 Y214.919
G1 F1500 X240.082 Y214.06 E958.41128
G0 F9000 X240.648 Y214.06
G1 F1500 X240.94 Y214.353 E958.41953
G1 F2700 E953.41953
G0 F9000 X241.4 Y214.353
G0 X241.328 Y213.672
G0 X236.272 Y213.672
G0 X236.228 Y226.328
G0 X177.698 Y226.4
G0 X177.698 Y226.14
G1 F2700 E958.41953
G1 F1500 X118.86 Y226.14 E959.59371
G1 X118.86 Y213.86 E959.83877
G1 X236.04 Y213.86 E962.17722
G1 X236.04 Y226.14 E962.42228
G1 X177.698 Y226.14 E963.58656
G1 F2700 E958.58656
G0 F9000 X177.698 Y226.4
G0 X118.672 Y226.328
G0 X118.6 Y225.409
G0 X119.06 Y225.409
G1 F2700 E963.58656
G1 F1500 X119.592 Y225.94 E963.60156
G0 F9000 X120.157 Y225.94
G1 F1500 X119.06 Y224.843 E963.63252
G0 F9000 X119.06 Y224.277
G1 F1500 X120.723 Y225.94 E963.67946
G0 F9000 X121.289 Y225.94
G1 F1500 X119.06 Y223.712 E963.74235
G0 F9000 X119.06 Y223.146
G1 F1500 X121.854 Y225.94 E963.8212
G0 F9000 X122.42 Y225.94
G1 F1500 X119.06 Y222.58 E963.91603
G0 F9000 X119.06 Y222.015
G1 F1500 X122.986 Y225.94 E964.02681
G0 F9000 X123.551 Y225.94
G1 F1500 X119.06 Y221.449 E964.15356
G0 F9000 X119.06 Y220.883
G1 F1500 X124.117 Y225.94 E964.29628
G0 F9000 X124.683 Y225.94
G1 F1500 X119.06 Y220.318 E964.45496
G0 F9000 X119.06 Y219.752
G1 F1500 X125.248 Y225.94 E964.6296
G0 F9000 X125.814 Y225.94
G1 F1500 X119.06 Y219.186 E964.82021
G0 F9000 X119.06 Y218.62
G1 F1500 X126.38 Y225.94 E965.0268
G0 F9000 X126.945 Y225.94
G1 F1500 X119.06 Y218.055 E965.24933
G0 F9000 X119.06 Y217.489
G1 F1500 X127.511 Y225.94 E965.48783
G0 F9000 X128.077 Y225.94
G1 F1500 X119.06 Y216.923 E965.74231
G0 F9000 X119.06 Y216.358
G1 F1500 X128.643 Y225.94 E966.01275
G0 F9000 X129.208 Y225.94
G1 F1500 X119.06 Y215.792 E966.29915
G0 F9000 X119.06 Y215.226
G1 F1500 X129.774 Y225.94 E966.60152
G0 F9000 X130.34 Y225.94
G1 F1500 X119.06 Y214.661 E966.91985
G0 F9000 X119.06 Y214.095
G1 F1500 X130.905 Y225.94 E967.25415
G0 F9000 X131.471 Y225.94
G1 F1500 X119.59 Y214.06 E967.58944
G0 F9000 X120.156 Y214.06
G1 F1500 X132.037 Y225.94 E967.92473
G0 F9000 X132.602 Y225.94
G1 F1500 X120.722 Y214.06 E968.26001
G0 F9000 X121.287 Y214.06
G1 F1500 X133.168 Y225.94 E968.5953
G0 F9000 X133.734 Y225.94
G1 F1500 X121.853 Y214.06 E968.9306
G0 F9000 X122.419 Y214.06
G1 F1500 X134.299 Y225.94 E969.26588
G0 F9000 X134.865 Y225.94
G1 F1500 X122.984 Y214.06 E969.60117
G0 F9000 X123.55 Y214.06
G1 F1500 X135.431 Y225.94 E969.93646
G0 F9000 X135.996 Y225.94
G1 F1500 X124.116 Y214.06 E970.27174
G0 F9000 X124.681 Y214.06
G1 F1500 X136.562 Y225.94 E970.60704
G0 F9000 X137.128 Y225.94
G1 F1500 X125.247 Y214.06 E970.94233
G0 F9000 X125.813 Y214.06
G1 F1500 X137.693 Y225.94 E971.27761
G0 F9000 X138.259 Y225.94
G1 F1500 X126.378 Y214.06 E971.6129
G0 F9000 X126.944 Y214.06
G1 F1500 X138.825 Y225.94 E971.9482
G0 F9000 X139.391 Y225.94
G1 F1500 X127.51 Y214.06 E972.28349
G0 F9000 X128.075 Y214.06
G1 F1500 X139.956 Y225.94 E972.61878
G0 F9000 X140.522 Y225.94
G1 F1500 X128.641 Y214.06 E972.95408
G0 F9000 X129.207 Y214.06
G1 F1500 X141.088 Y225.94 E973.28937
G0 F9000 X141.653 Y225.94
G1 F1500 X129.772 Y214.06 E973.62466
G0 F9000 X130.338 Y214.06
G1 F1500 X142.219 Y225.94 E973.95996
G0 F9000 X142.785 Y225.94
G1 F1500 X130.904 Y214.06 E974.29525
G0 F9000 X131.47 Y214.06
G1 F1500 X143.35 Y225.94 E974.63053
G0 F9000 X143.916 Y225.94
G1 F1500 X132.035 Y214.06 E974.96582
G0 F9000 X132.601 Y214.06
G1 F1500 X144.482 Y225.94 E975.30112
G0 F9000 X145.047 Y225.94
G1 F1500 X133.167 Y214.06 E975.63639
G0 F9000 X133.732 Y214.06
G1 F1500 X145.613 Y225.94 E975.97169
G0 F9000 X146.179 Y225.94
G1 F1500 X134.298 Y214.06 E976.30698
G0 F9000 X134.864 Y214.06
G1 F1500 X146.744 Y225.94 E976.64226
G0 F9000 X147.31 Y225.94
G1 F1500 X135.429 Y214.06 E976.97755
G0 F9000 X135.995 Y214.06
G1 F1500 X147.876 Y225.94 E977.31285
G0 F9000 X148.442 Y225.94
G1 F1500 X136.561 Y214.06 E977.64814
G0 F9000 X137.126 Y214.06
G1 F1500 X149.007 Y225.94 E977.98343
G0 F9000 X149.573 Y225.94
G1 F1500 X137.692 Y214.06 E978.31873
G0 F9000 X138.258 Y214.06
G1 F1500 X150.139 Y225.94 E978.65402
G0 F9000 X150.704 Y225.94
G1 F1500 X138.823 Y214.06 E978.98931
G0 F9000 X139.389 Y214.06
G1 F1500 X151.27 Y225.94 E979.32461
G0 F9000 X151.836 Y225.94
G1 F1500 X139.955 Y214.06 E979.6599
G0 F9000 X140.521 Y214.06
G1 F1500 X152.401 Y225.94 E979.99518
G0 F9000 X152.967 Y225.94
G1 F1500 X141.086 Y214.06 E980.33047
G0 F9000 X141.652 Y214.06
G1 F1500 X153.533 Y225.94 E980.66577
G0 F9000 X154.098 Y225.94
G1 F1500 X142.218 Y214.06 E981.00105
G0 F9000 X142.783 Y214.06
G1 F1500 X154.664 Y225.94 E981.33634
G0 F9000 X155.23 Y225.94
G1 F1500 X143.349 Y214.06 E981.67163
G0 F9000 X143.915 Y214.06
G1 F1500 X155.795 Y225.94 E982.00691
G0 F9000 X156.361 Y225.94
G1 F1500 X144.48 Y214.06 E982.34221
G0 F9000 X145.046 Y214.06
G1 F1500 X156.927 Y225.94 E982.6775
G0 F9000 X157.492 Y225.94
G1 F1500 X145.612 Y214.06 E983.01278
G0 F9000 X146.177 Y214.06
G1 F1500 X158.058 Y225.94 E983.34807
G0 F9000 X158.624 Y225.94
G1 F1500 X146.743 Y214.06 E983.68337
G0 F9000 X147.309 Y214.06
G1 F1500 X159.19 Y225.94 E984.01866
G0 F9000 X159.755 Y225.94
G1 F1500 X147.874 Y214.06 E984.35395
G0 F9000 X148.44 Y214.06
G1 F1500 X160.321 Y225.94 E984.68925
G0 F9000 X160.887 Y225.94
G1 F1500 X149.006 Y214.06 E985.02454
G0 F9000 X149.571 Y214.06
G1 F1500 X161.452 Y225.94 E985.35983
G0 F9000 X162.018 Y225.94
G1 F1500 X150.137 Y214.06 E985.69513
G0 F9000 X150.703 Y214.06
G1 F1500 X162.584 Y225.94 E986.03042
G0 F9000 X163.149 Y225.94
G1 F1500 X151.269 Y214.06 E986.3657
G0 F9000 X151.834 Y214.06
G1 F1500 X163.715 Y225.94 E986.70099
G0 F9000 X164.281 Y225.94
G1 F1500 X152.4 Y214.06 E987.03628
G0 F9000 X152.966 Y214.06
G1 F1500 X164.846 Y225.94 E987.37156
G0 F9000 X165.412 Y225.94
G1 F1500 X153.531 Y214.06 E987.70686
G0 F9000 X154.097 Y214.06
G1 F1500 X165.978 Y225.94 E988.04215
G0 F9000 X166.543 Y225.94
G1 F1500 X154.663 Y214.06 E988.37743
G0 F9000 X155.228 Y214.06
G1 F1500 X167.109 Y225.94 E988.71272
G0 F9000 X167.675 Y225.94
G1 F1500 X155.794 Y214.06 E989.04802
G0 F9000 X156.36 Y214.06
G1 F1500 X168.241 Y225.94 E989.38331
G0 F9000 X168.806 Y225.94
G1 F1500 X156.925 Y214.06 E989.7186
G0 F9000 X157.491 Y214.06
G1 F1500 X169.372 Y225.94 E990.0539
G0 F9000 X169.938 Y225.94
G1 F1500 X158.057 Y214.06 E990.38919
G0 F9000 X158.622 Y214.06
G1 F1500 X170.503 Y225.94 E990.72448
G0 F9000 X171.069 Y225.94
G1 F1500 X159.188 Y214.06 E991.05978
G0 F9000 X159.754 Y214.06
G1 F1500 X171.635 Y225.94 E991.39507
G0 F9000 X172.2 Y225.94
G1 F1500 X160.319 Y214.06 E991.73036
G0 F9000 X160.885 Y214.06
G1 F1500 X172.766 Y225.94 E992.06566
G0 F9000 X173.332 Y225.94
G1 F1500 X161.451 Y214.06 E992.40095
G0 F9000 X162.017 Y214.06
G1 F1500 X173.897 Y225.94 E992.73623
G0 F9000 X174.463 Y225.94
G1 F1500 X162.582 Y214.06 E993.07152
G0 F9000 X163.148 Y214.06
G1 F1500 X175.029 Y225.94 E993.40682
G0 F9000 X175.594 Y225.94
G1 F1500 X163.714 Y214.06 E993.7421
G0 F9000 X164.279 Y214.06
G1 F1500 X176.16 Y225.94 E994.07739
G0 F9000 X176.726 Y225.94
G1 F1500 X164.845 Y214.06 E994.41268
G0 F9000 X165.411 Y214.06
G1 F1500 X177.291 Y225.94 E994.74796
G0 F9000 X177.857 Y225.94
G1 F1500 X165.976 Y214.06 E995.08326
G0 F9000 X166.542 Y214.06
G1 F1500 X178.423 Y225.94 E995.41855
G0 F9000 X178.989 Y225.94
G1 F1500 X167.108 Y214.06 E995.75384
G0 F9000 X167.673 Y214.06
G1 F1500 X179.554 Y225.94 E996.08914
G0 F9000 X180.12 Y225.94
G1 F1500 X168.239 Y214.06 E996.42443
G0 F9000 X168.805 Y214.06
G1 F1500 X180.686 Y225.94 E996.75972
G0 F9000 X181.251 Y225.94
G1 F1500 X169.37 Y214.06 E997.09502
G0 F9000 X169.936 Y214.06
G1 F1500 X181.817 Y225.94 E997.43031
G0 F9000 X182.383 Y225.94
G1 F1500 X170.502 Y214.06 E997.7656
G0 F9000 X171.068 Y214.06
G1 F1500 X182.948 Y225.94 E998.10088
G0 F9000 X183.514 Y225.94
G1 F1500 X171.633 Y214.06 E998.43618
G0 F9000 X172.199 Y214.06
G1 F1500 X184.08 Y225.94 E998.77147
G0 F9000 X184.645 Y225.94
G1 F1500 X172.765 Y214.06 E999.10675
G0 F9000 X173.33 Y214.06
G1 F1500 X185.211 Y225.94 E999.44204
G0 F9000 X185.777 Y225.94
G1 F1500 X173.896 Y214.06 E999.77733
G0 F9000 X174.462 Y214.06
G1 F1500 X186.342 Y225.94 E1000.11261
G0 F9000 X186.908 Y225.94
G1 F1500 X175.027 Y214.06 E1000.44791
G0 F9000 X175.593 Y214.06
G1 F1500 X187.474 Y225.94 E1000.7832
G0 F9000 X188.039 Y225.94
G1 F1500 X176.159 Y214.06 E1001.11848
G0 F9000 X176.724 Y214.06
G1 F1500 X188.605 Y225.94 E1001.45377
G0 F9000 X189.171 Y225.94
G1 F1500 X177.29 Y214.06 E1001.78907
G0 F9000 X177.856 Y214.06
G1 F1500 X189.737 Y225.94 E1002.12436
G0 F9000 X190.302 Y225.94
G1 F1500 X178.421 Y214.06 E1002.45965
G0 F9000 X178.987 Y214.06
G1 F1500 X190.868 Y225.94 E1002.79495
G0 F9000 X191.434 Y225.94
G1 F1500 X179.553 Y214.06 E1003.13024
G0 F9000 X180.118 Y214.06
G1 F1500 X191.999 Y225.94 E1003.46553
G0 F9000 X192.565 Y225.94
G1 F1500 X180.684 Y214.06 E1003.80083
G0 F9000 X181.25 Y214.06
G1 F1500 X193.131 Y225.94 E1004.13612
G0 F9000 X193.696 Y225.94
G1 F1500 X181.816 Y214.06 E1004.4714
G0 F9000 X182.381 Y214.06
G1 F1500 X194.262 Y225.94 E1004.80669
G0 F9000 X194.828 Y225.94
G1 F1500 X182.947 Y214.06 E1005.14199
G0 F9000 X183.513 Y214.06
G1 F1500 X195.393 Y225.94 E1005.47727
G0 F9000 X195.959 Y225.94
G1 F1500 X184.078 Y214.06 E1005.81256
G0 F9000 X184.644 Y214.06
G1 F1500 X196.525 Y225.94 E1006.14785
G0 F9000 X197.09 Y225.94
G1 F1500 X185.21 Y214.06 E1006.48313
G0 F9000 X185.775 Y214.06
G1 F1500 X197.656 Y225.94 E1006.81842
G0 F9000 X198.222 Y225.94
G1 F1500 X186.341 Y214.06 E1007.15372
G0 F9000 X186.907 Y214.06
G1 F1500 X198.788 Y225.94 E1007.48901
G0 F9000 X199.353 Y225.94
G1 F1500 X187.472 Y214.06 E1007.82431
G0 F9000 X188.038 Y214.06
G1 F1500 X199.919 Y225.94 E1008.1596
G0 F9000 X200.485 Y225.94
G1 F1500 X188.604 Y214.06 E1008.49489
G0 F9000 X189.169 Y214.06
G1 F1500 X201.05 Y225.94 E1008.83019
G0 F9000 X201.616 Y225.94
G1 F1500 X189.735 Y214.06 E1009.16548
G0 F9000 X190.301 Y214.06
G1 F1500 X202.182 Y225.94 E1009.50077
G0 F9000 X202.747 Y225.94
G1 F1500 X190.867 Y214.06 E1009.83605
G0 F9000 X191.432 Y214.06
G1 F1500 X203.313 Y225.94 E1010.17134
G0 F9000 X203.879 Y225.94
G1 F1500 X191.998 Y214.06 E1010.50664
G0 F9000 X192.564 Y214.06
G1 F1500 X204.444 Y225.94 E1010.84192
G0 F9000 X205.01 Y225.94
G1 F1500 X193.129 Y214.06 E1011.17721
G0 F9000 X193.695 Y214.06
G1 F1500 X205.576 Y225.94 E1011.5125
G0 F9000 X206.141 Y225.94
G1 F1500 X194.261 Y214.06 E1011.84778
G0 F9000 X194.826 Y214.06
G1 F1500 X206.707 Y225.94 E1012.18308
G0 F9000 X207.273 Y225.94
G1 F1500 X195.392 Y214.06 E1012.51837
G0 F9000 X195.958 Y214.06
G1 F1500 X207.838 Y225.94 E1012.85365
G0 F9000 X208.404 Y225.94
G1 F1500 X196.523 Y214.06 E1013.18894
G0 F9000 X197.089 Y214.06
G1 F1500 X208.97 Y225.94 E1013.52424
G0 F9000 X209.536 Y225.94
G1 F1500 X197.655 Y214.06 E1013.85953
G0 F9000 X198.22 Y214.06
G1 F1500 X210.101 Y225.94 E1014.19482
G0 F9000 X210.667 Y225.94
G1 F1500 X198.786 Y214.06 E1014.53012
G0 F9000 X199.352 Y214.06
G1 F1500 X211.233 Y225.94 E1014.86541
G0 F9000 X211.798 Y225.94
G1 F1500 X199.917 Y214.06 E1015.2007
G0 F9000 X200.483 Y214.06
G1 F1500 X212.364 Y225.94 E1015.536
G0 F9000 X212.93 Y225.94
G1 F1500 X201.049 Y214.06 E1015.87129
G0 F9000 X201.615 Y214.06
G1 F1500 X213.495 Y225.94 E1016.20657
G0 F9000 X214.061 Y225.94
G1 F1500 X202.18 Y214.06 E1016.54186
G0 F9000 X202.746 Y214.06
G1 F1500 X214.627 Y225.94 E1016.87716
G0 F9000 X215.192 Y225.94
G1 F1500 X203.312 Y214.06 E1017.21243
G0 F9000 X203.877 Y214.06
G1 F1500 X215.758 Y225.94 E1017.54773
G0 F9000 X216.324 Y225.94
G1 F1500 X204.443 Y214.06 E1017.88302
G0 F9000 X205.009 Y214.06
G1 F1500 X216.889 Y225.94 E1018.2183
G0 F9000 X217.455 Y225.94
G1 F1500 X205.574 Y214.06 E1018.55359
G0 F9000 X206.14 Y214.06
G1 F1500 X218.021 Y225.94 E1018.88889
G0 F9000 X218.587 Y225.94
G1 F1500 X206.706 Y214.06 E1019.22418
G0 F9000 X207.271 Y214.06
G1 F1500 X219.152 Y225.94 E1019.55947
G0 F9000 X219.718 Y225.94
G1 F1500 X207.837 Y214.06 E1019.89477
G0 F9000 X208.403 Y214.06
G1 F1500 X220.284 Y225.94 E1020.23006
G0 F9000 X220.849 Y225.94
G1 F1500 X208.968 Y214.06 E1020.56535
G0 F9000 X209.534 Y214.06
G1 F1500 X221.415 Y225.94 E1020.90065
G0 F9000 X221.981 Y225.94
G1 F1500 X210.1 Y214.06 E1021.23594
G0 F9000 X210.665 Y214.06
G1 F1500 X222.546 Y225.94 E1021.57123
G0 F9000 X223.112 Y225.94
G1 F1500 X211.231 Y214.06 E1021.90653
G0 F9000 X211.797 Y214.06
G1 F1500 X223.678 Y225.94 E1022.24182
G0 F9000 X224.243 Y225.94
G1 F1500 X212.363 Y214.06 E1022.5771
G0 F9000 X212.928 Y214.06
G1 F1500 X224.809 Y225.94 E1022.91239
G0 F9000 X225.375 Y225.94
G1 F1500 X213.494 Y214.06 E1023.24769
G0 F9000 X214.06 Y214.06
G1 F1500 X225.94 Y225.94 E1023.58297
G0 F9000 X226.506 Y225.94
G1 F1500 X214.625 Y214.06 E1023.91826
G0 F9000 X215.191 Y214.06
G1 F1500 X227.072 Y225.94 E1024.25355
G0 F9000 X227.637 Y225.94
G1 F1500 X215.757 Y214.06 E1024.58883
G0 F9000 X216.322 Y214.06
G1 F1500 X228.203 Y225.94 E1024.92413
G0 F9000 X228.769 Y225.94
G1 F1500 X216.888 Y214.06 E1025.25942
G0 F9000 X217.454 Y214.06
G1 F1500 X229.335 Y225.94 E1025.59471
G0 F9000 X229.9 Y225.94
G1 F1500 X218.019 Y214.06 E1025.93001
G0 F9000 X218.585 Y214.06
G1 F1500 X230.466 Y225.94 E1026.2653
G0 F9000 X231.032 Y225.94
G1 F1500 X219.151 Y214.06 E1026.60059
G0 F9000 X219.716 Y214.06
G1 F1500 X231.597 Y225.94 E1026.93589
G0 F9000 X232.163 Y225.94
G1 F1500 X220.282 Y214.06 E1027.27118
G0 F9000 X220.848 Y214.06
G1 F1500 X232.729 Y225.94 E1027.60647
G0 F9000 X233.294 Y225.94
G1 F1500 X221.414 Y214.06 E1027.94175
G0 F9000 X221.979 Y214.06
G1 F1500 X233.86 Y225.94 E1028.27705
G0 F9000 X234.426 Y225.94
G1 F1500 X222.545 Y214.06 E1028.61234
G0 F9000 X223.111 Y214.06
G1 F1500 X234.991 Y225.94 E1028.94762
G0 F9000 X235.557 Y225.94
G1 F1500 X223.676 Y214.06 E1029.28291
G0 F9000 X224.242 Y214.06
G1 F1500 X235.84 Y225.658 E1029.61023
G0 F9000 X235.84 Y225.092
G1 F1500 X224.808 Y214.06 E1029.92158
G0 F9000 X225.373 Y214.06
G1 F1500 X235.84 Y224.526 E1030.21697
G0 F9000 X235.84 Y223.961
G1 F1500 X225.939 Y214.06 E1030.49639
G0 F9000 X226.505 Y214.06
G1 F1500 X235.84 Y223.395 E1030.75985
G0 F9000 X235.84 Y222.829
G1 F1500 X227.07 Y214.06 E1031.00734
G0 F9000 X227.636 Y214.06
G1 F1500 X235.84 Y222.263 E1031.23886
G0 F9000 X235.84 Y221.698
G1 F1500 X228.202 Y214.06 E1031.45442
G0 F9000 X228.767 Y214.06
G1 F1500 X235.84 Y221.132 E1031.65402
G0 F9000 X235.84 Y220.566
G1 F1500 X229.333 Y214.06 E1031.83765
G0 F9000 X229.899 Y214.06
G1 F1500 X235.84 Y220.001 E1032.00532
G0 F9000 X235.84 Y219.435
G1 F1500 X230.464 Y214.06 E1032.15703
G0 F9000 X231.03 Y214.06
G1 F1500 X235.84 Y218.869 E1032.29276
G0 F9000 X235.84 Y218.304
G1 F1500 X231.596 Y214.06 E1032.41254
G0 F9000 X232.162 Y214.06
G1 F1500 X235.84 Y217.738 E1032.51634
G0 F9000 X235.84 Y217.172
G1 F1500 X232.727 Y214.06 E1032.60418
G0 F9000 X233.293 Y214.06
G1 F1500 X235.84 Y216.607 E1032.67606
G0 F9000 X235.84 Y216.041
G1 F1500 X233.859 Y214.06 E1032.73197
G0 F9000 X234.424 Y214.06
G1 F1500 X235.84 Y215.475 E1032.77192
G0 F9000 X235.84 Y214.91
G1 F1500 X234.99 Y214.06 E1032.79591
G0 F9000 X235.556 Y214.06
G1 F1500 X235.84 Y214.344 E1032.80392
G1 F2700 E1027.80392
;MESH:NONMESH
G0 F300 X235.84 Y214.344 Z1.92
G0 F9000 X236.3 Y214.344
G0 X236.228 Y226.328
G0 X177.562 Y226.5
;TIME_ELAPSED:2318.867341
;LAYER:15
;TYPE:WALL-INNER
;MESH:BusConnAssyAid.stl
G1 F2700 E1032.80392
G1 F1500 X241.5 Y226.5 E1034.07987
G1 X241.5 Y213.5 E1034.3393
G1 X118.5 Y213.5 E1036.7939
G1 X118.5 Y226.5 E1037.05333
G1 X177.562 Y226.5 E1038.23198
G0 F9000 X177.412 Y226.9
G1 F1500 X241.9 Y226.9 E1039.5189
G1 X241.9 Y213.1 E1039.7943
G1 X118.1 Y213.1 E1042.26486
G1 X118.1 Y226.9 E1042.54026
G1 X177.412 Y226.9 E1043.72389
G0 F9000 X177.262 Y227.3
;TYPE:WALL-OUTER
G1 F1500 X242.3 Y227.3 E1045.02179
G1 X242.3 Y212.7 E1045.31315
G1 X117.7 Y212.7 E1047.79968
G1 X117.7 Y227.3 E1048.09104
G1 X177.262 Y227.3 E1049.27966
G1 F2700 E1044.27966
G0 F9000 X177.262 Y226.59
G0 X236.228 Y226.328
G0 X236.3 Y225.013
G0 X236.081 Y225.013
;TYPE:FILL
G1 F2700 E1049.27966
G1 F3000 X236.419 Y224.922 E1049.28665
G0 F9000 X236.2 Y224.922
G0 X236.2 Y223.589
G0 X236.42 Y223.589
G1 F3000 X236.08 Y223.249 E1049.29624
G0 F9000 X236.3 Y223.249
G0 X236.3 Y218.801
G0 X236.08 Y218.801
G1 F3000 X236.419 Y218.711 E1049.30324
G0 F9000 X236.2 Y218.711
G0 X236.2 Y215.103
G0 X236.42 Y215.103
G1 F3000 X236.08 Y214.764 E1049.31282
G0 F9000 X236.08 Y214.1
G1 F3000 X236.22 Y213.579 E1049.32359
G1 F2700 E1044.32359
G0 F9000 X236.228 Y226.328
G0 X177.698 Y226.4
G0 X177.698 Y226.14
;TYPE:SKIN
G1 F2700 E1049.32359
G1 F1500 X118.86 Y226.14 E1050.49777
G1 X118.86 Y213.86 E1050.74283
G1 X236.04 Y213.86 E1053.08128
G1 X236.04 Y226.14 E1053.32634
G1 X177.698 Y226.14 E1054.49062
G1 F2700 E1049.49062
G0 F9000 X177.698 Y226.4
G0 X235.659 Y226.4
G0 X235.659 Y225.94
G1 F2700 E1054.49062
G1 F1500 X235.84 Y225.759 E1054.49573
G0 F9000 X235.84 Y225.194
G1 F1500 X235.093 Y225.94 E1054.5168
G0 F9000 X234.528 Y225.94
G1 F1500 X235.84 Y224.628 E1054.55382
G0 F9000 X235.84 Y224.062
G1 F1500 X233.962 Y225.94 E1054.60682
G0 F9000 X233.396 Y225.94
G1 F1500 X235.84 Y223.497 E1054.67579
G0 F9000 X235.84 Y222.931
G1 F1500 X232.83 Y225.94 E1054.76072
G0 F9000 X232.265 Y225.94
G1 F1500 X235.84 Y222.365 E1054.86161
G0 F9000 X235.84 Y221.8
G1 F1500 X231.699 Y225.94 E1054.97847
G0 F9000 X231.133 Y225.94
G1 F1500 X235.84 Y221.234 E1055.1113
G0 F9000 X235.84 Y220.668
G1 F1500 X230.568 Y225.94 E1055.26008
G0 F9000 X230.002 Y225.94
G1 F1500 X235.84 Y220.103 E1055.42483
G0 F9000 X235.84 Y219.537
G1 F1500 X229.436 Y225.94 E1055.60555
G0 F9000 X228.871 Y225.94
G1 F1500 X235.84 Y218.971 E1055.80223
G0 F9000 X235.84 Y218.405
G1 F1500 X228.305 Y225.94 E1056.01488
G0 F9000 X227.739 Y225.94
G1 F1500 X235.84 Y217.84 E1056.2435
G0 F9000 X235.84 Y217.274
G1 F1500 X227.174 Y225.94 E1056.48807
G0 F9000 X226.608 Y225.94
G1 F1500 X235.84 Y216.708 E1056.74862
G0 F9000 X235.84 Y216.143
G1 F1500 X226.042 Y225.94 E1057.02512
G0 F9000 X225.477 Y225.94
G1 F1500 X235.84 Y215.577 E1057.31759
G0 F9000 X235.84 Y215.011
G1 F1500 X224.911 Y225.94 E1057.62603
G0 F9000 X224.345 Y225.94
G1 F1500 X235.84 Y214.446 E1057.95043
G0 F9000 X235.66 Y214.06
G1 F1500 X223.779 Y225.94 E1058.28572
G0 F9000 X223.214 Y225.94
G1 F1500 X235.095 Y214.06 E1058.62102
G0 F9000 X234.529 Y214.06
G1 F1500 X222.648 Y225.94 E1058.95631
G0 F9000 X222.082 Y225.94
G1 F1500 X233.963 Y214.06 E1059.2916
G0 F9000 X233.398 Y214.06
G1 F1500 X221.517 Y225.94 E1059.6269
G0 F9000 X220.951 Y225.94
G1 F1500 X232.832 Y214.06 E1059.96219
G0 F9000 X232.266 Y214.06
G1 F1500 X220.385 Y225.94 E1060.29748
G0 F9000 X219.82 Y225.94
G1 F1500 X231.701 Y214.06 E1060.63278
G0 F9000 X231.135 Y214.06
G1 F1500 X219.254 Y225.94 E1060.96807
G0 F9000 X218.688 Y225.94
G1 F1500 X230.569 Y214.06 E1061.30336
G0 F9000 X230.003 Y214.06
G1 F1500 X218.123 Y225.94 E1061.63864
G0 F9000 X217.557 Y225.94
G1 F1500 X229.438 Y214.06 E1061.97394
G0 F9000 X228.872 Y214.06
G1 F1500 X216.991 Y225.94 E1062.30923
G0 F9000 X216.426 Y225.94
G1 F1500 X228.306 Y214.06 E1062.64451
G0 F9000 X227.741 Y214.06
G1 F1500 X215.86 Y225.94 E1062.9798
G0 F9000 X215.294 Y225.94
G1 F1500 X227.175 Y214.06 E1063.3151
G0 F9000 X226.609 Y214.06
G1 F1500 X214.729 Y225.94 E1063.65038
G0 F9000 X214.163 Y225.94
G1 F1500 X226.044 Y214.06 E1063.98567
G0 F9000 X225.478 Y214.06
G1 F1500 X213.597 Y225.94 E1064.32096
G0 F9000 X213.031 Y225.94
G1 F1500 X224.912 Y214.06 E1064.65626
G0 F9000 X224.347 Y214.06
G1 F1500 X212.466 Y225.94 E1064.99155
G0 F9000 X211.9 Y225.94
G1 F1500 X223.781 Y214.06 E1065.32684
G0 F9000 X223.215 Y214.06
G1 F1500 X211.334 Y225.94 E1065.66214
G0 F9000 X210.769 Y225.94
G1 F1500 X222.65 Y214.06 E1065.99743
G0 F9000 X222.084 Y214.06
G1 F1500 X210.203 Y225.94 E1066.33272
G0 F9000 X209.637 Y225.94
G1 F1500 X221.518 Y214.06 E1066.66802
G0 F9000 X220.952 Y214.06
G1 F1500 X209.072 Y225.94 E1067.0033
G0 F9000 X208.506 Y225.94
G1 F1500 X220.387 Y214.06 E1067.33859
G0 F9000 X219.821 Y214.06
G1 F1500 X207.94 Y225.94 E1067.67388
G0 F9000 X207.375 Y225.94
G1 F1500 X219.255 Y214.06 E1068.00916
G0 F9000 X218.69 Y214.06
G1 F1500 X206.809 Y225.94 E1068.34445
G0 F9000 X206.243 Y225.94
G1 F1500 X218.124 Y214.06 E1068.67975
G0 F9000 X217.558 Y214.06
G1 F1500 X205.678 Y225.94 E1069.01503
G0 F9000 X205.112 Y225.94
G1 F1500 X216.993 Y214.06 E1069.35032
G0 F9000 X216.427 Y214.06
G1 F1500 X204.546 Y225.94 E1069.68561
G0 F9000 X203.981 Y225.94
G1 F1500 X215.861 Y214.06 E1070.02089
G0 F9000 X215.296 Y214.06
G1 F1500 X203.415 Y225.94 E1070.35619
G0 F9000 X202.849 Y225.94
G1 F1500 X214.73 Y214.06 E1070.69148
G0 F9000 X214.164 Y214.06
G1 F1500 X202.283 Y225.94 E1071.02677
G0 F9000 X201.718 Y225.94
G1 F1500 X213.599 Y214.06 E1071.36207
G0 F9000 X213.033 Y214.06
G1 F1500 X201.152 Y225.94 E1071.69736
G0 F9000 X200.586 Y225.94
G1 F1500 X212.467 Y214.06 E1072.03265
G0 F9000 X211.902 Y214.06
G1 F1500 X200.021 Y225.94 E1072.36795
G0 F9000 X199.455 Y225.94
G1 F1500 X211.336 Y214.06 E1072.70324
G0 F9000 X210.77 Y214.06
G1 F1500 X198.889 Y225.94 E1073.03853
G0 F9000 X198.324 Y225.94
G1 F1500 X210.204 Y214.06 E1073.37381
G0 F9000 X209.639 Y214.06
G1 F1500 X197.758 Y225.94 E1073.70911
G0 F9000 X197.192 Y225.94
G1 F1500 X209.073 Y214.06 E1074.0444
G0 F9000 X208.507 Y214.06
G1 F1500 X196.627 Y225.94 E1074.37968
G0 F9000 X196.061 Y225.94
G1 F1500 X207.942 Y214.06 E1074.71497
G0 F9000 X207.376 Y214.06
G1 F1500 X195.495 Y225.94 E1075.05027
G0 F9000 X194.93 Y225.94
G1 F1500 X206.81 Y214.06 E1075.38555
G0 F9000 X206.245 Y214.06
G1 F1500 X194.364 Y225.94 E1075.72084
G0 F9000 X193.798 Y225.94
G1 F1500 X205.679 Y214.06 E1076.05613
G0 F9000 X205.113 Y214.06
G1 F1500 X193.232 Y225.94 E1076.39143
G0 F9000 X192.667 Y225.94
G1 F1500 X204.548 Y214.06 E1076.72672
G0 F9000 X203.982 Y214.06
G1 F1500 X192.101 Y225.94 E1077.06201
G0 F9000 X191.535 Y225.94
G1 F1500 X203.416 Y214.06 E1077.39731
G0 F9000 X202.851 Y214.06
G1 F1500 X190.97 Y225.94 E1077.7326
G0 F9000 X190.404 Y225.94
G1 F1500 X202.285 Y214.06 E1078.06789
G0 F9000 X201.719 Y214.06
G1 F1500 X189.838 Y225.94 E1078.40319
G0 F9000 X189.273 Y225.94
G1 F1500 X201.153 Y214.06 E1078.73846
G0 F9000 X200.588 Y214.06
G1 F1500 X188.707 Y225.94 E1079.07376
G0 F9000 X188.141 Y225.94
G1 F1500 X200.022 Y214.06 E1079.40905
G0 F9000 X199.456 Y214.06
G1 F1500 X187.576 Y225.94 E1079.74433
G0 F9000 X187.01 Y225.94
G1 F1500 X198.891 Y214.06 E1080.07962
G0 F9000 X198.325 Y214.06
G1 F1500 X186.444 Y225.94 E1080.41492
G0 F9000 X185.879 Y225.94
G1 F1500 X197.759 Y214.06 E1080.7502
G0 F9000 X197.194 Y214.06
G1 F1500 X185.313 Y225.94 E1081.08549
G0 F9000 X184.747 Y225.94
G1 F1500 X196.628 Y214.06 E1081.42078
G0 F9000 X196.062 Y214.06
G1 F1500 X184.182 Y225.94 E1081.75606
G0 F9000 X183.616 Y225.94
G1 F1500 X195.497 Y214.06 E1082.09136
G0 F9000 X194.931 Y214.06
G1 F1500 X183.05 Y225.94 E1082.42665
G0 F9000 X182.484 Y225.94
G1 F1500 X194.365 Y214.06 E1082.76194
G0 F9000 X193.8 Y214.06
G1 F1500 X181.919 Y225.94 E1083.09724
G0 F9000 X181.353 Y225.94
G1 F1500 X193.234 Y214.06 E1083.43253
G0 F9000 X192.668 Y214.06
G1 F1500 X180.787 Y225.94 E1083.76782
G0 F9000 X180.222 Y225.94
G1 F1500 X192.103 Y214.06 E1084.10312
G0 F9000 X191.537 Y214.06
G1 F1500 X179.656 Y225.94 E1084.43841
G0 F9000 X179.09 Y225.94
G1 F1500 X190.971 Y214.06 E1084.7737
G0 F9000 X190.405 Y214.06
G1 F1500 X178.525 Y225.94 E1085.10898
G0 F9000 X177.959 Y225.94
G1 F1500 X189.84 Y214.06 E1085.44428
G0 F9000 X189.274 Y214.06
G1 F1500 X177.393 Y225.94 E1085.77957
G0 F9000 X176.828 Y225.94
G1 F1500 X188.708 Y214.06 E1086.11485
G0 F9000 X188.143 Y214.06
G1 F1500 X176.262 Y225.94 E1086.45014
G0 F9000 X175.696 Y225.94
G1 F1500 X187.577 Y214.06 E1086.78544
G0 F9000 X187.011 Y214.06
G1 F1500 X175.131 Y225.94 E1087.12071
G0 F9000 X174.565 Y225.94
G1 F1500 X186.446 Y214.06 E1087.45601
G0 F9000 X185.88 Y214.06
G1 F1500 X173.999 Y225.94 E1087.7913
G0 F9000 X173.433 Y225.94
G1 F1500 X185.314 Y214.06 E1088.12659
G0 F9000 X184.749 Y214.06
G1 F1500 X172.868 Y225.94 E1088.46189
G0 F9000 X172.302 Y225.94
G1 F1500 X184.183 Y214.06 E1088.79718
G0 F9000 X183.617 Y214.06
G1 F1500 X171.736 Y225.94 E1089.13247
G0 F9000 X171.171 Y225.94
G1 F1500 X183.052 Y214.06 E1089.46777
G0 F9000 X182.486 Y214.06
G1 F1500 X170.605 Y225.94 E1089.80306
G0 F9000 X170.039 Y225.94
G1 F1500 X181.92 Y214.06 E1090.13835
G0 F9000 X181.355 Y214.06
G1 F1500 X169.474 Y225.94 E1090.47365
G0 F9000 X168.908 Y225.94
G1 F1500 X180.789 Y214.06 E1090.80894
G0 F9000 X180.223 Y214.06
G1 F1500 X168.342 Y225.94 E1091.14423
G0 F9000 X167.777 Y225.94
G1 F1500 X179.657 Y214.06 E1091.47951
G0 F9000 X179.092 Y214.06
G1 F1500 X167.211 Y225.94 E1091.81481
G0 F9000 X166.645 Y225.94
G1 F1500 X178.526 Y214.06 E1092.1501
G0 F9000 X177.96 Y214.06
G1 F1500 X166.08 Y225.94 E1092.48538
G0 F9000 X165.514 Y225.94
G1 F1500 X177.395 Y214.06 E1092.82067
G0 F9000 X176.829 Y214.06
G1 F1500 X164.948 Y225.94 E1093.15597
G0 F9000 X164.383 Y225.94
G1 F1500 X176.263 Y214.06 E1093.49125
G0 F9000 X175.698 Y214.06
G1 F1500 X163.817 Y225.94 E1093.82654
G0 F9000 X163.251 Y225.94
G1 F1500 X175.132 Y214.06 E1094.16183
G0 F9000 X174.566 Y214.06
G1 F1500 X162.685 Y225.94 E1094.49713
G0 F9000 X162.12 Y225.94
G1 F1500 X174.001 Y214.06 E1094.83242
G0 F9000 X173.435 Y214.06
G1 F1500 X161.554 Y225.94 E1095.16771
G0 F9000 X160.988 Y225.94
G1 F1500 X172.869 Y214.06 E1095.50301
G0 F9000 X172.304 Y214.06
G1 F1500 X160.423 Y225.94 E1095.8383
G0 F9000 X159.857 Y225.94
G1 F1500 X171.738 Y214.06 E1096.17359
G0 F9000 X171.172 Y214.06
G1 F1500 X159.291 Y225.94 E1096.50889
G0 F9000 X158.726 Y225.94
G1 F1500 X170.606 Y214.06 E1096.84417
G0 F9000 X170.041 Y214.06
G1 F1500 X158.16 Y225.94 E1097.17946
G0 F9000 X157.594 Y225.94
G1 F1500 X169.475 Y214.06 E1097.51475
G0 F9000 X168.909 Y214.06
G1 F1500 X157.029 Y225.94 E1097.85003
G0 F9000 X156.463 Y225.94
G1 F1500 X168.344 Y214.06 E1098.18533
G0 F9000 X167.778 Y214.06
G1 F1500 X155.897 Y225.94 E1098.52062
G0 F9000 X155.332 Y225.94
G1 F1500 X167.212 Y214.06 E1098.8559
G0 F9000 X166.647 Y214.06
G1 F1500 X154.766 Y225.94 E1099.19119
G0 F9000 X154.2 Y225.94
G1 F1500 X166.081 Y214.06 E1099.52648
G0 F9000 X165.515 Y214.06
G1 F1500 X153.635 Y225.94 E1099.86176
G0 F9000 X153.069 Y225.94
G1 F1500 X164.95 Y214.06 E1100.19706
G0 F9000 X164.384 Y214.06
G1 F1500 X152.503 Y225.94 E1100.53235
G0 F9000 X151.937 Y225.94
G1 F1500 X163.818 Y214.06 E1100.86764
G0 F9000 X163.253 Y214.06
G1 F1500 X151.372 Y225.94 E1101.20294
G0 F9000 X150.806 Y225.94
G1 F1500 X162.687 Y214.06 E1101.53823
G0 F9000 X162.121 Y214.06
G1 F1500 X150.24 Y225.94 E1101.87352
G0 F9000 X149.675 Y225.94
G1 F1500 X161.556 Y214.06 E1102.20882
G0 F9000 X160.99 Y214.06
G1 F1500 X149.109 Y225.94 E1102.54411
G0 F9000 X148.543 Y225.94
G1 F1500 X160.424 Y214.06 E1102.8794
G0 F9000 X159.858 Y214.06
G1 F1500 X147.978 Y225.94 E1103.21468
G0 F9000 X147.412 Y225.94
G1 F1500 X159.293 Y214.06 E1103.54998
G0 F9000 X158.727 Y214.06
G1 F1500 X146.846 Y225.94 E1103.88527
G0 F9000 X146.281 Y225.94
G1 F1500 X158.161 Y214.06 E1104.22055
G0 F9000 X157.596 Y214.06
G1 F1500 X145.715 Y225.94 E1104.55584
G0 F9000 X145.149 Y225.94
G1 F1500 X157.03 Y214.06 E1104.89114
G0 F9000 X156.464 Y214.06
G1 F1500 X144.584 Y225.94 E1105.22642
G0 F9000 X144.018 Y225.94
G1 F1500 X155.899 Y214.06 E1105.56171
G0 F9000 X155.333 Y214.06
G1 F1500 X143.452 Y225.94 E1105.897
G0 F9000 X142.886 Y225.94
G1 F1500 X154.767 Y214.06 E1106.2323
G0 F9000 X154.202 Y214.06
G1 F1500 X142.321 Y225.94 E1106.56759
G0 F9000 X141.755 Y225.94
G1 F1500 X153.636 Y214.06 E1106.90288
G0 F9000 X153.07 Y214.06
G1 F1500 X141.189 Y225.94 E1107.23818
G0 F9000 X140.624 Y225.94
G1 F1500 X152.505 Y214.06 E1107.57347
G0 F9000 X151.939 Y214.06
G1 F1500 X140.058 Y225.94 E1107.90876
G0 F9000 X139.492 Y225.94
G1 F1500 X151.373 Y214.06 E1108.24406
G0 F9000 X150.807 Y214.06
G1 F1500 X138.927 Y225.94 E1108.57934
G0 F9000 X138.361 Y225.94
G1 F1500 X150.242 Y214.06 E1108.91463
G0 F9000 X149.676 Y214.06
G1 F1500 X137.795 Y225.94 E1109.24992
G0 F9000 X137.23 Y225.94
G1 F1500 X149.11 Y214.06 E1109.5852
G0 F9000 X148.545 Y214.06
G1 F1500 X136.664 Y225.94 E1109.92049
G0 F9000 X136.098 Y225.94
G1 F1500 X147.979 Y214.06 E1110.25579
G0 F9000 X147.413 Y214.06
G1 F1500 X135.533 Y225.94 E1110.59107
G0 F9000 X134.967 Y225.94
G1 F1500 X146.848 Y214.06 E1110.92636
G0 F9000 X146.282 Y214.06
G1 F1500 X134.401 Y225.94 E1111.26165
G0 F9000 X133.836 Y225.94
G1 F1500 X145.716 Y214.06 E1111.59693
G0 F9000 X145.151 Y214.06
G1 F1500 X133.27 Y225.94 E1111.93223
G0 F9000 X132.704 Y225.94
G1 F1500 X144.585 Y214.06 E1112.26752
G0 F9000 X144.019 Y214.06
G1 F1500 X132.138 Y225.94 E1112.60281
G0 F9000 X131.573 Y225.94
G1 F1500 X143.454 Y214.06 E1112.93811
G0 F9000 X142.888 Y214.06
G1 F1500 X131.007 Y225.94 E1113.2734
G0 F9000 X130.441 Y225.94
G1 F1500 X142.322 Y214.06 E1113.60869
G0 F9000 X141.757 Y214.06
G1 F1500 X129.876 Y225.94 E1113.94399
G0 F9000 X129.31 Y225.94
G1 F1500 X141.191 Y214.06 E1114.27928
G0 F9000 X140.625 Y214.06
G1 F1500 X128.744 Y225.94 E1114.61457
G0 F9000 X128.179 Y225.94
G1 F1500 X140.059 Y214.06 E1114.94985
G0 F9000 X139.494 Y214.06
G1 F1500 X127.613 Y225.94 E1115.28515
G0 F9000 X127.047 Y225.94
G1 F1500 X138.928 Y214.06 E1115.62044
G0 F9000 X138.362 Y214.06
G1 F1500 X126.482 Y225.94 E1115.95572
G0 F9000 X125.916 Y225.94
G1 F1500 X137.797 Y214.06 E1116.29101
G0 F9000 X137.231 Y214.06
G1 F1500 X125.35 Y225.94 E1116.62631
G0 F9000 X124.785 Y225.94
G1 F1500 X136.665 Y214.06 E1116.96159
G0 F9000 X136.1 Y214.06
G1 F1500 X124.219 Y225.94 E1117.29688
G0 F9000 X123.653 Y225.94
G1 F1500 X135.534 Y214.06 E1117.63217
G0 F9000 X134.968 Y214.06
G1 F1500 X123.087 Y225.94 E1117.96747
G0 F9000 X122.522 Y225.94
G1 F1500 X134.403 Y214.06 E1118.30276
G0 F9000 X133.837 Y214.06
G1 F1500 X121.956 Y225.94 E1118.63805
G0 F9000 X121.39 Y225.94
G1 F1500 X133.271 Y214.06 E1118.97335
G0 F9000 X132.706 Y214.06
G1 F1500 X120.825 Y225.94 E1119.30864
G0 F9000 X120.259 Y225.94
G1 F1500 X132.14 Y214.06 E1119.64393
G0 F9000 X131.574 Y214.06
G1 F1500 X119.693 Y225.94 E1119.97923
G0 F9000 X119.128 Y225.94
G1 F1500 X131.009 Y214.06 E1120.31452
G0 F9000 X130.443 Y214.06
G1 F1500 X119.06 Y225.443 E1120.63577
G0 F9000 X119.06 Y224.877
G1 F1500 X129.877 Y214.06 E1120.94105
G0 F9000 X129.311 Y214.06
G1 F1500 X119.06 Y224.311 E1121.23036
G0 F9000 X119.06 Y223.746
G1 F1500 X128.746 Y214.06 E1121.50372
G0 F9000 X128.18 Y214.06
G1 F1500 X119.06 Y223.18 E1121.7611
G0 F9000 X119.06 Y222.614
G1 F1500 X127.614 Y214.06 E1122.00251
G0 F9000 X127.049 Y214.06
G1 F1500 X119.06 Y222.048 E1122.22797
G0 F9000 X119.06 Y221.483
G1 F1500 X126.483 Y214.06 E1122.43746
G0 F9000 X125.917 Y214.06
G1 F1500 X119.06 Y220.917 E1122.63098
G0 F9000 X119.06 Y220.351
G1 F1500 X125.352 Y214.06 E1122.80854
G0 F9000 X124.786 Y214.06
G1 F1500 X119.06 Y219.786 E1122.97014
G0 F9000 X119.06 Y219.22
G1 F1500 X124.22 Y214.06 E1123.11577
G0 F9000 X123.655 Y214.06
G1 F1500 X119.06 Y218.654 E1123.24543
G0 F9000 X119.06 Y218.089
G1 F1500 X123.089 Y214.06 E1123.35914
G0 F9000 X122.523 Y214.06
G1 F1500 X119.06 Y217.523 E1123.45687
G0 F9000 X119.06 Y216.957
G1 F1500 X121.958 Y214.06 E1123.53865
G0 F9000 X121.392 Y214.06
G1 F1500 X119.06 Y216.392 E1123.60446
G0 F9000 X119.06 Y215.826
G1 F1500 X120.826 Y214.06 E1123.6543
G0 F9000 X120.26 Y214.06
G1 F1500 X119.06 Y215.26 E1123.68817
G0 F9000 X119.06 Y214.695
G1 F1500 X119.695 Y214.06 E1123.70609
G0 F9000 X119.129 Y214.06
G1 F1500 X119.06 Y214.129 E1123.70804
G1 F2700 E1118.70804
G0 F9000 X118.6 Y214.129
G0 X118.672 Y226.328
G0 X236.228 Y226.328
G0 X236.46 Y226.14
G1 F2700 E1123.70804
G1 F1500 X236.46 Y213.86 E1123.9531
G1 X241.14 Y213.86 E1124.04649
G1 X241.14 Y226.14 E1124.29155
G1 X236.46 Y226.14 E1124.38495
G0 F9000 X236.2 Y226.14
G0 X240.75 Y226.4
G0 X240.75 Y225.94
G1 F1500 X240.94 Y225.75 E1124.39031
G0 F9000 X240.94 Y225.185
G1 F1500 X240.184 Y225.94 E1124.41163
G0 F9000 X239.619 Y225.94
G1 F1500 X240.94 Y224.619 E1124.44891
G0 F9000 X240.94 Y224.053
G1 F1500 X239.053 Y225.94 E1124.50217
G0 F9000 X238.487 Y225.94
G1 F1500 X240.94 Y223.487 E1124.5714
G0 F9000 X240.94 Y222.922
G1 F1500 X237.922 Y225.94 E1124.65657
G0 F9000 X237.356 Y225.94
G1 F1500 X240.94 Y222.356 E1124.75772
G0 F9000 X240.94 Y221.79
G1 F1500 X236.79 Y225.94 E1124.87484
G0 F9000 X236.66 Y225.505
G1 F1500 X240.94 Y221.225 E1124.99563
G0 F9000 X240.94 Y220.659
G1 F1500 X236.66 Y224.939 E1125.11642
G0 F9000 X236.66 Y224.373
G1 F1500 X240.94 Y220.093 E1125.23721
G0 F9000 X240.94 Y219.528
G1 F1500 X236.66 Y223.808 E1125.358
G0 F9000 X236.66 Y223.242
G1 F1500 X240.94 Y218.962 E1125.4788
G0 F9000 X240.94 Y218.396
G1 F1500 X236.66 Y222.676 E1125.59959
G0 F9000 X236.66 Y222.111
G1 F1500 X240.94 Y217.831 E1125.72038
G0 F9000 X240.94 Y217.265
G1 F1500 X236.66 Y221.545 E1125.84117
G0 F9000 X236.66 Y220.979
G1 F1500 X240.94 Y216.699 E1125.96196
G0 F9000 X240.94 Y216.134
G1 F1500 X236.66 Y220.414 E1126.08275
G0 F9000 X236.66 Y219.848
G1 F1500 X240.94 Y215.568 E1126.20354
G0 F9000 X240.94 Y215.002
G1 F1500 X236.66 Y219.282 E1126.32433
G0 F9000 X236.66 Y218.717
G1 F1500 X240.94 Y214.436 E1126.44514
G0 F9000 X240.751 Y214.06
G1 F1500 X236.66 Y218.151 E1126.56059
G0 F9000 X236.66 Y217.585
G1 F1500 X240.186 Y214.06 E1126.66009
G0 F9000 X239.62 Y214.06
G1 F1500 X236.66 Y217.02 E1126.74363
G0 F9000 X236.66 Y216.454
G1 F1500 X239.054 Y214.06 E1126.81119
G0 F9000 X238.489 Y214.06
G1 F1500 X236.66 Y215.888 E1126.8628
G0 F9000 X236.66 Y215.323
G1 F1500 X237.923 Y214.06 E1126.89844
G0 F9000 X237.357 Y214.06
G1 F1500 X236.66 Y214.757 E1126.91811
G0 F9000 X236.66 Y214.191
G1 F1500 X236.792 Y214.06 E1126.92182
G1 F2700 E1121.92182
;MESH:NONMESH
G0 F300 X236.792 Y214.06 Z2.04
G0 F9000 X236.792 Y213.6
G0 X236.272 Y213.672
G0 X236.228 Y226.328
G0 X177.562 Y226.5
;TIME_ELAPSED:2536.558472
;LAYER:16
;TYPE:WALL-INNER
;MESH:BusConnAssyAid.stl
G1 F2700 E1126.92182
G1 F1500 X241.5 Y226.5 E1128.19777
G1 X241.5 Y213.5 E1128.4572
G1 X118.5 Y213.5 E1130.9118
G1 X118.5 Y226.5 E1131.17123
G1 X177.562 Y226.5 E1132.34988
G0 F9000 X177.412 Y226.9
G1 F1500 X241.9 Y226.9 E1133.6368
G1 X241.9 Y213.1 E1133.9122
G1 X118.1 Y213.1 E1136.38276
G1 X118.1 Y226.9 E1136.65815
G1 X177.412 Y226.9 E1137.84179
G0 F9000 X177.262 Y227.3
;TYPE:WALL-OUTER
G1 F1500 X242.3 Y227.3 E1139.13969
G1 X242.3 Y212.7 E1139.43105
G1 X117.7 Y212.7 E1141.91758
G1 X117.7 Y227.3 E1142.20894
G1 X177.262 Y227.3 E1143.39756
G1 F2700 E1138.39756
G0 F9000 X177.262 Y226.59
G0 X236.228 Y226.328
G0 X236.3 Y225.101
G0 X236.081 Y225.101
;TYPE:FILL
G1 F2700 E1143.39756
G1 F3000 X236.42 Y225.01 E1143.40457
G0 F9000 X236.2 Y225.01
G0 X236.2 Y223.468
G0 X236.42 Y223.468
G1 F3000 X236.08 Y223.129 E1143.41415
G0 F9000 X236.3 Y223.129
G0 X236.3 Y218.889
G0 X236.08 Y218.889
G1 F3000 X236.42 Y218.798 E1143.42117
G0 F9000 X236.2 Y218.798
G0 X236.2 Y214.983
G0 X236.42 Y214.983
G1 F3000 X236.08 Y214.644 E1143.43075
G0 F9000 X236.08 Y213.772
G1 F3000 X236.132 Y213.579 E1143.43474
G1 F2700 E1138.43474
G0 F9000 X236.228 Y226.328
G0 X177.698 Y226.4
G0 X177.698 Y226.14
;TYPE:SKIN
G1 F2700 E1143.43474
G1 F1500 X118.86 Y226.14 E1144.60892
G1 X118.86 Y213.86 E1144.85398
G1 X236.04 Y213.86 E1147.19243
G1 X236.04 Y226.14 E1147.43749
G1 X177.698 Y226.14 E1148.60177
G1 F2700 E1143.60177
G0 F9000 X177.698 Y226.4
G0 X118.672 Y226.328
G0 X118.6 Y225.409
G0 X119.06 Y225.409
G1 F2700 E1148.60177
G1 F1500 X119.592 Y225.94 E1148.61677
G0 F9000 X120.157 Y225.94
G1 F1500 X119.06 Y224.843 E1148.64773
G0 F9000 X119.06 Y224.277
G1 F1500 X120.723 Y225.94 E1148.69466
G0 F9000 X121.289 Y225.94
G1 F1500 X119.06 Y223.712 E1148.75756
G0 F9000 X119.06 Y223.146
G1 F1500 X121.854 Y225.94 E1148.83641
G0 F9000 X122.42 Y225.94
G1 F1500 X119.06 Y222.58 E1148.93124
G0 F9000 X119.06 Y222.015
G1 F1500 X122.986 Y225.94 E1149.04202
G0 F9000 X123.551 Y225.94
G1 F1500 X119.06 Y221.449 E1149.16877
G0 F9000 X119.06 Y220.883
G1 F1500 X124.117 Y225.94 E1149.31149
G0 F9000 X124.683 Y225.94
G1 F1500 X119.06 Y220.318 E1149.47017
G0 F9000 X119.06 Y219.752
G1 F1500 X125.248 Y225.94 E1149.64481
G0 F9000 X125.814 Y225.94
G1 F1500 X119.06 Y219.186 E1149.83542
G0 F9000 X119.06 Y218.62
G1 F1500 X126.38 Y225.94 E1150.042
G0 F9000 X126.945 Y225.94
G1 F1500 X119.06 Y218.055 E1150.26454
G0 F9000 X119.06 Y217.489
G1 F1500 X127.511 Y225.94 E1150.50304
G0 F9000 X128.077 Y225.94
G1 F1500 X119.06 Y216.923 E1150.75752
G0 F9000 X119.06 Y216.358
G1 F1500 X128.643 Y225.94 E1151.02796
G0 F9000 X129.208 Y225.94
G1 F1500 X119.06 Y215.792 E1151.31436
G0 F9000 X119.06 Y215.226
G1 F1500 X129.774 Y225.94 E1151.61673
G0 F9000 X130.34 Y225.94
G1 F1500 X119.06 Y214.661 E1151.93506
G0 F9000 X119.06 Y214.095
G1 F1500 X130.905 Y225.94 E1152.26935
G0 F9000 X131.471 Y225.94
G1 F1500 X119.59 Y214.06 E1152.60465
G0 F9000 X120.156 Y214.06
G1 F1500 X132.037 Y225.94 E1152.93994
G0 F9000 X132.602 Y225.94
G1 F1500 X120.722 Y214.06 E1153.27522
G0 F9000 X121.287 Y214.06
G1 F1500 X133.168 Y225.94 E1153.61051
G0 F9000 X133.734 Y225.94
G1 F1500 X121.853 Y214.06 E1153.94581
G0 F9000 X122.419 Y214.06
G1 F1500 X134.299 Y225.94 E1154.28109
G0 F9000 X134.865 Y225.94
G1 F1500 X122.984 Y214.06 E1154.61638
G0 F9000 X123.55 Y214.06
G1 F1500 X135.431 Y225.94 E1154.95167
G0 F9000 X135.996 Y225.94
G1 F1500 X124.116 Y214.06 E1155.28695
G0 F9000 X124.681 Y214.06
G1 F1500 X136.562 Y225.94 E1155.62225
G0 F9000 X137.128 Y225.94
G1 F1500 X125.247 Y214.06 E1155.95754
G0 F9000 X125.813 Y214.06
G1 F1500 X137.693 Y225.94 E1156.29282
G0 F9000 X138.259 Y225.94
G1 F1500 X126.378 Y214.06 E1156.62811
G0 F9000 X126.944 Y214.06
G1 F1500 X138.825 Y225.94 E1156.96341
G0 F9000 X139.391 Y225.94
G1 F1500 X127.51 Y214.06 E1157.2987
G0 F9000 X128.075 Y214.06
G1 F1500 X139.956 Y225.94 E1157.63399
G0 F9000 X140.522 Y225.94
G1 F1500 X128.641 Y214.06 E1157.96929
G0 F9000 X129.207 Y214.06
G1 F1500 X141.088 Y225.94 E1158.30458
G0 F9000 X141.653 Y225.94
G1 F1500 X129.772 Y214.06 E1158.63987
G0 F9000 X130.338 Y214.06
G1 F1500 X142.219 Y225.94 E1158.97517
G0 F9000 X142.785 Y225.94
G1 F1500 X130.904 Y214.06 E1159.31046
G0 F9000 X131.47 Y214.06
G1 F1500 X143.35 Y225.94 E1159.64574
G0 F9000 X143.916 Y225.94
G1 F1500 X132.035 Y214.06 E1159.98103
G0 F9000 X132.601 Y214.06
G1 F1500 X144.482 Y225.94 E1160.31632
G0 F9000 X145.047 Y225.94
G1 F1500 X133.167 Y214.06 E1160.6516
G0 F9000 X133.732 Y214.06
G1 F1500 X145.613 Y225.94 E1160.9869
G0 F9000 X146.179 Y225.94
G1 F1500 X134.298 Y214.06 E1161.32219
G0 F9000 X134.864 Y214.06
G1 F1500 X146.744 Y225.94 E1161.65747
G0 F9000 X147.31 Y225.94
G1 F1500 X135.429 Y214.06 E1161.99276
G0 F9000 X135.995 Y214.06
G1 F1500 X147.876 Y225.94 E1162.32806
G0 F9000 X148.442 Y225.94
G1 F1500 X136.561 Y214.06 E1162.66335
G0 F9000 X137.126 Y214.06
G1 F1500 X149.007 Y225.94 E1162.99864
G0 F9000 X149.573 Y225.94
G1 F1500 X137.692 Y214.06 E1163.33394
G0 F9000 X138.258 Y214.06
G1 F1500 X150.139 Y225.94 E1163.66923
G0 F9000 X150.704 Y225.94
G1 F1500 X138.823 Y214.06 E1164.00452
G0 F9000 X139.389 Y214.06
G1 F1500 X151.27 Y225.94 E1164.33982
G0 F9000 X151.836 Y225.94
G1 F1500 X139.955 Y214.06 E1164.67511
G0 F9000 X140.521 Y214.06
G1 F1500 X152.401 Y225.94 E1165.01039
G0 F9000 X152.967 Y225.94
G1 F1500 X141.086 Y214.06 E1165.34568
G0 F9000 X141.652 Y214.06
G1 F1500 X153.533 Y225.94 E1165.68098
G0 F9000 X154.098 Y225.94
G1 F1500 X142.218 Y214.06 E1166.01626
G0 F9000 X142.783 Y214.06
G1 F1500 X154.664 Y225.94 E1166.35155
G0 F9000 X155.23 Y225.94
G1 F1500 X143.349 Y214.06 E1166.68684
G0 F9000 X143.915 Y214.06
G1 F1500 X155.795 Y225.94 E1167.02212
G0 F9000 X156.361 Y225.94
G1 F1500 X144.48 Y214.06 E1167.35742
G0 F9000 X145.046 Y214.06
G1 F1500 X156.927 Y225.94 E1167.69271
G0 F9000 X157.492 Y225.94
G1 F1500 X145.612 Y214.06 E1168.02799
G0 F9000 X146.177 Y214.06
G1 F1500 X158.058 Y225.94 E1168.36328
G0 F9000 X158.624 Y225.94
G1 F1500 X146.743 Y214.06 E1168.69857
G0 F9000 X147.309 Y214.06
G1 F1500 X159.19 Y225.94 E1169.03387
G0 F9000 X159.755 Y225.94
G1 F1500 X147.874 Y214.06 E1169.36916
G0 F9000 X148.44 Y214.06
G1 F1500 X160.321 Y225.94 E1169.70445
G0 F9000 X160.887 Y225.94
G1 F1500 X149.006 Y214.06 E1170.03975
G0 F9000 X149.571 Y214.06
G1 F1500 X161.452 Y225.94 E1170.37504
G0 F9000 X162.018 Y225.94
G1 F1500 X150.137 Y214.06 E1170.71033
G0 F9000 X150.703 Y214.06
G1 F1500 X162.584 Y225.94 E1171.04563
G0 F9000 X163.149 Y225.94
G1 F1500 X151.269 Y214.06 E1171.38091
G0 F9000 X151.834 Y214.06
G1 F1500 X163.715 Y225.94 E1171.7162
G0 F9000 X164.281 Y225.94
G1 F1500 X152.4 Y214.06 E1172.05149
G0 F9000 X152.966 Y214.06
G1 F1500 X164.846 Y225.94 E1172.38677
G0 F9000 X165.412 Y225.94
G1 F1500 X153.531 Y214.06 E1172.72207
G0 F9000 X154.097 Y214.06
G1 F1500 X165.978 Y225.94 E1173.05736
G0 F9000 X166.543 Y225.94
G1 F1500 X154.663 Y214.06 E1173.39264
G0 F9000 X155.228 Y214.06
G1 F1500 X167.109 Y225.94 E1173.72793
G0 F9000 X167.675 Y225.94
G1 F1500 X155.794 Y214.06 E1174.06323
G0 F9000 X156.36 Y214.06
G1 F1500 X168.241 Y225.94 E1174.39852
G0 F9000 X168.806 Y225.94
G1 F1500 X156.925 Y214.06 E1174.73381
G0 F9000 X157.491 Y214.06
G1 F1500 X169.372 Y225.94 E1175.06911
G0 F9000 X169.938 Y225.94
G1 F1500 X158.057 Y214.06 E1175.4044
G0 F9000 X158.622 Y214.06
G1 F1500 X170.503 Y225.94 E1175.73969
G0 F9000 X171.069 Y225.94
G1 F1500 X159.188 Y214.06 E1176.07499
G0 F9000 X159.754 Y214.06
G1 F1500 X171.635 Y225.94 E1176.41028
G0 F9000 X172.2 Y225.94
G1 F1500 X160.319 Y214.06 E1176.74557
G0 F9000 X160.885 Y214.06
G1 F1500 X172.766 Y225.94 E1177.08087
G0 F9000 X173.332 Y225.94
G1 F1500 X161.451 Y214.06 E1177.41616
G0 F9000 X162.017 Y214.06
G1 F1500 X173.897 Y225.94 E1177.75144
G0 F9000 X174.463 Y225.94
G1 F1500 X162.582 Y214.06 E1178.08673
G0 F9000 X163.148 Y214.06
G1 F1500 X175.029 Y225.94 E1178.42203
G0 F9000 X175.594 Y225.94
G1 F1500 X163.714 Y214.06 E1178.75731
G0 F9000 X164.279 Y214.06
G1 F1500 X176.16 Y225.94 E1179.0926
G0 F9000 X176.726 Y225.94
G1 F1500 X164.845 Y214.06 E1179.42789
G0 F9000 X165.411 Y214.06
G1 F1500 X177.291 Y225.94 E1179.76317
G0 F9000 X177.857 Y225.94
G1 F1500 X165.976 Y214.06 E1180.09846
G0 F9000 X166.542 Y214.06
G1 F1500 X178.423 Y225.94 E1180.43376
G0 F9000 X178.989 Y225.94
G1 F1500 X167.108 Y214.06 E1180.76905
G0 F9000 X167.673 Y214.06
G1 F1500 X179.554 Y225.94 E1181.10434
G0 F9000 X180.12 Y225.94
G1 F1500 X168.239 Y214.06 E1181.43964
G0 F9000 X168.805 Y214.06
G1 F1500 X180.686 Y225.94 E1181.77493
G0 F9000 X181.251 Y225.94
G1 F1500 X169.37 Y214.06 E1182.11022
G0 F9000 X169.936 Y214.06
G1 F1500 X181.817 Y225.94 E1182.44552
G0 F9000 X182.383 Y225.94
G1 F1500 X170.502 Y214.06 E1182.78081
G0 F9000 X171.068 Y214.06
G1 F1500 X182.948 Y225.94 E1183.11609
G0 F9000 X183.514 Y225.94
G1 F1500 X171.633 Y214.06 E1183.45138
G0 F9000 X172.199 Y214.06
G1 F1500 X184.08 Y225.94 E1183.78668
G0 F9000 X184.645 Y225.94
G1 F1500 X172.765 Y214.06 E1184.12196
G0 F9000 X173.33 Y214.06
G1 F1500 X185.211 Y225.94 E1184.45725
G0 F9000 X185.777 Y225.94
G1 F1500 X173.896 Y214.06 E1184.79254
G0 F9000 X174.462 Y214.06
G1 F1500 X186.342 Y225.94 E1185.12782
G0 F9000 X186.908 Y225.94
G1 F1500 X175.027 Y214.06 E1185.46312
G0 F9000 X175.593 Y214.06
G1 F1500 X187.474 Y225.94 E1185.79841
G0 F9000 X188.039 Y225.94
G1 F1500 X176.159 Y214.06 E1186.13369
G0 F9000 X176.724 Y214.06
G1 F1500 X188.605 Y225.94 E1186.46898
G0 F9000 X189.171 Y225.94
G1 F1500 X177.29 Y214.06 E1186.80428
G0 F9000 X177.856 Y214.06
G1 F1500 X189.737 Y225.94 E1187.13957
G0 F9000 X190.302 Y225.94
G1 F1500 X178.421 Y214.06 E1187.47486
G0 F9000 X178.987 Y214.06
G1 F1500 X190.868 Y225.94 E1187.81016
G0 F9000 X191.434 Y225.94
G1 F1500 X179.553 Y214.06 E1188.14545
G0 F9000 X180.118 Y214.06
G1 F1500 X191.999 Y225.94 E1188.48074
G0 F9000 X192.565 Y225.94
G1 F1500 X180.684 Y214.06 E1188.81604
G0 F9000 X181.25 Y214.06
G1 F1500 X193.131 Y225.94 E1189.15133
G0 F9000 X193.696 Y225.94
G1 F1500 X181.816 Y214.06 E1189.48661
G0 F9000 X182.381 Y214.06
G1 F1500 X194.262 Y225.94 E1189.8219
G0 F9000 X194.828 Y225.94
G1 F1500 X182.947 Y214.06 E1190.1572
G0 F9000 X183.513 Y214.06
G1 F1500 X195.393 Y225.94 E1190.49247
G0 F9000 X195.959 Y225.94
G1 F1500 X184.078 Y214.06 E1190.82777
G0 F9000 X184.644 Y214.06
G1 F1500 X196.525 Y225.94 E1191.16306
G0 F9000 X197.09 Y225.94
G1 F1500 X185.21 Y214.06 E1191.49834
G0 F9000 X185.775 Y214.06
G1 F1500 X197.656 Y225.94 E1191.83363
G0 F9000 X198.222 Y225.94
G1 F1500 X186.341 Y214.06 E1192.16893
G0 F9000 X186.907 Y214.06
G1 F1500 X198.788 Y225.94 E1192.50422
G0 F9000 X199.353 Y225.94
G1 F1500 X187.472 Y214.06 E1192.83951
G0 F9000 X188.038 Y214.06
G1 F1500 X199.919 Y225.94 E1193.17481
G0 F9000 X200.485 Y225.94
G1 F1500 X188.604 Y214.06 E1193.5101
G0 F9000 X189.169 Y214.06
G1 F1500 X201.05 Y225.94 E1193.84539
G0 F9000 X201.616 Y225.94
G1 F1500 X189.735 Y214.06 E1194.18069
G0 F9000 X190.301 Y214.06
G1 F1500 X202.182 Y225.94 E1194.51598
G0 F9000 X202.747 Y225.94
G1 F1500 X190.867 Y214.06 E1194.85126
G0 F9000 X191.432 Y214.06
G1 F1500 X203.313 Y225.94 E1195.18655
G0 F9000 X203.879 Y225.94
G1 F1500 X191.998 Y214.06 E1195.52185
G0 F9000 X192.564 Y214.06
G1 F1500 X204.444 Y225.94 E1195.85713
G0 F9000 X205.01 Y225.94
G1 F1500 X193.129 Y214.06 E1196.19242
G0 F9000 X193.695 Y214.06
G1 F1500 X205.576 Y225.94 E1196.52771
G0 F9000 X206.141 Y225.94
G1 F1500 X194.261 Y214.06 E1196.86299
G0 F9000 X194.826 Y214.06
G1 F1500 X206.707 Y225.94 E1197.19829
G0 F9000 X207.273 Y225.94
G1 F1500 X195.392 Y214.06 E1197.53358
G0 F9000 X195.958 Y214.06
G1 F1500 X207.838 Y225.94 E1197.86886
G0 F9000 X208.404 Y225.94
G1 F1500 X196.523 Y214.06 E1198.20415
G0 F9000 X197.089 Y214.06
G1 F1500 X208.97 Y225.94 E1198.53945
G0 F9000 X209.536 Y225.94
G1 F1500 X197.655 Y214.06 E1198.87474
G0 F9000 X198.22 Y214.06
G1 F1500 X210.101 Y225.94 E1199.21003
G0 F9000 X210.667 Y225.94
G1 F1500 X198.786 Y214.06 E1199.54533
G0 F9000 X199.352 Y214.06
G1 F1500 X211.233 Y225.94 E1199.88062
G0 F9000 X211.798 Y225.94
G1 F1500 X199.917 Y214.06 E1200.21591
G0 F9000 X200.483 Y214.06
G1 F1500 X212.364 Y225.94 E1200.55121
G0 F9000 X212.93 Y225.94
G1 F1500 X201.049 Y214.06 E1200.8865
G0 F9000 X201.615 Y214.06
G1 F1500 X213.495 Y225.94 E1201.22178
G0 F9000 X214.061 Y225.94
G1 F1500 X202.18 Y214.06 E1201.55707
G0 F9000 X202.746 Y214.06
G1 F1500 X214.627 Y225.94 E1201.89236
G0 F9000 X215.192 Y225.94
G1 F1500 X203.312 Y214.06 E1202.22764
G0 F9000 X203.877 Y214.06
G1 F1500 X215.758 Y225.94 E1202.56294
G0 F9000 X216.324 Y225.94
G1 F1500 X204.443 Y214.06 E1202.89823
G0 F9000 X205.009 Y214.06
G1 F1500 X216.889 Y225.94 E1203.23351
G0 F9000 X217.455 Y225.94
G1 F1500 X205.574 Y214.06 E1203.5688
G0 F9000 X206.14 Y214.06
G1 F1500 X218.021 Y225.94 E1203.9041
G0 F9000 X218.587 Y225.94
G1 F1500 X206.706 Y214.06 E1204.23939
G0 F9000 X207.271 Y214.06
G1 F1500 X219.152 Y225.94 E1204.57468
G0 F9000 X219.718 Y225.94
G1 F1500 X207.837 Y214.06 E1204.90998
G0 F9000 X208.403 Y214.06
G1 F1500 X220.284 Y225.94 E1205.24527
G0 F9000 X220.849 Y225.94
G1 F1500 X208.968 Y214.06 E1205.58056
G0 F9000 X209.534 Y214.06
G1 F1500 X221.415 Y225.94 E1205.91586
G0 F9000 X221.981 Y225.94
G1 F1500 X210.1 Y214.06 E1206.25115
G0 F9000 X210.665 Y214.06
G1 F1500 X222.546 Y225.94 E1206.58644
G0 F9000 X223.112 Y225.94
G1 F1500 X211.231 Y214.06 E1206.92174
G0 F9000 X211.797 Y214.06
G1 F1500 X223.678 Y225.94 E1207.25703
G0 F9000 X224.243 Y225.94
G1 F1500 X212.363 Y214.06 E1207.59231
G0 F9000 X212.928 Y214.06
G1 F1500 X224.809 Y225.94 E1207.9276
G0 F9000 X225.375 Y225.94
G1 F1500 X213.494 Y214.06 E1208.2629
G0 F9000 X214.06 Y214.06
G1 F1500 X225.94 Y225.94 E1208.59818
G0 F9000 X226.506 Y225.94
G1 F1500 X214.625 Y214.06 E1208.93347
G0 F9000 X215.191 Y214.06
G1 F1500 X227.072 Y225.94 E1209.26876
G0 F9000 X227.637 Y225.94
G1 F1500 X215.757 Y214.06 E1209.60404
G0 F9000 X216.322 Y214.06
G1 F1500 X228.203 Y225.94 E1209.93934
G0 F9000 X228.769 Y225.94
G1 F1500 X216.888 Y214.06 E1210.27463
G0 F9000 X217.454 Y214.06
G1 F1500 X229.335 Y225.94 E1210.60992
G0 F9000 X229.9 Y225.94
G1 F1500 X218.019 Y214.06 E1210.94522
G0 F9000 X218.585 Y214.06
G1 F1500 X230.466 Y225.94 E1211.28051
G0 F9000 X231.032 Y225.94
G1 F1500 X219.151 Y214.06 E1211.6158
G0 F9000 X219.716 Y214.06
G1 F1500 X231.597 Y225.94 E1211.9511
G0 F9000 X232.163 Y225.94
G1 F1500 X220.282 Y214.06 E1212.28639
G0 F9000 X220.848 Y214.06
G1 F1500 X232.729 Y225.94 E1212.62168
G0 F9000 X233.294 Y225.94
G1 F1500 X221.414 Y214.06 E1212.95696
G0 F9000 X221.979 Y214.06
G1 F1500 X233.86 Y225.94 E1213.29226
G0 F9000 X234.426 Y225.94
G1 F1500 X222.545 Y214.06 E1213.62755
G0 F9000 X223.111 Y214.06
G1 F1500 X234.991 Y225.94 E1213.96283
G0 F9000 X235.557 Y225.94
G1 F1500 X223.676 Y214.06 E1214.29812
G0 F9000 X224.242 Y214.06
G1 F1500 X235.84 Y225.658 E1214.62544
G0 F9000 X235.84 Y225.092
G1 F1500 X224.808 Y214.06 E1214.93679
G0 F9000 X225.373 Y214.06
G1 F1500 X235.84 Y224.526 E1215.23218
G0 F9000 X235.84 Y223.961
G1 F1500 X225.939 Y214.06 E1215.5116
G0 F9000 X226.505 Y214.06
G1 F1500 X235.84 Y223.395 E1215.77506
G0 F9000 X235.84 Y222.829
G1 F1500 X227.07 Y214.06 E1216.02255
G0 F9000 X227.636 Y214.06
G1 F1500 X235.84 Y222.263 E1216.25407
G0 F9000 X235.84 Y221.698
G1 F1500 X228.202 Y214.06 E1216.46963
G0 F9000 X228.767 Y214.06
G1 F1500 X235.84 Y221.132 E1216.66923
G0 F9000 X235.84 Y220.566
G1 F1500 X229.333 Y214.06 E1216.85286
G0 F9000 X229.899 Y214.06
G1 F1500 X235.84 Y220.001 E1217.02053
G0 F9000 X235.84 Y219.435
G1 F1500 X230.464 Y214.06 E1217.17224
G0 F9000 X231.03 Y214.06
G1 F1500 X235.84 Y218.869 E1217.30797
G0 F9000 X235.84 Y218.304
G1 F1500 X231.596 Y214.06 E1217.42775
G0 F9000 X232.162 Y214.06
G1 F1500 X235.84 Y217.738 E1217.53155
G0 F9000 X235.84 Y217.172
G1 F1500 X232.727 Y214.06 E1217.61939
G0 F9000 X233.293 Y214.06
G1 F1500 X235.84 Y216.607 E1217.69127
G0 F9000 X235.84 Y216.041
G1 F1500 X233.859 Y214.06 E1217.74718
G0 F9000 X234.424 Y214.06
G1 F1500 X235.84 Y215.475 E1217.78713
G0 F9000 X235.84 Y214.91
G1 F1500 X234.99 Y214.06 E1217.81112
G0 F9000 X235.556 Y214.06
G1 F1500 X235.84 Y214.344 E1217.81913
G0 F9000 X236.3 Y214.344
G0 X236.2 Y226.14
G0 X236.46 Y226.14
G1 F1500 X236.46 Y213.86 E1218.06419
G1 X241.14 Y213.86 E1218.15759
G1 X241.14 Y226.14 E1218.40265
G1 X236.46 Y226.14 E1218.49604
G0 F9000 X237.253 Y225.94
G1 F1500 X236.66 Y225.346 E1218.51279
G0 F9000 X236.66 Y224.781
G1 F1500 X237.819 Y225.94 E1218.5455
G0 F9000 X238.385 Y225.94
G1 F1500 X236.66 Y224.215 E1218.59418
G0 F9000 X236.66 Y223.649
G1 F1500 X238.95 Y225.94 E1218.65883
G0 F9000 X239.516 Y225.94
G1 F1500 X236.66 Y223.084 E1218.73943
G0 F9000 X236.66 Y222.518
G1 F1500 X240.082 Y225.94 E1218.83601
G0 F9000 X240.648 Y225.94
G1 F1500 X236.66 Y221.952 E1218.94856
G0 F9000 X236.66 Y221.387
G1 F1500 X240.94 Y225.667 E1219.06935
G0 F9000 X240.94 Y225.101
G1 F1500 X236.66 Y220.821 E1219.19014
G0 F9000 X236.66 Y220.255
G1 F1500 X240.94 Y224.535 E1219.31093
G0 F9000 X240.94 Y223.97
G1 F1500 X236.66 Y219.69 E1219.43172
G0 F9000 X236.66 Y219.124
G1 F1500 X240.94 Y223.404 E1219.55251
G0 F9000 X240.94 Y222.838
G1 F1500 X236.66 Y218.558 E1219.6733
G0 F9000 X236.66 Y217.993
G1 F1500 X240.94 Y222.273 E1219.79409
G0 F9000 X240.94 Y221.707
G1 F1500 X236.66 Y217.427 E1219.91488
G0 F9000 X236.66 Y216.861
G1 F1500 X240.94 Y221.141 E1220.03567
G0 F9000 X240.94 Y220.576
G1 F1500 X236.66 Y216.295 E1220.15648
G0 F9000 X236.66 Y215.73
G1 F1500 X240.94 Y220.01 E1220.27727
G0 F9000 X240.94 Y219.444
G1 F1500 X236.66 Y215.164 E1220.39806
G0 F9000 X236.66 Y214.598
G1 F1500 X240.94 Y218.879 E1220.51887
G0 F9000 X240.94 Y218.313
G1 F1500 X236.688 Y214.06 E1220.63888
G0 F9000 X237.253 Y214.06
G1 F1500 X240.94 Y217.747 E1220.74294
G0 F9000 X240.94 Y217.181
G1 F1500 X237.819 Y214.06 E1220.83102
G0 F9000 X238.385 Y214.06
G1 F1500 X240.94 Y216.616 E1220.90314
G0 F9000 X240.94 Y216.05
G1 F1500 X238.95 Y214.06 E1220.9593
G0 F9000 X239.516 Y214.06
G1 F1500 X240.94 Y215.484 E1220.99949
G0 F9000 X240.94 Y214.919
G1 F1500 X240.082 Y214.06 E1221.02372
G0 F9000 X240.648 Y214.06
G1 F1500 X240.94 Y214.353 E1221.03197
G1 F2700 E1216.03197
;MESH:NONMESH
G0 F300 X240.94 Y214.353 Z2.16
G0 F9000 X241.4 Y214.353
G0 X241.328 Y213.672
G0 X236.272 Y213.672
G0 X236.228 Y226.328
G0 X177.562 Y226.5
;TIME_ELAPSED:2752.813056
;LAYER:17
;TYPE:WALL-INNER
;MESH:BusConnAssyAid.stl
G1 F2700 E1221.03197
G1 F1500 X241.5 Y226.5 E1222.30792
G1 X241.5 Y213.5 E1222.56735
G1 X118.5 Y213.5 E1225.02195
G1 X118.5 Y226.5 E1225.28138
G1 X177.562 Y226.5 E1226.46003
G0 F9000 X177.412 Y226.9
G1 F1500 X241.9 Y226.9 E1227.74695
G1 X241.9 Y213.1 E1228.02235
G1 X118.1 Y213.1 E1230.49291
G1 X118.1 Y226.9 E1230.76831
G1 X177.412 Y226.9 E1231.95194
G0 F9000 X177.262 Y227.3
;TYPE:WALL-OUTER
G1 F1500 X242.3 Y227.3 E1233.24984
G1 X242.3 Y212.7 E1233.5412
G1 X117.7 Y212.7 E1236.02773
G1 X117.7 Y227.3 E1236.31909
G1 X177.262 Y227.3 E1237.50771
G1 F2700 E1232.50771
G0 F9000 X177.262 Y226.59
G0 X236.228 Y226.328
G0 X236.239 Y225.305
G0 X236.08 Y225.189
;TYPE:FILL
G1 F2700 E1237.50771
G1 F3000 X236.419 Y225.098 E1237.51472
G0 F9000 X236.2 Y225.098
G0 X236.2 Y223.348
G0 X236.42 Y223.348
G1 F3000 X236.08 Y223.009 E1237.5243
G0 F9000 X236.3 Y223.009
G0 X236.3 Y218.977
G0 X236.081 Y218.977
G1 F3000 X236.42 Y218.886 E1237.5313
G0 F9000 X236.2 Y218.886
G0 X236.2 Y214.863
G0 X236.42 Y214.863
G1 F3000 X236.08 Y214.523 E1237.5409
G1 F2700 E1232.5409
G0 F9000 X236.3 Y214.523
G0 X236.228 Y226.328
G0 X177.698 Y226.4
G0 X177.698 Y226.14
;TYPE:SKIN
G1 F2700 E1237.5409
G1 F1500 X118.86 Y226.14 E1238.71508
G1 X118.86 Y213.86 E1238.96014
G1 X236.04 Y213.86 E1241.29859
G1 X236.04 Y226.14 E1241.54365
G1 X177.698 Y226.14 E1242.70793
G1 F2700 E1237.70793
G0 F9000 X177.698 Y226.4
G0 X235.659 Y226.4
G0 X235.659 Y225.94
G1 F2700 E1242.70793
G1 F1500 X235.84 Y225.759 E1242.71304
G0 F9000 X235.84 Y225.194
G1 F1500 X235.093 Y225.94 E1242.7341
G0 F9000 X234.528 Y225.94
G1 F1500 X235.84 Y224.628 E1242.77113
G0 F9000 X235.84 Y224.062
G1 F1500 X233.962 Y225.94 E1242.82413
G0 F9000 X233.396 Y225.94
G1 F1500 X235.84 Y223.497 E1242.89309
G0 F9000 X235.84 Y222.931
G1 F1500 X232.83 Y225.94 E1242.97803
G0 F9000 X232.265 Y225.94
G1 F1500 X235.84 Y222.365 E1243.07892
G0 F9000 X235.84 Y221.8
G1 F1500 X231.699 Y225.94 E1243.19578
G0 F9000 X231.133 Y225.94
G1 F1500 X235.84 Y221.234 E1243.3286
G0 F9000 X235.84 Y220.668
G1 F1500 X230.568 Y225.94 E1243.47739
G0 F9000 X230.002 Y225.94
G1 F1500 X235.84 Y220.103 E1243.64214
G0 F9000 X235.84 Y219.537
G1 F1500 X229.436 Y225.94 E1243.82286
G0 F9000 X228.871 Y225.94
G1 F1500 X235.84 Y218.971 E1244.01954
G0 F9000 X235.84 Y218.405
G1 F1500 X228.305 Y225.94 E1244.23219
G0 F9000 X227.739 Y225.94
G1 F1500 X235.84 Y217.84 E1244.46081
G0 F9000 X235.84 Y217.274
G1 F1500 X227.174 Y225.94 E1244.70538
G0 F9000 X226.608 Y225.94
G1 F1500 X235.84 Y216.708 E1244.96593
G0 F9000 X235.84 Y216.143
G1 F1500 X226.042 Y225.94 E1245.24243
G0 F9000 X225.477 Y225.94
G1 F1500 X235.84 Y215.577 E1245.5349
G0 F9000 X235.84 Y215.011
G1 F1500 X224.911 Y225.94 E1245.84334
G0 F9000 X224.345 Y225.94
G1 F1500 X235.84 Y214.446 E1246.16774
G0 F9000 X235.66 Y214.06
G1 F1500 X223.779 Y225.94 E1246.50303
G0 F9000 X223.214 Y225.94
G1 F1500 X235.095 Y214.06 E1246.83833
G0 F9000 X234.529 Y214.06
G1 F1500 X222.648 Y225.94 E1247.17362
G0 F9000 X222.082 Y225.94
G1 F1500 X233.963 Y214.06 E1247.50891
G0 F9000 X233.398 Y214.06
G1 F1500 X221.517 Y225.94 E1247.84421
G0 F9000 X220.951 Y225.94
G1 F1500 X232.832 Y214.06 E1248.1795
G0 F9000 X232.266 Y214.06
G1 F1500 X220.385 Y225.94 E1248.51479
G0 F9000 X219.82 Y225.94
G1 F1500 X231.701 Y214.06 E1248.85009
G0 F9000 X231.135 Y214.06
G1 F1500 X219.254 Y225.94 E1249.18538
G0 F9000 X218.688 Y225.94
G1 F1500 X230.569 Y214.06 E1249.52067
G0 F9000 X230.003 Y214.06
G1 F1500 X218.123 Y225.94 E1249.85595
G0 F9000 X217.557 Y225.94
G1 F1500 X229.438 Y214.06 E1250.19125
G0 F9000 X228.872 Y214.06
G1 F1500 X216.991 Y225.94 E1250.52654
G0 F9000 X216.426 Y225.94
G1 F1500 X228.306 Y214.06 E1250.86182
G0 F9000 X227.741 Y214.06
G1 F1500 X215.86 Y225.94 E1251.19711
G0 F9000 X215.294 Y225.94
G1 F1500 X227.175 Y214.06 E1251.5324
G0 F9000 X226.609 Y214.06
G1 F1500 X214.729 Y225.94 E1251.86768
G0 F9000 X214.163 Y225.94
G1 F1500 X226.044 Y214.06 E1252.20298
G0 F9000 X225.478 Y214.06
G1 F1500 X213.597 Y225.94 E1252.53827
G0 F9000 X213.031 Y225.94
G1 F1500 X224.912 Y214.06 E1252.87356
G0 F9000 X224.347 Y214.06
G1 F1500 X212.466 Y225.94 E1253.20886
G0 F9000 X211.9 Y225.94
G1 F1500 X223.781 Y214.06 E1253.54415
G0 F9000 X223.215 Y214.06
G1 F1500 X211.334 Y225.94 E1253.87944
G0 F9000 X210.769 Y225.94
G1 F1500 X222.65 Y214.06 E1254.21474
G0 F9000 X222.084 Y214.06
G1 F1500 X210.203 Y225.94 E1254.55003
G0 F9000 X209.637 Y225.94
G1 F1500 X221.518 Y214.06 E1254.88532
G0 F9000 X220.952 Y214.06
G1 F1500 X209.072 Y225.94 E1255.2206
G0 F9000 X208.506 Y225.94
G1 F1500 X220.387 Y214.06 E1255.5559
G0 F9000 X219.821 Y214.06
G1 F1500 X207.94 Y225.94 E1255.89119
G0 F9000 X207.375 Y225.94
G1 F1500 X219.255 Y214.06 E1256.22647
G0 F9000 X218.69 Y214.06
G1 F1500 X206.809 Y225.94 E1256.56176
G0 F9000 X206.243 Y225.94
G1 F1500 X218.124 Y214.06 E1256.89706
G0 F9000 X217.558 Y214.06
G1 F1500 X205.678 Y225.94 E1257.23234
G0 F9000 X205.112 Y225.94
G1 F1500 X216.993 Y214.06 E1257.56763
G0 F9000 X216.427 Y214.06
G1 F1500 X204.546 Y225.94 E1257.90292
G0 F9000 X203.981 Y225.94
G1 F1500 X215.861 Y214.06 E1258.2382
G0 F9000 X215.296 Y214.06
G1 F1500 X203.415 Y225.94 E1258.5735
G0 F9000 X202.849 Y225.94
G1 F1500 X214.73 Y214.06 E1258.90879
G0 F9000 X214.164 Y214.06
G1 F1500 X202.283 Y225.94 E1259.24408
G0 F9000 X201.718 Y225.94
G1 F1500 X213.599 Y214.06 E1259.57938
G0 F9000 X213.033 Y214.06
G1 F1500 X201.152 Y225.94 E1259.91467
G0 F9000 X200.586 Y225.94
G1 F1500 X212.467 Y214.06 E1260.24996
G0 F9000 X211.902 Y214.06
G1 F1500 X200.021 Y225.94 E1260.58526
G0 F9000 X199.455 Y225.94
G1 F1500 X211.336 Y214.06 E1260.92055
G0 F9000 X210.77 Y214.06
G1 F1500 X198.889 Y225.94 E1261.25584
G0 F9000 X198.324 Y225.94
G1 F1500 X210.204 Y214.06 E1261.59112
G0 F9000 X209.639 Y214.06
G1 F1500 X197.758 Y225.94 E1261.92641
G0 F9000 X197.192 Y225.94
G1 F1500 X209.073 Y214.06 E1262.26171
G0 F9000 X208.507 Y214.06
G1 F1500 X196.627 Y225.94 E1262.59699
G0 F9000 X196.061 Y225.94
G1 F1500 X207.942 Y214.06 E1262.93228
G0 F9000 X207.376 Y214.06
G1 F1500 X195.495 Y225.94 E1263.26757
G0 F9000 X194.93 Y225.94
G1 F1500 X206.81 Y214.06 E1263.60285
G0 F9000 X206.245 Y214.06
G1 F1500 X194.364 Y225.94 E1263.93815
G0 F9000 X193.798 Y225.94
G1 F1500 X205.679 Y214.06 E1264.27344
G0 F9000 X205.113 Y214.06
G1 F1500 X193.232 Y225.94 E1264.60873
G0 F9000 X192.667 Y225.94
G1 F1500 X204.548 Y214.06 E1264.94403
G0 F9000 X203.982 Y214.06
G1 F1500 X192.101 Y225.94 E1265.27932
G0 F9000 X191.535 Y225.94
G1 F1500 X203.416 Y214.06 E1265.61461
G0 F9000 X202.851 Y214.06
G1 F1500 X190.97 Y225.94 E1265.94991
G0 F9000 X190.404 Y225.94
G1 F1500 X202.285 Y214.06 E1266.2852
G0 F9000 X201.719 Y214.06
G1 F1500 X189.838 Y225.94 E1266.62049
G0 F9000 X189.273 Y225.94
G1 F1500 X201.153 Y214.06 E1266.95577
G0 F9000 X200.588 Y214.06
G1 F1500 X188.707 Y225.94 E1267.29107
G0 F9000 X188.141 Y225.94
G1 F1500 X200.022 Y214.06 E1267.62636
G0 F9000 X199.456 Y214.06
G1 F1500 X187.576 Y225.94 E1267.96164
G0 F9000 X187.01 Y225.94
G1 F1500 X198.891 Y214.06 E1268.29693
G0 F9000 X198.325 Y214.06
G1 F1500 X186.444 Y225.94 E1268.63223
G0 F9000 X185.879 Y225.94
G1 F1500 X197.759 Y214.06 E1268.96751
G0 F9000 X197.194 Y214.06
G1 F1500 X185.313 Y225.94 E1269.3028
G0 F9000 X184.747 Y225.94
G1 F1500 X196.628 Y214.06 E1269.63809
G0 F9000 X196.062 Y214.06
G1 F1500 X184.182 Y225.94 E1269.97337
G0 F9000 X183.616 Y225.94
G1 F1500 X195.497 Y214.06 E1270.30866
G0 F9000 X194.931 Y214.06
G1 F1500 X183.05 Y225.94 E1270.64396
G0 F9000 X182.484 Y225.94
G1 F1500 X194.365 Y214.06 E1270.97925
G0 F9000 X193.8 Y214.06
G1 F1500 X181.919 Y225.94 E1271.31454
G0 F9000 X181.353 Y225.94
G1 F1500 X193.234 Y214.06 E1271.64984
G0 F9000 X192.668 Y214.06
G1 F1500 X180.787 Y225.94 E1271.98513
G0 F9000 X180.222 Y225.94
G1 F1500 X192.103 Y214.06 E1272.32042
G0 F9000 X191.537 Y214.06
G1 F1500 X179.656 Y225.94 E1272.65572
G0 F9000 X179.09 Y225.94
G1 F1500 X190.971 Y214.06 E1272.99101
G0 F9000 X190.405 Y214.06
G1 F1500 X178.525 Y225.94 E1273.32629
G0 F9000 X177.959 Y225.94
G1 F1500 X189.84 Y214.06 E1273.66158
G0 F9000 X189.274 Y214.06
G1 F1500 X177.393 Y225.94 E1273.99688
G0 F9000 X176.828 Y225.94
G1 F1500 X188.708 Y214.06 E1274.33216
G0 F9000 X188.143 Y214.06
G1 F1500 X176.262 Y225.94 E1274.66745
G0 F9000 X175.696 Y225.94
G1 F1500 X187.577 Y214.06 E1275.00274
G0 F9000 X187.011 Y214.06
G1 F1500 X175.131 Y225.94 E1275.33802
G0 F9000 X174.565 Y225.94
G1 F1500 X186.446 Y214.06 E1275.67332
G0 F9000 X185.88 Y214.06
G1 F1500 X173.999 Y225.94 E1276.00861
G0 F9000 X173.433 Y225.94
G1 F1500 X185.314 Y214.06 E1276.3439
G0 F9000 X184.749 Y214.06
G1 F1500 X172.868 Y225.94 E1276.6792
G0 F9000 X172.302 Y225.94
G1 F1500 X184.183 Y214.06 E1277.01449
G0 F9000 X183.617 Y214.06
G1 F1500 X171.736 Y225.94 E1277.34978
G0 F9000 X171.171 Y225.94
G1 F1500 X183.052 Y214.06 E1277.68508
G0 F9000 X182.486 Y214.06
G1 F1500 X170.605 Y225.94 E1278.02037
G0 F9000 X170.039 Y225.94
G1 F1500 X181.92 Y214.06 E1278.35566
G0 F9000 X181.355 Y214.06
G1 F1500 X169.474 Y225.94 E1278.69096
G0 F9000 X168.908 Y225.94
G1 F1500 X180.789 Y214.06 E1279.02625
G0 F9000 X180.223 Y214.06
G1 F1500 X168.342 Y225.94 E1279.36154
G0 F9000 X167.777 Y225.94
G1 F1500 X179.657 Y214.06 E1279.69682
G0 F9000 X179.092 Y214.06
G1 F1500 X167.211 Y225.94 E1280.03212
G0 F9000 X166.645 Y225.94
G1 F1500 X178.526 Y214.06 E1280.36741
G0 F9000 X177.96 Y214.06
G1 F1500 X166.08 Y225.94 E1280.70269
G0 F9000 X165.514 Y225.94
G1 F1500 X177.395 Y214.06 E1281.03798
G0 F9000 X176.829 Y214.06
G1 F1500 X164.948 Y225.94 E1281.37328
G0 F9000 X164.383 Y225.94
G1 F1500 X176.263 Y214.06 E1281.70855
G0 F9000 X175.698 Y214.06
G1 F1500 X163.817 Y225.94 E1282.04385
G0 F9000 X163.251 Y225.94
G1 F1500 X175.132 Y214.06 E1282.37914
G0 F9000 X174.566 Y214.06
G1 F1500 X162.685 Y225.94 E1282.71443
G0 F9000 X162.12 Y225.94
G1 F1500 X174.001 Y214.06 E1283.04973
G0 F9000 X173.435 Y214.06
G1 F1500 X161.554 Y225.94 E1283.38502
G0 F9000 X160.988 Y225.94
G1 F1500 X172.869 Y214.06 E1283.72031
G0 F9000 X172.304 Y214.06
G1 F1500 X160.423 Y225.94 E1284.05561
G0 F9000 X159.857 Y225.94
G1 F1500 X171.738 Y214.06 E1284.3909
G0 F9000 X171.172 Y214.06
G1 F1500 X159.291 Y225.94 E1284.7262
G0 F9000 X158.726 Y225.94
G1 F1500 X170.606 Y214.06 E1285.06147
G0 F9000 X170.041 Y214.06
G1 F1500 X158.16 Y225.94 E1285.39677
G0 F9000 X157.594 Y225.94
G1 F1500 X169.475 Y214.06 E1285.73206
G0 F9000 X168.909 Y214.06
G1 F1500 X157.029 Y225.94 E1286.06734
G0 F9000 X156.463 Y225.94
G1 F1500 X168.344 Y214.06 E1286.40263
G0 F9000 X167.778 Y214.06
G1 F1500 X155.897 Y225.94 E1286.73793
G0 F9000 X155.332 Y225.94
G1 F1500 X167.212 Y214.06 E1287.07321
G0 F9000 X166.647 Y214.06
G1 F1500 X154.766 Y225.94 E1287.4085
G0 F9000 X154.2 Y225.94
G1 F1500 X166.081 Y214.06 E1287.74379
G0 F9000 X165.515 Y214.06
G1 F1500 X153.635 Y225.94 E1288.07907
G0 F9000 X153.069 Y225.94
G1 F1500 X164.95 Y214.06 E1288.41437
G0 F9000 X164.384 Y214.06
G1 F1500 X152.503 Y225.94 E1288.74966
G0 F9000 X151.937 Y225.94
G1 F1500 X163.818 Y214.06 E1289.08495
G0 F9000 X163.253 Y214.06
G1 F1500 X151.372 Y225.94 E1289.42025
G0 F9000 X150.806 Y225.94
G1 F1500 X162.687 Y214.06 E1289.75554
G0 F9000 X162.121 Y214.06
G1 F1500 X150.24 Y225.94 E1290.09083
G0 F9000 X149.675 Y225.94
G1 F1500 X161.556 Y214.06 E1290.42613
G0 F9000 X160.99 Y214.06
G1 F1500 X149.109 Y225.94 E1290.76142
G0 F9000 X148.543 Y225.94
G1 F1500 X160.424 Y214.06 E1291.09671
G0 F9000 X159.858 Y214.06
G1 F1500 X147.978 Y225.94 E1291.43199
G0 F9000 X147.412 Y225.94
G1 F1500 X159.293 Y214.06 E1291.76729
G0 F9000 X158.727 Y214.06
G1 F1500 X146.846 Y225.94 E1292.10258
G0 F9000 X146.281 Y225.94
G1 F1500 X158.161 Y214.06 E1292.43786
G0 F9000 X157.596 Y214.06
G1 F1500 X145.715 Y225.94 E1292.77315
G0 F9000 X145.149 Y225.94
G1 F1500 X157.03 Y214.06 E1293.10844
G0 F9000 X156.464 Y214.06
G1 F1500 X144.584 Y225.94 E1293.44372
G0 F9000 X144.018 Y225.94
G1 F1500 X155.899 Y214.06 E1293.77902
G0 F9000 X155.333 Y214.06
G1 F1500 X143.452 Y225.94 E1294.11431
G0 F9000 X142.886 Y225.94
G1 F1500 X154.767 Y214.06 E1294.4496
G0 F9000 X154.202 Y214.06
G1 F1500 X142.321 Y225.94 E1294.7849
G0 F9000 X141.755 Y225.94
G1 F1500 X153.636 Y214.06 E1295.12019
G0 F9000 X153.07 Y214.06
G1 F1500 X141.189 Y225.94 E1295.45548
G0 F9000 X140.624 Y225.94
G1 F1500 X152.505 Y214.06 E1295.79078
G0 F9000 X151.939 Y214.06
G1 F1500 X140.058 Y225.94 E1296.12607
G0 F9000 X139.492 Y225.94
G1 F1500 X151.373 Y214.06 E1296.46136
G0 F9000 X150.807 Y214.06
G1 F1500 X138.927 Y225.94 E1296.79664
G0 F9000 X138.361 Y225.94
G1 F1500 X150.242 Y214.06 E1297.13194
G0 F9000 X149.676 Y214.06
G1 F1500 X137.795 Y225.94 E1297.46723
G0 F9000 X137.23 Y225.94
G1 F1500 X149.11 Y214.06 E1297.80251
G0 F9000 X148.545 Y214.06
G1 F1500 X136.664 Y225.94 E1298.1378
G0 F9000 X136.098 Y225.94
G1 F1500 X147.979 Y214.06 E1298.4731
G0 F9000 X147.413 Y214.06
G1 F1500 X135.533 Y225.94 E1298.80838
G0 F9000 X134.967 Y225.94
G1 F1500 X146.848 Y214.06 E1299.14367
G0 F9000 X146.282 Y214.06
G1 F1500 X134.401 Y225.94 E1299.47896
G0 F9000 X133.836 Y225.94
G1 F1500 X145.716 Y214.06 E1299.81424
G0 F9000 X145.151 Y214.06
G1 F1500 X133.27 Y225.94 E1300.14954
G0 F9000 X132.704 Y225.94
G1 F1500 X144.585 Y214.06 E1300.48483
G0 F9000 X144.019 Y214.06
G1 F1500 X132.138 Y225.94 E1300.82012
G0 F9000 X131.573 Y225.94
G1 F1500 X143.454 Y214.06 E1301.15542
G0 F9000 X142.888 Y214.06
G1 F1500 X131.007 Y225.94 E1301.49071
G0 F9000 X130.441 Y225.94
G1 F1500 X142.322 Y214.06 E1301.826
G0 F9000 X141.757 Y214.06
G1 F1500 X129.876 Y225.94 E1302.1613
G0 F9000 X129.31 Y225.94
G1 F1500 X141.191 Y214.06 E1302.49659
G0 F9000 X140.625 Y214.06
G1 F1500 X128.744 Y225.94 E1302.83188
G0 F9000 X128.179 Y225.94
G1 F1500 X140.059 Y214.06 E1303.16716
G0 F9000 X139.494 Y214.06
G1 F1500 X127.613 Y225.94 E1303.50245
G0 F9000 X127.047 Y225.94
G1 F1500 X138.928 Y214.06 E1303.83775
G0 F9000 X138.362 Y214.06
G1 F1500 X126.482 Y225.94 E1304.17303
G0 F9000 X125.916 Y225.94
G1 F1500 X137.797 Y214.06 E1304.50832
G0 F9000 X137.231 Y214.06
G1 F1500 X125.35 Y225.94 E1304.84361
G0 F9000 X124.785 Y225.94
G1 F1500 X136.665 Y214.06 E1305.17889
G0 F9000 X136.1 Y214.06
G1 F1500 X124.219 Y225.94 E1305.51419
G0 F9000 X123.653 Y225.94
G1 F1500 X135.534 Y214.06 E1305.84948
G0 F9000 X134.968 Y214.06
G1 F1500 X123.087 Y225.94 E1306.18477
G0 F9000 X122.522 Y225.94
G1 F1500 X134.403 Y214.06 E1306.52007
G0 F9000 X133.837 Y214.06
G1 F1500 X121.956 Y225.94 E1306.85536
G0 F9000 X121.39 Y225.94
G1 F1500 X133.271 Y214.06 E1307.19065
G0 F9000 X132.706 Y214.06
G1 F1500 X120.825 Y225.94 E1307.52595
G0 F9000 X120.259 Y225.94
G1 F1500 X132.14 Y214.06 E1307.86124
G0 F9000 X131.574 Y214.06
G1 F1500 X119.693 Y225.94 E1308.19653
G0 F9000 X119.128 Y225.94
G1 F1500 X131.009 Y214.06 E1308.53183
G0 F9000 X130.443 Y214.06
G1 F1500 X119.06 Y225.443 E1308.85308
G0 F9000 X119.06 Y224.877
G1 F1500 X129.877 Y214.06 E1309.15836
G0 F9000 X129.311 Y214.06
G1 F1500 X119.06 Y224.311 E1309.44766
G0 F9000 X119.06 Y223.746
G1 F1500 X128.746 Y214.06 E1309.72102
G0 F9000 X128.18 Y214.06
G1 F1500 X119.06 Y223.18 E1309.97841
G0 F9000 X119.06 Y222.614
G1 F1500 X127.614 Y214.06 E1310.21982
G0 F9000 X127.049 Y214.06
G1 F1500 X119.06 Y222.048 E1310.44528
G0 F9000 X119.06 Y221.483
G1 F1500 X126.483 Y214.06 E1310.65477
G0 F9000 X125.917 Y214.06
G1 F1500 X119.06 Y220.917 E1310.84829
G0 F9000 X119.06 Y220.351
G1 F1500 X125.352 Y214.06 E1311.02585
G0 F9000 X124.786 Y214.06
G1 F1500 X119.06 Y219.786 E1311.18745
G0 F9000 X119.06 Y219.22
G1 F1500 X124.22 Y214.06 E1311.33307
G0 F9000 X123.655 Y214.06
G1 F1500 X119.06 Y218.654 E1311.46274
G0 F9000 X119.06 Y218.089
G1 F1500 X123.089 Y214.06 E1311.57645
G0 F9000 X122.523 Y214.06
G1 F1500 X119.06 Y217.523 E1311.67418
G0 F9000 X119.06 Y216.957
G1 F1500 X121.958 Y214.06 E1311.75596
G0 F9000 X121.392 Y214.06
G1 F1500 X119.06 Y216.392 E1311.82177
G0 F9000 X119.06 Y215.826
G1 F1500 X120.826 Y214.06 E1311.87161
G0 F9000 X120.26 Y214.06
G1 F1500 X119.06 Y215.26 E1311.90548
G0 F9000 X119.06 Y214.695
G1 F1500 X119.695 Y214.06 E1311.9234
G0 F9000 X119.129 Y214.06
G1 F1500 X119.06 Y214.129 E1311.92534
G1 F2700 E1306.92534
G0 F9000 X118.6 Y214.129
G0 X118.672 Y226.328
G0 X236.228 Y226.328
G0 X236.46 Y226.14
G1 F2700 E1311.92534
G1 F1500 X236.46 Y213.86 E1312.17041
G1 X241.14 Y213.86 E1312.2638
G1 X241.14 Y226.14 E1312.50886
G1 X236.46 Y226.14 E1312.60225
G0 F9000 X236.2 Y226.14
G0 X240.75 Y226.4
G0 X240.75 Y225.94
G1 F1500 X240.94 Y225.75 E1312.60762
G0 F9000 X240.94 Y225.185
G1 F1500 X240.184 Y225.94 E1312.62894
G0 F9000 X239.619 Y225.94
G1 F1500 X240.94 Y224.619 E1312.66622
G0 F9000 X240.94 Y224.053
G1 F1500 X239.053 Y225.94 E1312.71948
G0 F9000 X238.487 Y225.94
G1 F1500 X240.94 Y223.487 E1312.7887
G0 F9000 X240.94 Y222.922
G1 F1500 X237.922 Y225.94 E1312.87388
G0 F9000 X237.356 Y225.94
G1 F1500 X240.94 Y222.356 E1312.97503
G0 F9000 X240.94 Y221.79
G1 F1500 X236.79 Y225.94 E1313.09215
G0 F9000 X236.66 Y225.505
G1 F1500 X240.94 Y221.225 E1313.21294
G0 F9000 X240.94 Y220.659
G1 F1500 X236.66 Y224.939 E1313.33373
G0 F9000 X236.66 Y224.373
G1 F1500 X240.94 Y220.093 E1313.45452
G0 F9000 X240.94 Y219.528
G1 F1500 X236.66 Y223.808 E1313.57531
G0 F9000 X236.66 Y223.242
G1 F1500 X240.94 Y218.962 E1313.6961
G0 F9000 X240.94 Y218.396
G1 F1500 X236.66 Y222.676 E1313.81689
G0 F9000 X236.66 Y222.111
G1 F1500 X240.94 Y217.831 E1313.93769
G0 F9000 X240.94 Y217.265
G1 F1500 X236.66 Y221.545 E1314.05848
G0 F9000 X236.66 Y220.979
G1 F1500 X240.94 Y216.699 E1314.17927
G0 F9000 X240.94 Y216.134
G1 F1500 X236.66 Y220.414 E1314.30006
G0 F9000 X236.66 Y219.848
G1 F1500 X240.94 Y215.568 E1314.42085
G0 F9000 X240.94 Y215.002
G1 F1500 X236.66 Y219.282 E1314.54164
G0 F9000 X236.66 Y218.717
G1 F1500 X240.94 Y214.436 E1314.66244
G0 F9000 X240.751 Y214.06
G1 F1500 X236.66 Y218.151 E1314.7779
G0 F9000 X236.66 Y217.585
G1 F1500 X240.186 Y214.06 E1314.8774
G0 F9000 X239.62 Y214.06
G1 F1500 X236.66 Y217.02 E1314.96094
G0 F9000 X236.66 Y216.454
G1 F1500 X239.054 Y214.06 E1315.0285
G0 F9000 X238.489 Y214.06
G1 F1500 X236.66 Y215.888 E1315.0801
G0 F9000 X236.66 Y215.323
G1 F1500 X237.923 Y214.06 E1315.11575
G0 F9000 X237.357 Y214.06
G1 F1500 X236.66 Y214.757 E1315.13542
G0 F9000 X236.66 Y214.191
G1 F1500 X236.792 Y214.06 E1315.13913
G1 F2700 E1310.13913
;MESH:NONMESH
G0 F300 X236.792 Y214.06 Z2.28
G0 F9000 X236.792 Y213.6
G0 X236.272 Y213.672
G0 X236.228 Y226.328
G0 X177.562 Y226.5
;TIME_ELAPSED:2970.423524
;LAYER:18
;TYPE:WALL-INNER
;MESH:BusConnAssyAid.stl
G1 F2700 E1315.13913
G1 F1500 X241.5 Y226.5 E1316.41508
G1 X241.5 Y213.5 E1316.67451
G1 X118.5 Y213.5 E1319.12911
G1 X118.5 Y226.5 E1319.38854
G1 X177.562 Y226.5 E1320.56718
G0 F9000 X177.412 Y226.9
G1 F1500 X241.9 Y226.9 E1321.85411
G1 X241.9 Y213.1 E1322.12951
G1 X118.1 Y213.1 E1324.60007
G1 X118.1 Y226.9 E1324.87546
G1 X177.412 Y226.9 E1326.0591
G0 F9000 X177.262 Y227.3
;TYPE:WALL-OUTER
G1 F1500 X242.3 Y227.3 E1327.357
G1 X242.3 Y212.7 E1327.64836
G1 X117.7 Y212.7 E1330.13489
G1 X117.7 Y227.3 E1330.42625
G1 X177.262 Y227.3 E1331.61487
G1 F2700 E1326.61487
G0 F9000 X177.262 Y226.59
G0 X236.228 Y226.328
G0 X236.3 Y225.277
G0 X236.08 Y225.277
;TYPE:FILL
G1 F2700 E1331.61487
G1 F3000 X236.419 Y225.186 E1331.62188
G0 F9000 X236.2 Y225.186
G0 X236.2 Y223.228
G0 X236.42 Y223.228
G1 F3000 X236.08 Y222.889 E1331.63146
G0 F9000 X236.3 Y222.889
G0 X236.3 Y219.065
G0 X236.081 Y219.065
G1 F3000 X236.42 Y218.974 E1331.63846
G0 F9000 X236.2 Y218.974
G0 X236.2 Y214.743
G0 X236.42 Y214.743
G1 F3000 X236.08 Y214.403 E1331.64806
G1 F2700 E1326.64806
G0 F9000 X236.3 Y214.403
G0 X236.228 Y226.328
G0 X177.698 Y226.4
G0 X177.698 Y226.14
;TYPE:SKIN
G1 F2700 E1331.64806
G1 F1500 X118.86 Y226.14 E1332.82223
G1 X118.86 Y213.86 E1333.06729
G1 X236.04 Y213.86 E1335.40575
G1 X236.04 Y226.14 E1335.65081
G1 X177.698 Y226.14 E1336.81509
G1 F2700 E1331.81509
G0 F9000 X177.698 Y226.4
G0 X118.672 Y226.328
G0 X118.6 Y225.409
G0 X119.06 Y225.409
G1 F2700 E1336.81509
G1 F1500 X119.592 Y225.94 E1336.83009
G0 F9000 X120.157 Y225.94
G1 F1500 X119.06 Y224.843 E1336.86105
G0 F9000 X119.06 Y224.277
G1 F1500 X120.723 Y225.94 E1336.90798
G0 F9000 X121.289 Y225.94
G1 F1500 X119.06 Y223.712 E1336.97087
G0 F9000 X119.06 Y223.146
G1 F1500 X121.854 Y225.94 E1337.04973
G0 F9000 X122.42 Y225.94
G1 F1500 X119.06 Y222.58 E1337.14455
G0 F9000 X119.06 Y222.015
G1 F1500 X122.986 Y225.94 E1337.25534
G0 F9000 X123.551 Y225.94
G1 F1500 X119.06 Y221.449 E1337.38208
G0 F9000 X119.06 Y220.883
G1 F1500 X124.117 Y225.94 E1337.5248
G0 F9000 X124.683 Y225.94
G1 F1500 X119.06 Y220.318 E1337.68348
G0 F9000 X119.06 Y219.752
G1 F1500 X125.248 Y225.94 E1337.85812
G0 F9000 X125.814 Y225.94
G1 F1500 X119.06 Y219.186 E1338.04873
G0 F9000 X119.06 Y218.62
G1 F1500 X126.38 Y225.94 E1338.25532
G0 F9000 X126.945 Y225.94
G1 F1500 X119.06 Y218.055 E1338.47785
G0 F9000 X119.06 Y217.489
G1 F1500 X127.511 Y225.94 E1338.71636
G0 F9000 X128.077 Y225.94
G1 F1500 X119.06 Y216.923 E1338.97084
G0 F9000 X119.06 Y216.358
G1 F1500 X128.643 Y225.94 E1339.24127
G0 F9000 X129.208 Y225.94
G1 F1500 X119.06 Y215.792 E1339.52767
G0 F9000 X119.06 Y215.226
G1 F1500 X129.774 Y225.94 E1339.83005
G0 F9000 X130.34 Y225.94
G1 F1500 X119.06 Y214.661 E1340.14838
G0 F9000 X119.06 Y214.095
G1 F1500 X130.905 Y225.94 E1340.48267
G0 F9000 X131.471 Y225.94
G1 F1500 X119.59 Y214.06 E1340.81796
G0 F9000 X120.156 Y214.06
G1 F1500 X132.037 Y225.94 E1341.15326
G0 F9000 X132.602 Y225.94
G1 F1500 X120.722 Y214.06 E1341.48853
G0 F9000 X121.287 Y214.06
G1 F1500 X133.168 Y225.94 E1341.82383
G0 F9000 X133.734 Y225.94
G1 F1500 X121.853 Y214.06 E1342.15912
G0 F9000 X122.419 Y214.06
G1 F1500 X134.299 Y225.94 E1342.4944
G0 F9000 X134.865 Y225.94
G1 F1500 X122.984 Y214.06 E1342.82969
G0 F9000 X123.55 Y214.06
G1 F1500 X135.431 Y225.94 E1343.16499
G0 F9000 X135.996 Y225.94
G1 F1500 X124.116 Y214.06 E1343.50027
G0 F9000 X124.681 Y214.06
G1 F1500 X136.562 Y225.94 E1343.83556
G0 F9000 X137.128 Y225.94
G1 F1500 X125.247 Y214.06 E1344.17085
G0 F9000 X125.813 Y214.06
G1 F1500 X137.693 Y225.94 E1344.50613
G0 F9000 X138.259 Y225.94
G1 F1500 X126.378 Y214.06 E1344.84143
G0 F9000 X126.944 Y214.06
G1 F1500 X138.825 Y225.94 E1345.17672
G0 F9000 X139.391 Y225.94
G1 F1500 X127.51 Y214.06 E1345.51201
G0 F9000 X128.075 Y214.06
G1 F1500 X139.956 Y225.94 E1345.84731
G0 F9000 X140.522 Y225.94
G1 F1500 X128.641 Y214.06 E1346.1826
G0 F9000 X129.207 Y214.06
G1 F1500 X141.088 Y225.94 E1346.51789
G0 F9000 X141.653 Y225.94
G1 F1500 X129.772 Y214.06 E1346.85319
G0 F9000 X130.338 Y214.06
G1 F1500 X142.219 Y225.94 E1347.18848
G0 F9000 X142.785 Y225.94
G1 F1500 X130.904 Y214.06 E1347.52377
G0 F9000 X131.47 Y214.06
G1 F1500 X143.35 Y225.94 E1347.85905
G0 F9000 X143.916 Y225.94
G1 F1500 X132.035 Y214.06 E1348.19435
G0 F9000 X132.601 Y214.06
G1 F1500 X144.482 Y225.94 E1348.52964
G0 F9000 X145.047 Y225.94
G1 F1500 X133.167 Y214.06 E1348.86492
G0 F9000 X133.732 Y214.06
G1 F1500 X145.613 Y225.94 E1349.20021
G0 F9000 X146.179 Y225.94
G1 F1500 X134.298 Y214.06 E1349.53551
G0 F9000 X134.864 Y214.06
G1 F1500 X146.744 Y225.94 E1349.87078
G0 F9000 X147.31 Y225.94
G1 F1500 X135.429 Y214.06 E1350.20608
G0 F9000 X135.995 Y214.06
G1 F1500 X147.876 Y225.94 E1350.54137
G0 F9000 X148.442 Y225.94
G1 F1500 X136.561 Y214.06 E1350.87666
G0 F9000 X137.126 Y214.06
G1 F1500 X149.007 Y225.94 E1351.21196
G0 F9000 X149.573 Y225.94
G1 F1500 X137.692 Y214.06 E1351.54725
G0 F9000 X138.258 Y214.06
G1 F1500 X150.139 Y225.94 E1351.88254
G0 F9000 X150.704 Y225.94
G1 F1500 X138.823 Y214.06 E1352.21784
G0 F9000 X139.389 Y214.06
G1 F1500 X151.27 Y225.94 E1352.55313
G0 F9000 X151.836 Y225.94
G1 F1500 X139.955 Y214.06 E1352.88842
G0 F9000 X140.521 Y214.06
G1 F1500 X152.401 Y225.94 E1353.2237
G0 F9000 X152.967 Y225.94
G1 F1500 X141.086 Y214.06 E1353.559
G0 F9000 X141.652 Y214.06
G1 F1500 X153.533 Y225.94 E1353.89429
G0 F9000 X154.098 Y225.94
G1 F1500 X142.218 Y214.06 E1354.22957
G0 F9000 X142.783 Y214.06
G1 F1500 X154.664 Y225.94 E1354.56486
G0 F9000 X155.23 Y225.94
G1 F1500 X143.349 Y214.06 E1354.90016
G0 F9000 X143.915 Y214.06
G1 F1500 X155.795 Y225.94 E1355.23544
G0 F9000 X156.361 Y225.94
G1 F1500 X144.48 Y214.06 E1355.57073
G0 F9000 X145.046 Y214.06
G1 F1500 X156.927 Y225.94 E1355.90602
G0 F9000 X157.492 Y225.94
G1 F1500 X145.612 Y214.06 E1356.2413
G0 F9000 X146.177 Y214.06
G1 F1500 X158.058 Y225.94 E1356.5766
G0 F9000 X158.624 Y225.94
G1 F1500 X146.743 Y214.06 E1356.91189
G0 F9000 X147.309 Y214.06
G1 F1500 X159.19 Y225.94 E1357.24718
G0 F9000 X159.755 Y225.94
G1 F1500 X147.874 Y214.06 E1357.58248
G0 F9000 X148.44 Y214.06
G1 F1500 X160.321 Y225.94 E1357.91777
G0 F9000 X160.887 Y225.94
G1 F1500 X149.006 Y214.06 E1358.25306
G0 F9000 X149.571 Y214.06
G1 F1500 X161.452 Y225.94 E1358.58836
G0 F9000 X162.018 Y225.94
G1 F1500 X150.137 Y214.06 E1358.92365
G0 F9000 X150.703 Y214.06
G1 F1500 X162.584 Y225.94 E1359.25894
G0 F9000 X163.149 Y225.94
G1 F1500 X151.269 Y214.06 E1359.59422
G0 F9000 X151.834 Y214.06
G1 F1500 X163.715 Y225.94 E1359.92952
G0 F9000 X164.281 Y225.94
G1 F1500 X152.4 Y214.06 E1360.26481
G0 F9000 X152.966 Y214.06
G1 F1500 X164.846 Y225.94 E1360.60009
G0 F9000 X165.412 Y225.94
G1 F1500 X153.531 Y214.06 E1360.93538
G0 F9000 X154.097 Y214.06
G1 F1500 X165.978 Y225.94 E1361.27067
G0 F9000 X166.543 Y225.94
G1 F1500 X154.663 Y214.06 E1361.60595
G0 F9000 X155.228 Y214.06
G1 F1500 X167.109 Y225.94 E1361.94125
G0 F9000 X167.675 Y225.94
G1 F1500 X155.794 Y214.06 E1362.27654
G0 F9000 X156.36 Y214.06
G1 F1500 X168.241 Y225.94 E1362.61183
G0 F9000 X168.806 Y225.94
G1 F1500 X156.925 Y214.06 E1362.94713
G0 F9000 X157.491 Y214.06
G1 F1500 X169.372 Y225.94 E1363.28242
G0 F9000 X169.938 Y225.94
G1 F1500 X158.057 Y214.06 E1363.61771
G0 F9000 X158.622 Y214.06
G1 F1500 X170.503 Y225.94 E1363.95301
G0 F9000 X171.069 Y225.94
G1 F1500 X159.188 Y214.06 E1364.2883
G0 F9000 X159.754 Y214.06
G1 F1500 X171.635 Y225.94 E1364.62359
G0 F9000 X172.2 Y225.94
G1 F1500 X160.319 Y214.06 E1364.95889
G0 F9000 X160.885 Y214.06
G1 F1500 X172.766 Y225.94 E1365.29418
G0 F9000 X173.332 Y225.94
G1 F1500 X161.451 Y214.06 E1365.62947
G0 F9000 X162.017 Y214.06
G1 F1500 X173.897 Y225.94 E1365.96475
G0 F9000 X174.463 Y225.94
G1 F1500 X162.582 Y214.06 E1366.30005
G0 F9000 X163.148 Y214.06
G1 F1500 X175.029 Y225.94 E1366.63534
G0 F9000 X175.594 Y225.94
G1 F1500 X163.714 Y214.06 E1366.97062
G0 F9000 X164.279 Y214.06
G1 F1500 X176.16 Y225.94 E1367.30591
G0 F9000 X176.726 Y225.94
G1 F1500 X164.845 Y214.06 E1367.64121
G0 F9000 X165.411 Y214.06
G1 F1500 X177.291 Y225.94 E1367.97649
G0 F9000 X177.857 Y225.94
G1 F1500 X165.976 Y214.06 E1368.31178
G0 F9000 X166.542 Y214.06
G1 F1500 X178.423 Y225.94 E1368.64707
G0 F9000 X178.989 Y225.94
G1 F1500 X167.108 Y214.06 E1368.98237
G0 F9000 X167.673 Y214.06
G1 F1500 X179.554 Y225.94 E1369.31766
G0 F9000 X180.12 Y225.94
G1 F1500 X168.239 Y214.06 E1369.65295
G0 F9000 X168.805 Y214.06
G1 F1500 X180.686 Y225.94 E1369.98825
G0 F9000 X181.251 Y225.94
G1 F1500 X169.37 Y214.06 E1370.32354
G0 F9000 X169.936 Y214.06
G1 F1500 X181.817 Y225.94 E1370.65883
G0 F9000 X182.383 Y225.94
G1 F1500 X170.502 Y214.06 E1370.99413
G0 F9000 X171.068 Y214.06
G1 F1500 X182.948 Y225.94 E1371.32941
G0 F9000 X183.514 Y225.94
G1 F1500 X171.633 Y214.06 E1371.6647
G0 F9000 X172.199 Y214.06
G1 F1500 X184.08 Y225.94 E1371.99999
G0 F9000 X184.645 Y225.94
G1 F1500 X172.765 Y214.06 E1372.33527
G0 F9000 X173.33 Y214.06
G1 F1500 X185.211 Y225.94 E1372.67056
G0 F9000 X185.777 Y225.94
G1 F1500 X173.896 Y214.06 E1373.00586
G0 F9000 X174.462 Y214.06
G1 F1500 X186.342 Y225.94 E1373.34114
G0 F9000 X186.908 Y225.94
G1 F1500 X175.027 Y214.06 E1373.67643
G0 F9000 X175.593 Y214.06
G1 F1500 X187.474 Y225.94 E1374.01172
G0 F9000 X188.039 Y225.94
G1 F1500 X176.159 Y214.06 E1374.347
G0 F9000 X176.724 Y214.06
G1 F1500 X188.605 Y225.94 E1374.6823
G0 F9000 X189.171 Y225.94
G1 F1500 X177.29 Y214.06 E1375.01759
G0 F9000 X177.856 Y214.06
G1 F1500 X189.737 Y225.94 E1375.35288
G0 F9000 X190.302 Y225.94
G1 F1500 X178.421 Y214.06 E1375.68818
G0 F9000 X178.987 Y214.06
G1 F1500 X190.868 Y225.94 E1376.02347
G0 F9000 X191.434 Y225.94
G1 F1500 X179.553 Y214.06 E1376.35876
G0 F9000 X180.118 Y214.06
G1 F1500 X191.999 Y225.94 E1376.69406
G0 F9000 X192.565 Y225.94
G1 F1500 X180.684 Y214.06 E1377.02935
G0 F9000 X181.25 Y214.06
G1 F1500 X193.131 Y225.94 E1377.36464
G0 F9000 X193.696 Y225.94
G1 F1500 X181.816 Y214.06 E1377.69992
G0 F9000 X182.381 Y214.06
G1 F1500 X194.262 Y225.94 E1378.03522
G0 F9000 X194.828 Y225.94
G1 F1500 X182.947 Y214.06 E1378.37051
G0 F9000 X183.513 Y214.06
G1 F1500 X195.393 Y225.94 E1378.70579
G0 F9000 X195.959 Y225.94
G1 F1500 X184.078 Y214.06 E1379.04108
G0 F9000 X184.644 Y214.06
G1 F1500 X196.525 Y225.94 E1379.37638
G0 F9000 X197.09 Y225.94
G1 F1500 X185.21 Y214.06 E1379.71166
G0 F9000 X185.775 Y214.06
G1 F1500 X197.656 Y225.94 E1380.04695
G0 F9000 X198.222 Y225.94
G1 F1500 X186.341 Y214.06 E1380.38224
G0 F9000 X186.907 Y214.06
G1 F1500 X198.788 Y225.94 E1380.71754
G0 F9000 X199.353 Y225.94
G1 F1500 X187.472 Y214.06 E1381.05283
G0 F9000 X188.038 Y214.06
G1 F1500 X199.919 Y225.94 E1381.38812
G0 F9000 X200.485 Y225.94
G1 F1500 X188.604 Y214.06 E1381.72342
G0 F9000 X189.169 Y214.06
G1 F1500 X201.05 Y225.94 E1382.05871
G0 F9000 X201.616 Y225.94
G1 F1500 X189.735 Y214.06 E1382.394
G0 F9000 X190.301 Y214.06
G1 F1500 X202.182 Y225.94 E1382.7293
G0 F9000 X202.747 Y225.94
G1 F1500 X190.867 Y214.06 E1383.06457
G0 F9000 X191.432 Y214.06
G1 F1500 X203.313 Y225.94 E1383.39987
G0 F9000 X203.879 Y225.94
G1 F1500 X191.998 Y214.06 E1383.73516
G0 F9000 X192.564 Y214.06
G1 F1500 X204.444 Y225.94 E1384.07044
G0 F9000 X205.01 Y225.94
G1 F1500 X193.129 Y214.06 E1384.40573
G0 F9000 X193.695 Y214.06
G1 F1500 X205.576 Y225.94 E1384.74103
G0 F9000 X206.141 Y225.94
G1 F1500 X194.261 Y214.06 E1385.07631
G0 F9000 X194.826 Y214.06
G1 F1500 X206.707 Y225.94 E1385.4116
G0 F9000 X207.273 Y225.94
G1 F1500 X195.392 Y214.06 E1385.74689
G0 F9000 X195.958 Y214.06
G1 F1500 X207.838 Y225.94 E1386.08217
G0 F9000 X208.404 Y225.94
G1 F1500 X196.523 Y214.06 E1386.41747
G0 F9000 X197.089 Y214.06
G1 F1500 X208.97 Y225.94 E1386.75276
G0 F9000 X209.536 Y225.94
G1 F1500 X197.655 Y214.06 E1387.08805
G0 F9000 X198.22 Y214.06
G1 F1500 X210.101 Y225.94 E1387.42335
G0 F9000 X210.667 Y225.94
G1 F1500 X198.786 Y214.06 E1387.75864
G0 F9000 X199.352 Y214.06
G1 F1500 X211.233 Y225.94 E1388.09393
G0 F9000 X211.798 Y225.94
G1 F1500 X199.917 Y214.06 E1388.42923
G0 F9000 X200.483 Y214.06
G1 F1500 X212.364 Y225.94 E1388.76452
G0 F9000 X212.93 Y225.94
G1 F1500 X201.049 Y214.06 E1389.09981
G0 F9000 X201.615 Y214.06
G1 F1500 X213.495 Y225.94 E1389.43509
G0 F9000 X214.061 Y225.94
G1 F1500 X202.18 Y214.06 E1389.77039
G0 F9000 X202.746 Y214.06
G1 F1500 X214.627 Y225.94 E1390.10568
G0 F9000 X215.192 Y225.94
G1 F1500 X203.312 Y214.06 E1390.44096
G0 F9000 X203.877 Y214.06
G1 F1500 X215.758 Y225.94 E1390.77625
G0 F9000 X216.324 Y225.94
G1 F1500 X204.443 Y214.06 E1391.11155
G0 F9000 X205.009 Y214.06
G1 F1500 X216.889 Y225.94 E1391.44682
G0 F9000 X217.455 Y225.94
G1 F1500 X205.574 Y214.06 E1391.78212
G0 F9000 X206.14 Y214.06
G1 F1500 X218.021 Y225.94 E1392.11741
G0 F9000 X218.587 Y225.94
G1 F1500 X206.706 Y214.06 E1392.4527
G0 F9000 X207.271 Y214.06
G1 F1500 X219.152 Y225.94 E1392.788
G0 F9000 X219.718 Y225.94
G1 F1500 X207.837 Y214.06 E1393.12329
G0 F9000 X208.403 Y214.06
G1 F1500 X220.284 Y225.94 E1393.45858
G0 F9000 X220.849 Y225.94
G1 F1500 X208.968 Y214.06 E1393.79388
G0 F9000 X209.534 Y214.06
G1 F1500 X221.415 Y225.94 E1394.12917
G0 F9000 X221.981 Y225.94
G1 F1500 X210.1 Y214.06 E1394.46446
G0 F9000 X210.665 Y214.06
G1 F1500 X222.546 Y225.94 E1394.79976
G0 F9000 X223.112 Y225.94
G1 F1500 X211.231 Y214.06 E1395.13505
G0 F9000 X211.797 Y214.06
G1 F1500 X223.678 Y225.94 E1395.47035
G0 F9000 X224.243 Y225.94
G1 F1500 X212.363 Y214.06 E1395.80562
G0 F9000 X212.928 Y214.06
G1 F1500 X224.809 Y225.94 E1396.14092
G0 F9000 X225.375 Y225.94
G1 F1500 X213.494 Y214.06 E1396.47621
G0 F9000 X214.06 Y214.06
G1 F1500 X225.94 Y225.94 E1396.81149
G0 F9000 X226.506 Y225.94
G1 F1500 X214.625 Y214.06 E1397.14678
G0 F9000 X215.191 Y214.06
G1 F1500 X227.072 Y225.94 E1397.48208
G0 F9000 X227.637 Y225.94
G1 F1500 X215.757 Y214.06 E1397.81736
G0 F9000 X216.322 Y214.06
G1 F1500 X228.203 Y225.94 E1398.15265
G0 F9000 X228.769 Y225.94
G1 F1500 X216.888 Y214.06 E1398.48794
G0 F9000 X217.454 Y214.06
G1 F1500 X229.335 Y225.94 E1398.82324
G0 F9000 X229.9 Y225.94
G1 F1500 X218.019 Y214.06 E1399.15853
G0 F9000 X218.585 Y214.06
G1 F1500 X230.466 Y225.94 E1399.49382
G0 F9000 X231.032 Y225.94
G1 F1500 X219.151 Y214.06 E1399.82912
G0 F9000 X219.716 Y214.06
G1 F1500 X231.597 Y225.94 E1400.16441
G0 F9000 X232.163 Y225.94
G1 F1500 X220.282 Y214.06 E1400.4997
G0 F9000 X220.848 Y214.06
G1 F1500 X232.729 Y225.94 E1400.835
G0 F9000 X233.294 Y225.94
G1 F1500 X221.414 Y214.06 E1401.17028
G0 F9000 X221.979 Y214.06
G1 F1500 X233.86 Y225.94 E1401.50557
G0 F9000 X234.426 Y225.94
G1 F1500 X222.545 Y214.06 E1401.84086
G0 F9000 X223.111 Y214.06
G1 F1500 X234.991 Y225.94 E1402.17614
G0 F9000 X235.557 Y225.94
G1 F1500 X223.676 Y214.06 E1402.51144
G0 F9000 X224.242 Y214.06
G1 F1500 X235.84 Y225.658 E1402.83876
G0 F9000 X235.84 Y225.092
G1 F1500 X224.808 Y214.06 E1403.1501
G0 F9000 X225.373 Y214.06
G1 F1500 X235.84 Y224.526 E1403.44549
G0 F9000 X235.84 Y223.961
G1 F1500 X225.939 Y214.06 E1403.72492
G0 F9000 X226.505 Y214.06
G1 F1500 X235.84 Y223.395 E1403.98837
G0 F9000 X235.84 Y222.829
G1 F1500 X227.07 Y214.06 E1404.23587
G0 F9000 X227.636 Y214.06
G1 F1500 X235.84 Y222.263 E1404.46739
G0 F9000 X235.84 Y221.698
G1 F1500 X228.202 Y214.06 E1404.68295
G0 F9000 X228.767 Y214.06
G1 F1500 X235.84 Y221.132 E1404.88255
G0 F9000 X235.84 Y220.566
G1 F1500 X229.333 Y214.06 E1405.06618
G0 F9000 X229.899 Y214.06
G1 F1500 X235.84 Y220.001 E1405.23384
G0 F9000 X235.84 Y219.435
G1 F1500 X230.464 Y214.06 E1405.38555
G0 F9000 X231.03 Y214.06
G1 F1500 X235.84 Y218.869 E1405.52129
G0 F9000 X235.84 Y218.304
G1 F1500 X231.596 Y214.06 E1405.64106
G0 F9000 X232.162 Y214.06
G1 F1500 X235.84 Y217.738 E1405.74486
G0 F9000 X235.84 Y217.172
G1 F1500 X232.727 Y214.06 E1405.8327
G0 F9000 X233.293 Y214.06
G1 F1500 X235.84 Y216.607 E1405.90459
G0 F9000 X235.84 Y216.041
G1 F1500 X233.859 Y214.06 E1405.96049
G0 F9000 X234.424 Y214.06
G1 F1500 X235.84 Y215.475 E1406.00044
G0 F9000 X235.84 Y214.91
G1 F1500 X234.99 Y214.06 E1406.02443
G0 F9000 X235.556 Y214.06
G1 F1500 X235.84 Y214.344 E1406.03245
G0 F9000 X236.3 Y214.344
G0 X236.2 Y226.14
G0 X236.46 Y226.14
G1 F1500 X236.46 Y213.86 E1406.27751
G1 X241.14 Y213.86 E1406.3709
G1 X241.14 Y226.14 E1406.61596
G1 X236.46 Y226.14 E1406.70936
G0 F9000 X237.253 Y225.94
G1 F1500 X236.66 Y225.346 E1406.72611
G0 F9000 X236.66 Y224.781
G1 F1500 X237.819 Y225.94 E1406.75882
G0 F9000 X238.385 Y225.94
G1 F1500 X236.66 Y224.215 E1406.8075
G0 F9000 X236.66 Y223.649
G1 F1500 X238.95 Y225.94 E1406.87214
G0 F9000 X239.516 Y225.94
G1 F1500 X236.66 Y223.084 E1406.95274
G0 F9000 X236.66 Y222.518
G1 F1500 X240.082 Y225.94 E1407.04932
G0 F9000 X240.648 Y225.94
G1 F1500 X236.66 Y221.952 E1407.16187
G0 F9000 X236.66 Y221.387
G1 F1500 X240.94 Y225.667 E1407.28266
G0 F9000 X240.94 Y225.101
G1 F1500 X236.66 Y220.821 E1407.40345
G0 F9000 X236.66 Y220.255
G1 F1500 X240.94 Y224.535 E1407.52424
G0 F9000 X240.94 Y223.97
G1 F1500 X236.66 Y219.69 E1407.64503
G0 F9000 X236.66 Y219.124
G1 F1500 X240.94 Y223.404 E1407.76582
G0 F9000 X240.94 Y222.838
G1 F1500 X236.66 Y218.558 E1407.88662
G0 F9000 X236.66 Y217.993
G1 F1500 X240.94 Y222.273 E1408.00741
G0 F9000 X240.94 Y221.707
G1 F1500 X236.66 Y217.427 E1408.1282
G0 F9000 X236.66 Y216.861
G1 F1500 X240.94 Y221.141 E1408.24899
G0 F9000 X240.94 Y220.576
G1 F1500 X236.66 Y216.295 E1408.36979
G0 F9000 X236.66 Y215.73
G1 F1500 X240.94 Y220.01 E1408.49058
G0 F9000 X240.94 Y219.444
G1 F1500 X236.66 Y215.164 E1408.61137
G0 F9000 X236.66 Y214.598
G1 F1500 X240.94 Y218.879 E1408.73218
G0 F9000 X240.94 Y218.313
G1 F1500 X236.688 Y214.06 E1408.85219
G0 F9000 X237.253 Y214.06
G1 F1500 X240.94 Y217.747 E1408.95625
G0 F9000 X240.94 Y217.181
G1 F1500 X237.819 Y214.06 E1409.04433
G0 F9000 X238.385 Y214.06
G1 F1500 X240.94 Y216.616 E1409.11645
G0 F9000 X240.94 Y216.05
G1 F1500 X238.95 Y214.06 E1409.17261
G0 F9000 X239.516 Y214.06
G1 F1500 X240.94 Y215.484 E1409.2128
G0 F9000 X240.94 Y214.919
G1 F1500 X240.082 Y214.06 E1409.23703
G0 F9000 X240.648 Y214.06
G1 F1500 X240.94 Y214.353 E1409.24529
G1 F2700 E1404.24529
;MESH:NONMESH
G0 F300 X240.94 Y214.353 Z2.4
G0 F9000 X241.4 Y214.353
G0 X241.328 Y213.672
G0 X236.272 Y213.672
G0 X236.228 Y226.328
G0 X177.562 Y226.5
;TIME_ELAPSED:3186.624983
;LAYER:19
;TYPE:WALL-INNER
;MESH:BusConnAssyAid.stl
G1 F2700 E1409.24529
G1 F1500 X241.5 Y226.5 E1410.52124
G1 X241.5 Y213.5 E1410.78067
G1 X118.5 Y213.5 E1413.23527
G1 X118.5 Y226.5 E1413.4947
G1 X177.562 Y226.5 E1414.67334
G0 F9000 X177.412 Y226.9
G1 F1500 X241.9 Y226.9 E1415.96027
G1 X241.9 Y213.1 E1416.23566
G1 X118.1 Y213.1 E1418.70623
G1 X118.1 Y226.9 E1418.98162
G1 X177.412 Y226.9 E1420.16525
G0 F9000 X177.262 Y227.3
;TYPE:WALL-OUTER
G1 F1500 X242.3 Y227.3 E1421.46316
G1 X242.3 Y212.7 E1421.75452
G1 X117.7 Y212.7 E1424.24104
G1 X117.7 Y227.3 E1424.5324
G1 X177.262 Y227.3 E1425.72103
G1 F2700 E1420.72103
G0 F9000 X177.262 Y226.59
G0 X236.228 Y226.328
G0 X236.3 Y225.365
G0 X236.081 Y225.365
;TYPE:FILL
G1 F2700 E1425.72103
G1 F3000 X236.419 Y225.274 E1425.72801
G0 F9000 X236.2 Y225.274
G0 X236.2 Y223.108
G0 X236.42 Y223.108
G1 F3000 X236.08 Y222.768 E1425.73761
G0 F9000 X236.3 Y222.768
G0 X236.3 Y219.153
G0 X236.08 Y219.153
G1 F3000 X236.419 Y219.063 E1425.74461
G0 F9000 X236.2 Y219.063
G0 X236.2 Y214.622
G0 X236.42 Y214.622
G1 F3000 X236.08 Y214.283 E1425.75419
G1 F2700 E1420.75419
G0 F9000 X236.3 Y214.283
G0 X236.234 Y219.505
G0 X236.228 Y226.328
G0 X177.698 Y226.4
G0 X177.698 Y226.14
;TYPE:SKIN
G1 F2700 E1425.75419
G1 F1500 X118.86 Y226.14 E1426.92837
G1 X118.86 Y213.86 E1427.17343
G1 X236.04 Y213.86 E1429.51188
G1 X236.04 Y226.14 E1429.75694
G1 X177.698 Y226.14 E1430.92122
G1 F2700 E1425.92122
G0 F9000 X177.698 Y226.4
G0 X235.659 Y226.4
G0 X235.659 Y225.94
G1 F2700 E1430.92122
G1 F1500 X235.84 Y225.759 E1430.92633
G0 F9000 X235.84 Y225.194
G1 F1500 X235.093 Y225.94 E1430.94739
G0 F9000 X234.528 Y225.94
G1 F1500 X235.84 Y224.628 E1430.98442
G0 F9000 X235.84 Y224.062
G1 F1500 X233.962 Y225.94 E1431.03742
G0 F9000 X233.396 Y225.94
G1 F1500 X235.84 Y223.497 E1431.10638
G0 F9000 X235.84 Y222.931
G1 F1500 X232.83 Y225.94 E1431.19132
G0 F9000 X232.265 Y225.94
G1 F1500 X235.84 Y222.365 E1431.29221
G0 F9000 X235.84 Y221.8
G1 F1500 X231.699 Y225.94 E1431.40907
G0 F9000 X231.133 Y225.94
G1 F1500 X235.84 Y221.234 E1431.54189
G0 F9000 X235.84 Y220.668
G1 F1500 X230.568 Y225.94 E1431.69068
G0 F9000 X230.002 Y225.94
G1 F1500 X235.84 Y220.103 E1431.85543
G0 F9000 X235.84 Y219.537
G1 F1500 X229.436 Y225.94 E1432.03615
G0 F9000 X228.871 Y225.94
G1 F1500 X235.84 Y218.971 E1432.23283
G0 F9000 X235.84 Y218.405
G1 F1500 X228.305 Y225.94 E1432.44548
G0 F9000 X227.739 Y225.94
G1 F1500 X235.84 Y217.84 E1432.6741
G0 F9000 X235.84 Y217.274
G1 F1500 X227.174 Y225.94 E1432.91867
G0 F9000 X226.608 Y225.94
G1 F1500 X235.84 Y216.708 E1433.17922
G0 F9000 X235.84 Y216.143
G1 F1500 X226.042 Y225.94 E1433.45572
G0 F9000 X225.477 Y225.94
G1 F1500 X235.84 Y215.577 E1433.74819
G0 F9000 X235.84 Y215.011
G1 F1500 X224.911 Y225.94 E1434.05663
G0 F9000 X224.345 Y225.94
G1 F1500 X235.84 Y214.446 E1434.38103
G0 F9000 X235.66 Y214.06
G1 F1500 X223.779 Y225.94 E1434.71632
G0 F9000 X223.214 Y225.94
G1 F1500 X235.095 Y214.06 E1435.05162
G0 F9000 X234.529 Y214.06
G1 F1500 X222.648 Y225.94 E1435.38691
G0 F9000 X222.082 Y225.94
G1 F1500 X233.963 Y214.06 E1435.7222
G0 F9000 X233.398 Y214.06
G1 F1500 X221.517 Y225.94 E1436.0575
G0 F9000 X220.951 Y225.94
G1 F1500 X232.832 Y214.06 E1436.39279
G0 F9000 X232.266 Y214.06
G1 F1500 X220.385 Y225.94 E1436.72808
G0 F9000 X219.82 Y225.94
G1 F1500 X231.701 Y214.06 E1437.06338
G0 F9000 X231.135 Y214.06
G1 F1500 X219.254 Y225.94 E1437.39867
G0 F9000 X218.688 Y225.94
G1 F1500 X230.569 Y214.06 E1437.73396
G0 F9000 X230.003 Y214.06
G1 F1500 X218.123 Y225.94 E1438.06924
G0 F9000 X217.557 Y225.94
G1 F1500 X229.438 Y214.06 E1438.40454
G0 F9000 X228.872 Y214.06
G1 F1500 X216.991 Y225.94 E1438.73983
G0 F9000 X216.426 Y225.94
G1 F1500 X228.306 Y214.06 E1439.07511
G0 F9000 X227.741 Y214.06
G1 F1500 X215.86 Y225.94 E1439.4104
G0 F9000 X215.294 Y225.94
G1 F1500 X227.175 Y214.06 E1439.74569
G0 F9000 X226.609 Y214.06
G1 F1500 X214.729 Y225.94 E1440.08097
G0 F9000 X214.163 Y225.94
G1 F1500 X226.044 Y214.06 E1440.41627
G0 F9000 X225.478 Y214.06
G1 F1500 X213.597 Y225.94 E1440.75156
G0 F9000 X213.031 Y225.94
G1 F1500 X224.912 Y214.06 E1441.08685
G0 F9000 X224.347 Y214.06
G1 F1500 X212.466 Y225.94 E1441.42215
G0 F9000 X211.9 Y225.94
G1 F1500 X223.781 Y214.06 E1441.75744
G0 F9000 X223.215 Y214.06
G1 F1500 X211.334 Y225.94 E1442.09273
G0 F9000 X210.769 Y225.94
G1 F1500 X222.65 Y214.06 E1442.42803
G0 F9000 X222.084 Y214.06
G1 F1500 X210.203 Y225.94 E1442.76332
G0 F9000 X209.637 Y225.94
G1 F1500 X221.518 Y214.06 E1443.09861
G0 F9000 X220.952 Y214.06
G1 F1500 X209.072 Y225.94 E1443.43389
G0 F9000 X208.506 Y225.94
G1 F1500 X220.387 Y214.06 E1443.76919
G0 F9000 X219.821 Y214.06
G1 F1500 X207.94 Y225.94 E1444.10448
G0 F9000 X207.375 Y225.94
G1 F1500 X219.255 Y214.06 E1444.43976
G0 F9000 X218.69 Y214.06
G1 F1500 X206.809 Y225.94 E1444.77505
G0 F9000 X206.243 Y225.94
G1 F1500 X218.124 Y214.06 E1445.11035
G0 F9000 X217.558 Y214.06
G1 F1500 X205.678 Y225.94 E1445.44563
G0 F9000 X205.112 Y225.94
G1 F1500 X216.993 Y214.06 E1445.78092
G0 F9000 X216.427 Y214.06
G1 F1500 X204.546 Y225.94 E1446.11621
G0 F9000 X203.981 Y225.94
G1 F1500 X215.861 Y214.06 E1446.45149
G0 F9000 X215.296 Y214.06
G1 F1500 X203.415 Y225.94 E1446.78679
G0 F9000 X202.849 Y225.94
G1 F1500 X214.73 Y214.06 E1447.12208
G0 F9000 X214.164 Y214.06
G1 F1500 X202.283 Y225.94 E1447.45737
G0 F9000 X201.718 Y225.94
G1 F1500 X213.599 Y214.06 E1447.79267
G0 F9000 X213.033 Y214.06
G1 F1500 X201.152 Y225.94 E1448.12796
G0 F9000 X200.586 Y225.94
G1 F1500 X212.467 Y214.06 E1448.46325
G0 F9000 X211.902 Y214.06
G1 F1500 X200.021 Y225.94 E1448.79855
G0 F9000 X199.455 Y225.94
G1 F1500 X211.336 Y214.06 E1449.13384
G0 F9000 X210.77 Y214.06
G1 F1500 X198.889 Y225.94 E1449.46913
G0 F9000 X198.324 Y225.94
G1 F1500 X210.204 Y214.06 E1449.80441
G0 F9000 X209.639 Y214.06
G1 F1500 X197.758 Y225.94 E1450.1397
G0 F9000 X197.192 Y225.94
G1 F1500 X209.073 Y214.06 E1450.475
G0 F9000 X208.507 Y214.06
G1 F1500 X196.627 Y225.94 E1450.81028
G0 F9000 X196.061 Y225.94
G1 F1500 X207.942 Y214.06 E1451.14557
G0 F9000 X207.376 Y214.06
G1 F1500 X195.495 Y225.94 E1451.48086
G0 F9000 X194.93 Y225.94
G1 F1500 X206.81 Y214.06 E1451.81614
G0 F9000 X206.245 Y214.06
G1 F1500 X194.364 Y225.94 E1452.15144
G0 F9000 X193.798 Y225.94
G1 F1500 X205.679 Y214.06 E1452.48673
G0 F9000 X205.113 Y214.06
G1 F1500 X193.232 Y225.94 E1452.82202
G0 F9000 X192.667 Y225.94
G1 F1500 X204.548 Y214.06 E1453.15732
G0 F9000 X203.982 Y214.06
G1 F1500 X192.101 Y225.94 E1453.49261
G0 F9000 X191.535 Y225.94
G1 F1500 X203.416 Y214.06 E1453.8279
G0 F9000 X202.851 Y214.06
G1 F1500 X190.97 Y225.94 E1454.1632
G0 F9000 X190.404 Y225.94
G1 F1500 X202.285 Y214.06 E1454.49849
G0 F9000 X201.719 Y214.06
G1 F1500 X189.838 Y225.94 E1454.83378
G0 F9000 X189.273 Y225.94
G1 F1500 X201.153 Y214.06 E1455.16906
G0 F9000 X200.588 Y214.06
G1 F1500 X188.707 Y225.94 E1455.50436
G0 F9000 X188.141 Y225.94
G1 F1500 X200.022 Y214.06 E1455.83965
G0 F9000 X199.456 Y214.06
G1 F1500 X187.576 Y225.94 E1456.17493
G0 F9000 X187.01 Y225.94
G1 F1500 X198.891 Y214.06 E1456.51022
G0 F9000 X198.325 Y214.06
G1 F1500 X186.444 Y225.94 E1456.84552
G0 F9000 X185.879 Y225.94
G1 F1500 X197.759 Y214.06 E1457.1808
G0 F9000 X197.194 Y214.06
G1 F1500 X185.313 Y225.94 E1457.51609
G0 F9000 X184.747 Y225.94
G1 F1500 X196.628 Y214.06 E1457.85138
G0 F9000 X196.062 Y214.06
G1 F1500 X184.182 Y225.94 E1458.18666
G0 F9000 X183.616 Y225.94
G1 F1500 X195.497 Y214.06 E1458.52195
G0 F9000 X194.931 Y214.06
G1 F1500 X183.05 Y225.94 E1458.85725
G0 F9000 X182.484 Y225.94
G1 F1500 X194.365 Y214.06 E1459.19254
G0 F9000 X193.8 Y214.06
G1 F1500 X181.919 Y225.94 E1459.52783
G0 F9000 X181.353 Y225.94
G1 F1500 X193.234 Y214.06 E1459.86313
G0 F9000 X192.668 Y214.06
G1 F1500 X180.787 Y225.94 E1460.19842
G0 F9000 X180.222 Y225.94
G1 F1500 X192.103 Y214.06 E1460.53371
G0 F9000 X191.537 Y214.06
G1 F1500 X179.656 Y225.94 E1460.86901
G0 F9000 X179.09 Y225.94
G1 F1500 X190.971 Y214.06 E1461.2043
G0 F9000 X190.405 Y214.06
G1 F1500 X178.525 Y225.94 E1461.53958
G0 F9000 X177.959 Y225.94
G1 F1500 X189.84 Y214.06 E1461.87487
G0 F9000 X189.274 Y214.06
G1 F1500 X177.393 Y225.94 E1462.21017
G0 F9000 X176.828 Y225.94
G1 F1500 X188.708 Y214.06 E1462.54545
G0 F9000 X188.143 Y214.06
G1 F1500 X176.262 Y225.94 E1462.88074
G0 F9000 X175.696 Y225.94
G1 F1500 X187.577 Y214.06 E1463.21603
G0 F9000 X187.011 Y214.06
G1 F1500 X175.131 Y225.94 E1463.55131
G0 F9000 X174.565 Y225.94
G1 F1500 X186.446 Y214.06 E1463.88661
G0 F9000 X185.88 Y214.06
G1 F1500 X173.999 Y225.94 E1464.2219
G0 F9000 X173.433 Y225.94
G1 F1500 X185.314 Y214.06 E1464.55719
G0 F9000 X184.749 Y214.06
G1 F1500 X172.868 Y225.94 E1464.89249
G0 F9000 X172.302 Y225.94
G1 F1500 X184.183 Y214.06 E1465.22778
G0 F9000 X183.617 Y214.06
G1 F1500 X171.736 Y225.94 E1465.56307
G0 F9000 X171.171 Y225.94
G1 F1500 X183.052 Y214.06 E1465.89837
G0 F9000 X182.486 Y214.06
G1 F1500 X170.605 Y225.94 E1466.23366
G0 F9000 X170.039 Y225.94
G1 F1500 X181.92 Y214.06 E1466.56895
G0 F9000 X181.355 Y214.06
G1 F1500 X169.474 Y225.94 E1466.90425
G0 F9000 X168.908 Y225.94
G1 F1500 X180.789 Y214.06 E1467.23954
G0 F9000 X180.223 Y214.06
G1 F1500 X168.342 Y225.94 E1467.57483
G0 F9000 X167.777 Y225.94
G1 F1500 X179.657 Y214.06 E1467.91011
G0 F9000 X179.092 Y214.06
G1 F1500 X167.211 Y225.94 E1468.24541
G0 F9000 X166.645 Y225.94
G1 F1500 X178.526 Y214.06 E1468.5807
G0 F9000 X177.96 Y214.06
G1 F1500 X166.08 Y225.94 E1468.91598
G0 F9000 X165.514 Y225.94
G1 F1500 X177.395 Y214.06 E1469.25127
G0 F9000 X176.829 Y214.06
G1 F1500 X164.948 Y225.94 E1469.58657
G0 F9000 X164.383 Y225.94
G1 F1500 X176.263 Y214.06 E1469.92184
G0 F9000 X175.698 Y214.06
G1 F1500 X163.817 Y225.94 E1470.25714
G0 F9000 X163.251 Y225.94
G1 F1500 X175.132 Y214.06 E1470.59243
G0 F9000 X174.566 Y214.06
G1 F1500 X162.685 Y225.94 E1470.92772
G0 F9000 X162.12 Y225.94
G1 F1500 X174.001 Y214.06 E1471.26302
G0 F9000 X173.435 Y214.06
G1 F1500 X161.554 Y225.94 E1471.59831
G0 F9000 X160.988 Y225.94
G1 F1500 X172.869 Y214.06 E1471.9336
G0 F9000 X172.304 Y214.06
G1 F1500 X160.423 Y225.94 E1472.2689
G0 F9000 X159.857 Y225.94
G1 F1500 X171.738 Y214.06 E1472.60419
G0 F9000 X171.172 Y214.06
G1 F1500 X159.291 Y225.94 E1472.93949
G0 F9000 X158.726 Y225.94
G1 F1500 X170.606 Y214.06 E1473.27476
G0 F9000 X170.041 Y214.06
G1 F1500 X158.16 Y225.94 E1473.61006
G0 F9000 X157.594 Y225.94
G1 F1500 X169.475 Y214.06 E1473.94535
G0 F9000 X168.909 Y214.06
G1 F1500 X157.029 Y225.94 E1474.28063
G0 F9000 X156.463 Y225.94
G1 F1500 X168.344 Y214.06 E1474.61592
G0 F9000 X167.778 Y214.06
G1 F1500 X155.897 Y225.94 E1474.95122
G0 F9000 X155.332 Y225.94
G1 F1500 X167.212 Y214.06 E1475.2865
G0 F9000 X166.647 Y214.06
G1 F1500 X154.766 Y225.94 E1475.62179
G0 F9000 X154.2 Y225.94
G1 F1500 X166.081 Y214.06 E1475.95708
G0 F9000 X165.515 Y214.06
G1 F1500 X153.635 Y225.94 E1476.29236
G0 F9000 X153.069 Y225.94
G1 F1500 X164.95 Y214.06 E1476.62766
G0 F9000 X164.384 Y214.06
G1 F1500 X152.503 Y225.94 E1476.96295
G0 F9000 X151.937 Y225.94
G1 F1500 X163.818 Y214.06 E1477.29824
G0 F9000 X163.253 Y214.06
G1 F1500 X151.372 Y225.94 E1477.63354
G0 F9000 X150.806 Y225.94
G1 F1500 X162.687 Y214.06 E1477.96883
G0 F9000 X162.121 Y214.06
G1 F1500 X150.24 Y225.94 E1478.30412
G0 F9000 X149.675 Y225.94
G1 F1500 X161.556 Y214.06 E1478.63942
G0 F9000 X160.99 Y214.06
G1 F1500 X149.109 Y225.94 E1478.97471
G0 F9000 X148.543 Y225.94
G1 F1500 X160.424 Y214.06 E1479.31
G0 F9000 X159.858 Y214.06
G1 F1500 X147.978 Y225.94 E1479.64528
G0 F9000 X147.412 Y225.94
G1 F1500 X159.293 Y214.06 E1479.98058
G0 F9000 X158.727 Y214.06
G1 F1500 X146.846 Y225.94 E1480.31587
G0 F9000 X146.281 Y225.94
G1 F1500 X158.161 Y214.06 E1480.65115
G0 F9000 X157.596 Y214.06
G1 F1500 X145.715 Y225.94 E1480.98644
G0 F9000 X145.149 Y225.94
G1 F1500 X157.03 Y214.06 E1481.32173
G0 F9000 X156.464 Y214.06
G1 F1500 X144.584 Y225.94 E1481.65701
G0 F9000 X144.018 Y225.94
G1 F1500 X155.899 Y214.06 E1481.99231
G0 F9000 X155.333 Y214.06
G1 F1500 X143.452 Y225.94 E1482.3276
G0 F9000 X142.886 Y225.94
G1 F1500 X154.767 Y214.06 E1482.66289
G0 F9000 X154.202 Y214.06
G1 F1500 X142.321 Y225.94 E1482.99819
G0 F9000 X141.755 Y225.94
G1 F1500 X153.636 Y214.06 E1483.33348
G0 F9000 X153.07 Y214.06
G1 F1500 X141.189 Y225.94 E1483.66877
G0 F9000 X140.624 Y225.94
G1 F1500 X152.505 Y214.06 E1484.00407
G0 F9000 X151.939 Y214.06
G1 F1500 X140.058 Y225.94 E1484.33936
G0 F9000 X139.492 Y225.94
G1 F1500 X151.373 Y214.06 E1484.67465
G0 F9000 X150.807 Y214.06
G1 F1500 X138.927 Y225.94 E1485.00993
G0 F9000 X138.361 Y225.94
G1 F1500 X150.242 Y214.06 E1485.34523
G0 F9000 X149.676 Y214.06
G1 F1500 X137.795 Y225.94 E1485.68052
G0 F9000 X137.23 Y225.94
G1 F1500 X149.11 Y214.06 E1486.0158
G0 F9000 X148.545 Y214.06
G1 F1500 X136.664 Y225.94 E1486.35109
G0 F9000 X136.098 Y225.94
G1 F1500 X147.979 Y214.06 E1486.68639
G0 F9000 X147.413 Y214.06
G1 F1500 X135.533 Y225.94 E1487.02167
G0 F9000 X134.967 Y225.94
G1 F1500 X146.848 Y214.06 E1487.35696
G0 F9000 X146.282 Y214.06
G1 F1500 X134.401 Y225.94 E1487.69225
G0 F9000 X133.836 Y225.94
G1 F1500 X145.716 Y214.06 E1488.02753
G0 F9000 X145.151 Y214.06
G1 F1500 X133.27 Y225.94 E1488.36283
G0 F9000 X132.704 Y225.94
G1 F1500 X144.585 Y214.06 E1488.69812
G0 F9000 X144.019 Y214.06
G1 F1500 X132.138 Y225.94 E1489.03341
G0 F9000 X131.573 Y225.94
G1 F1500 X143.454 Y214.06 E1489.36871
G0 F9000 X142.888 Y214.06
G1 F1500 X131.007 Y225.94 E1489.704
G0 F9000 X130.441 Y225.94
G1 F1500 X142.322 Y214.06 E1490.03929
G0 F9000 X141.757 Y214.06
G1 F1500 X129.876 Y225.94 E1490.37459
G0 F9000 X129.31 Y225.94
G1 F1500 X141.191 Y214.06 E1490.70988
G0 F9000 X140.625 Y214.06
G1 F1500 X128.744 Y225.94 E1491.04517
G0 F9000 X128.179 Y225.94
G1 F1500 X140.059 Y214.06 E1491.38045
G0 F9000 X139.494 Y214.06
G1 F1500 X127.613 Y225.94 E1491.71574
G0 F9000 X127.047 Y225.94
G1 F1500 X138.928 Y214.06 E1492.05104
G0 F9000 X138.362 Y214.06
G1 F1500 X126.482 Y225.94 E1492.38632
G0 F9000 X125.916 Y225.94
G1 F1500 X137.797 Y214.06 E1492.72161
G0 F9000 X137.231 Y214.06
G1 F1500 X125.35 Y225.94 E1493.0569
G0 F9000 X124.785 Y225.94
G1 F1500 X136.665 Y214.06 E1493.39218
G0 F9000 X136.1 Y214.06
G1 F1500 X124.219 Y225.94 E1493.72748
G0 F9000 X123.653 Y225.94
G1 F1500 X135.534 Y214.06 E1494.06277
G0 F9000 X134.968 Y214.06
G1 F1500 X123.087 Y225.94 E1494.39806
G0 F9000 X122.522 Y225.94
G1 F1500 X134.403 Y214.06 E1494.73336
G0 F9000 X133.837 Y214.06
G1 F1500 X121.956 Y225.94 E1495.06865
G0 F9000 X121.39 Y225.94
G1 F1500 X133.271 Y214.06 E1495.40394
G0 F9000 X132.706 Y214.06
G1 F1500 X120.825 Y225.94 E1495.73924
G0 F9000 X120.259 Y225.94
G1 F1500 X132.14 Y214.06 E1496.07453
G0 F9000 X131.574 Y214.06
G1 F1500 X119.693 Y225.94 E1496.40982
G0 F9000 X119.128 Y225.94
G1 F1500 X131.009 Y214.06 E1496.74512
G0 F9000 X130.443 Y214.06
G1 F1500 X119.06 Y225.443 E1497.06637
G0 F9000 X119.06 Y224.877
G1 F1500 X129.877 Y214.06 E1497.37165
G0 F9000 X129.311 Y214.06
G1 F1500 X119.06 Y224.311 E1497.66095
G0 F9000 X119.06 Y223.746
G1 F1500 X128.746 Y214.06 E1497.93431
G0 F9000 X128.18 Y214.06
G1 F1500 X119.06 Y223.18 E1498.1917
G0 F9000 X119.06 Y222.614
G1 F1500 X127.614 Y214.06 E1498.43311
G0 F9000 X127.049 Y214.06
G1 F1500 X119.06 Y222.048 E1498.65857
G0 F9000 X119.06 Y221.483
G1 F1500 X126.483 Y214.06 E1498.86806
G0 F9000 X125.917 Y214.06
G1 F1500 X119.06 Y220.917 E1499.06158
G0 F9000 X119.06 Y220.351
G1 F1500 X125.352 Y214.06 E1499.23914
G0 F9000 X124.786 Y214.06
G1 F1500 X119.06 Y219.786 E1499.40074
G0 F9000 X119.06 Y219.22
G1 F1500 X124.22 Y214.06 E1499.54636
G0 F9000 X123.655 Y214.06
G1 F1500 X119.06 Y218.654 E1499.67603
G0 F9000 X119.06 Y218.089
G1 F1500 X123.089 Y214.06 E1499.78974
G0 F9000 X122.523 Y214.06
G1 F1500 X119.06 Y217.523 E1499.88747
G0 F9000 X119.06 Y216.957
G1 F1500 X121.958 Y214.06 E1499.96925
G0 F9000 X121.392 Y214.06
G1 F1500 X119.06 Y216.392 E1500.03506
G0 F9000 X119.06 Y215.826
G1 F1500 X120.826 Y214.06 E1500.0849
G0 F9000 X120.26 Y214.06
G1 F1500 X119.06 Y215.26 E1500.11877
G0 F9000 X119.06 Y214.695
G1 F1500 X119.695 Y214.06 E1500.13669
G0 F9000 X119.129 Y214.06
G1 F1500 X119.06 Y214.129 E1500.13863
G1 F2700 E1495.13863
G0 F9000 X118.6 Y214.129
G0 X118.672 Y226.328
G0 X236.228 Y226.328
G0 X236.46 Y226.14
G1 F2700 E1500.13863
G1 F1500 X236.46 Y213.86 E1500.3837
G1 X241.14 Y213.86 E1500.47709
G1 X241.14 Y226.14 E1500.72215
G1 X236.46 Y226.14 E1500.81554
G0 F9000 X236.2 Y226.14
G0 X240.75 Y226.4
G0 X240.75 Y225.94
G1 F1500 X240.94 Y225.75 E1500.82091
G0 F9000 X240.94 Y225.185
G1 F1500 X240.184 Y225.94 E1500.84223
G0 F9000 X239.619 Y225.94
G1 F1500 X240.94 Y224.619 E1500.87951
G0 F9000 X240.94 Y224.053
G1 F1500 X239.053 Y225.94 E1500.93277
G0 F9000 X238.487 Y225.94
G1 F1500 X240.94 Y223.487 E1501.00199
G0 F9000 X240.94 Y222.922
G1 F1500 X237.922 Y225.94 E1501.08717
G0 F9000 X237.356 Y225.94
G1 F1500 X240.94 Y222.356 E1501.18832
G0 F9000 X240.94 Y221.79
G1 F1500 X236.79 Y225.94 E1501.30544
G0 F9000 X236.66 Y225.505
G1 F1500 X240.94 Y221.225 E1501.42623
G0 F9000 X240.94 Y220.659
G1 F1500 X236.66 Y224.939 E1501.54702
G0 F9000 X236.66 Y224.373
G1 F1500 X240.94 Y220.093 E1501.66781
G0 F9000 X240.94 Y219.528
G1 F1500 X236.66 Y223.808 E1501.7886
G0 F9000 X236.66 Y223.242
G1 F1500 X240.94 Y218.962 E1501.90939
G0 F9000 X240.94 Y218.396
G1 F1500 X236.66 Y222.676 E1502.03018
G0 F9000 X236.66 Y222.111
G1 F1500 X240.94 Y217.831 E1502.15098
G0 F9000 X240.94 Y217.265
G1 F1500 X236.66 Y221.545 E1502.27177
G0 F9000 X236.66 Y220.979
G1 F1500 X240.94 Y216.699 E1502.39256
G0 F9000 X240.94 Y216.134
G1 F1500 X236.66 Y220.414 E1502.51335
G0 F9000 X236.66 Y219.848
G1 F1500 X240.94 Y215.568 E1502.63414
G0 F9000 X240.94 Y215.002
G1 F1500 X236.66 Y219.282 E1502.75493
G0 F9000 X236.66 Y218.717
G1 F1500 X240.94 Y214.436 E1502.87573
G0 F9000 X240.751 Y214.06
G1 F1500 X236.66 Y218.151 E1502.99119
G0 F9000 X236.66 Y217.585
G1 F1500 X240.186 Y214.06 E1503.09069
G0 F9000 X239.62 Y214.06
G1 F1500 X236.66 Y217.02 E1503.17423
G0 F9000 X236.66 Y216.454
G1 F1500 X239.054 Y214.06 E1503.24179
G0 F9000 X238.489 Y214.06
G1 F1500 X236.66 Y215.888 E1503.29339
G0 F9000 X236.66 Y215.323
G1 F1500 X237.923 Y214.06 E1503.32904
G0 F9000 X237.357 Y214.06
G1 F1500 X236.66 Y214.757 E1503.34871
G0 F9000 X236.66 Y214.191
G1 F1500 X236.792 Y214.06 E1503.35242
G1 F2700 E1498.35242
;MESH:NONMESH
G0 F300 X236.792 Y214.06 Z2.52
G0 F9000 X236.792 Y213.6
G0 X236.272 Y213.672
G0 X236.228 Y226.328
G0 X177.562 Y226.5
;TIME_ELAPSED:3404.257142
;LAYER:20
;TYPE:WALL-INNER
;MESH:BusConnAssyAid.stl
G1 F2700 E1503.35242
G1 F1500 X241.5 Y226.5 E1504.62837
G1 X241.5 Y213.5 E1504.8878
G1 X118.5 Y213.5 E1507.3424
G1 X118.5 Y226.5 E1507.60183
G1 X177.562 Y226.5 E1508.78047
G0 F9000 X177.412 Y226.9
G1 F1500 X241.9 Y226.9 E1510.0674
G1 X241.9 Y213.1 E1510.3428
G1 X118.1 Y213.1 E1512.81336
G1 X118.1 Y226.9 E1513.08875
G1 X177.412 Y226.9 E1514.27239
G0 F9000 X177.262 Y227.3
;TYPE:WALL-OUTER
G1 F1500 X242.3 Y227.3 E1515.57029
G1 X242.3 Y212.7 E1515.86165
G1 X117.7 Y212.7 E1518.34818
G1 X117.7 Y227.3 E1518.63954
G1 X177.262 Y227.3 E1519.82816
G1 F2700 E1514.82816
G0 F9000 X177.262 Y226.59
G0 X236.228 Y226.328
G0 X236.24 Y225.453
G0 X236.081 Y225.452
;TYPE:FILL
G1 F2700 E1519.82816
G1 F3000 X236.42 Y225.361 E1519.83517
G0 F9000 X236.2 Y225.361
G0 X236.2 Y222.989
G0 X236.42 Y222.989
G1 F3000 X236.08 Y222.65 E1519.84475
G0 F9000 X236.3 Y222.65
G0 X236.3 Y219.24
G0 X236.081 Y219.24
G1 F3000 X236.42 Y219.149 E1519.85175
G0 F9000 X236.2 Y219.149
G0 X236.2 Y214.504
G0 X236.42 Y214.504
G1 F3000 X236.08 Y214.164 E1519.86135
G1 F2700 E1514.86135
G0 F9000 X236.3 Y214.164
G0 X236.228 Y226.328
G0 X177.698 Y226.4
G0 X177.698 Y226.14
;TYPE:SKIN
G1 F2700 E1519.86135
G1 F1500 X118.86 Y226.14 E1521.03552
G1 X118.86 Y213.86 E1521.28058
G1 X236.04 Y213.86 E1523.61904
G1 X236.04 Y226.14 E1523.8641
G1 X177.698 Y226.14 E1525.02838
G1 F2700 E1520.02838
G0 F9000 X177.698 Y226.4
G0 X118.672 Y226.328
G0 X118.6 Y225.409
G0 X119.06 Y225.409
G1 F2700 E1525.02838
G1 F1500 X119.592 Y225.94 E1525.04338
G0 F9000 X120.157 Y225.94
G1 F1500 X119.06 Y224.843 E1525.07434
G0 F9000 X119.06 Y224.277
G1 F1500 X120.723 Y225.94 E1525.12127
G0 F9000 X121.289 Y225.94
G1 F1500 X119.06 Y223.712 E1525.18416
G0 F9000 X119.06 Y223.146
G1 F1500 X121.854 Y225.94 E1525.26302
G0 F9000 X122.42 Y225.94
G1 F1500 X119.06 Y222.58 E1525.35784
G0 F9000 X119.06 Y222.015
G1 F1500 X122.986 Y225.94 E1525.46863
G0 F9000 X123.551 Y225.94
G1 F1500 X119.06 Y221.449 E1525.59537
G0 F9000 X119.06 Y220.883
G1 F1500 X124.117 Y225.94 E1525.73809
G0 F9000 X124.683 Y225.94
G1 F1500 X119.06 Y220.318 E1525.89677
G0 F9000 X119.06 Y219.752
G1 F1500 X125.248 Y225.94 E1526.07141
G0 F9000 X125.814 Y225.94
G1 F1500 X119.06 Y219.186 E1526.26202
G0 F9000 X119.06 Y218.62
G1 F1500 X126.38 Y225.94 E1526.46861
G0 F9000 X126.945 Y225.94
G1 F1500 X119.06 Y218.055 E1526.69114
G0 F9000 X119.06 Y217.489
G1 F1500 X127.511 Y225.94 E1526.92965
G0 F9000 X128.077 Y225.94
G1 F1500 X119.06 Y216.923 E1527.18413
G0 F9000 X119.06 Y216.358
G1 F1500 X128.643 Y225.94 E1527.45456
G0 F9000 X129.208 Y225.94
G1 F1500 X119.06 Y215.792 E1527.74096
G0 F9000 X119.06 Y215.226
G1 F1500 X129.774 Y225.94 E1528.04334
G0 F9000 X130.34 Y225.94
G1 F1500 X119.06 Y214.661 E1528.36167
G0 F9000 X119.06 Y214.095
G1 F1500 X130.905 Y225.94 E1528.69596
G0 F9000 X131.471 Y225.94
G1 F1500 X119.59 Y214.06 E1529.03125
G0 F9000 X120.156 Y214.06
G1 F1500 X132.037 Y225.94 E1529.36655
G0 F9000 X132.602 Y225.94
G1 F1500 X120.722 Y214.06 E1529.70182
G0 F9000 X121.287 Y214.06
G1 F1500 X133.168 Y225.94 E1530.03712
G0 F9000 X133.734 Y225.94
G1 F1500 X121.853 Y214.06 E1530.37241
G0 F9000 X122.419 Y214.06
G1 F1500 X134.299 Y225.94 E1530.70769
G0 F9000 X134.865 Y225.94
G1 F1500 X122.984 Y214.06 E1531.04298
G0 F9000 X123.55 Y214.06
G1 F1500 X135.431 Y225.94 E1531.37828
G0 F9000 X135.996 Y225.94
G1 F1500 X124.116 Y214.06 E1531.71356
G0 F9000 X124.681 Y214.06
G1 F1500 X136.562 Y225.94 E1532.04885
G0 F9000 X137.128 Y225.94
G1 F1500 X125.247 Y214.06 E1532.38414
G0 F9000 X125.813 Y214.06
G1 F1500 X137.693 Y225.94 E1532.71942
G0 F9000 X138.259 Y225.94
G1 F1500 X126.378 Y214.06 E1533.05472
G0 F9000 X126.944 Y214.06
G1 F1500 X138.825 Y225.94 E1533.39001
G0 F9000 X139.391 Y225.94
G1 F1500 X127.51 Y214.06 E1533.7253
G0 F9000 X128.075 Y214.06
G1 F1500 X139.956 Y225.94 E1534.0606
G0 F9000 X140.522 Y225.94
G1 F1500 X128.641 Y214.06 E1534.39589
G0 F9000 X129.207 Y214.06
G1 F1500 X141.088 Y225.94 E1534.73118
G0 F9000 X141.653 Y225.94
G1 F1500 X129.772 Y214.06 E1535.06648
G0 F9000 X130.338 Y214.06
G1 F1500 X142.219 Y225.94 E1535.40177
G0 F9000 X142.785 Y225.94
G1 F1500 X130.904 Y214.06 E1535.73706
G0 F9000 X131.47 Y214.06
G1 F1500 X143.35 Y225.94 E1536.07234
G0 F9000 X143.916 Y225.94
G1 F1500 X132.035 Y214.06 E1536.40764
G0 F9000 X132.601 Y214.06
G1 F1500 X144.482 Y225.94 E1536.74293
G0 F9000 X145.047 Y225.94
G1 F1500 X133.167 Y214.06 E1537.07821
G0 F9000 X133.732 Y214.06
G1 F1500 X145.613 Y225.94 E1537.4135
G0 F9000 X146.179 Y225.94
G1 F1500 X134.298 Y214.06 E1537.7488
G0 F9000 X134.864 Y214.06
G1 F1500 X146.744 Y225.94 E1538.08407
G0 F9000 X147.31 Y225.94
G1 F1500 X135.429 Y214.06 E1538.41937
G0 F9000 X135.995 Y214.06
G1 F1500 X147.876 Y225.94 E1538.75466
G0 F9000 X148.442 Y225.94
G1 F1500 X136.561 Y214.06 E1539.08995
G0 F9000 X137.126 Y214.06
G1 F1500 X149.007 Y225.94 E1539.42525
G0 F9000 X149.573 Y225.94
G1 F1500 X137.692 Y214.06 E1539.76054
G0 F9000 X138.258 Y214.06
G1 F1500 X150.139 Y225.94 E1540.09583
G0 F9000 X150.704 Y225.94
G1 F1500 X138.823 Y214.06 E1540.43113
G0 F9000 X139.389 Y214.06
G1 F1500 X151.27 Y225.94 E1540.76642
G0 F9000 X151.836 Y225.94
G1 F1500 X139.955 Y214.06 E1541.10171
G0 F9000 X140.521 Y214.06
G1 F1500 X152.401 Y225.94 E1541.43699
G0 F9000 X152.967 Y225.94
G1 F1500 X141.086 Y214.06 E1541.77229
G0 F9000 X141.652 Y214.06
G1 F1500 X153.533 Y225.94 E1542.10758
G0 F9000 X154.098 Y225.94
G1 F1500 X142.218 Y214.06 E1542.44286
G0 F9000 X142.783 Y214.06
G1 F1500 X154.664 Y225.94 E1542.77815
G0 F9000 X155.23 Y225.94
G1 F1500 X143.349 Y214.06 E1543.11345
G0 F9000 X143.915 Y214.06
G1 F1500 X155.795 Y225.94 E1543.44873
G0 F9000 X156.361 Y225.94
G1 F1500 X144.48 Y214.06 E1543.78402
G0 F9000 X145.046 Y214.06
G1 F1500 X156.927 Y225.94 E1544.11931
G0 F9000 X157.492 Y225.94
G1 F1500 X145.612 Y214.06 E1544.45459
G0 F9000 X146.177 Y214.06
G1 F1500 X158.058 Y225.94 E1544.78989
G0 F9000 X158.624 Y225.94
G1 F1500 X146.743 Y214.06 E1545.12518
G0 F9000 X147.309 Y214.06
G1 F1500 X159.19 Y225.94 E1545.46047
G0 F9000 X159.755 Y225.94
G1 F1500 X147.874 Y214.06 E1545.79577
G0 F9000 X148.44 Y214.06
G1 F1500 X160.321 Y225.94 E1546.13106
G0 F9000 X160.887 Y225.94
G1 F1500 X149.006 Y214.06 E1546.46635
G0 F9000 X149.571 Y214.06
G1 F1500 X161.452 Y225.94 E1546.80165
G0 F9000 X162.018 Y225.94
G1 F1500 X150.137 Y214.06 E1547.13694
G0 F9000 X150.703 Y214.06
G1 F1500 X162.584 Y225.94 E1547.47223
G0 F9000 X163.149 Y225.94
G1 F1500 X151.269 Y214.06 E1547.80751
G0 F9000 X151.834 Y214.06
G1 F1500 X163.715 Y225.94 E1548.14281
G0 F9000 X164.281 Y225.94
G1 F1500 X152.4 Y214.06 E1548.4781
G0 F9000 X152.966 Y214.06
G1 F1500 X164.846 Y225.94 E1548.81338
G0 F9000 X165.412 Y225.94
G1 F1500 X153.531 Y214.06 E1549.14867
G0 F9000 X154.097 Y214.06
G1 F1500 X165.978 Y225.94 E1549.48396
G0 F9000 X166.543 Y225.94
G1 F1500 X154.663 Y214.06 E1549.81924
G0 F9000 X155.228 Y214.06
G1 F1500 X167.109 Y225.94 E1550.15454
G0 F9000 X167.675 Y225.94
G1 F1500 X155.794 Y214.06 E1550.48983
G0 F9000 X156.36 Y214.06
G1 F1500 X168.241 Y225.94 E1550.82512
G0 F9000 X168.806 Y225.94
G1 F1500 X156.925 Y214.06 E1551.16042
G0 F9000 X157.491 Y214.06
G1 F1500 X169.372 Y225.94 E1551.49571
G0 F9000 X169.938 Y225.94
G1 F1500 X158.057 Y214.06 E1551.831
G0 F9000 X158.622 Y214.06
G1 F1500 X170.503 Y225.94 E1552.1663
G0 F9000 X171.069 Y225.94
G1 F1500 X159.188 Y214.06 E1552.50159
G0 F9000 X159.754 Y214.06
G1 F1500 X171.635 Y225.94 E1552.83688
G0 F9000 X172.2 Y225.94
G1 F1500 X160.319 Y214.06 E1553.17218
G0 F9000 X160.885 Y214.06
G1 F1500 X172.766 Y225.94 E1553.50747
G0 F9000 X173.332 Y225.94
G1 F1500 X161.451 Y214.06 E1553.84276
G0 F9000 X162.017 Y214.06
G1 F1500 X173.897 Y225.94 E1554.17804
G0 F9000 X174.463 Y225.94
G1 F1500 X162.582 Y214.06 E1554.51334
G0 F9000 X163.148 Y214.06
G1 F1500 X175.029 Y225.94 E1554.84863
G0 F9000 X175.594 Y225.94
G1 F1500 X163.714 Y214.06 E1555.18391
G0 F9000 X164.279 Y214.06
G1 F1500 X176.16 Y225.94 E1555.5192
G0 F9000 X176.726 Y225.94
G1 F1500 X164.845 Y214.06 E1555.8545
G0 F9000 X165.411 Y214.06
G1 F1500 X177.291 Y225.94 E1556.18978
G0 F9000 X177.857 Y225.94
G1 F1500 X165.976 Y214.06 E1556.52507
G0 F9000 X166.542 Y214.06
G1 F1500 X178.423 Y225.94 E1556.86036
G0 F9000 X178.989 Y225.94
G1 F1500 X167.108 Y214.06 E1557.19566
G0 F9000 X167.673 Y214.06
G1 F1500 X179.554 Y225.94 E1557.53095
G0 F9000 X180.12 Y225.94
G1 F1500 X168.239 Y214.06 E1557.86624
G0 F9000 X168.805 Y214.06
G1 F1500 X180.686 Y225.94 E1558.20154
G0 F9000 X181.251 Y225.94
G1 F1500 X169.37 Y214.06 E1558.53683
G0 F9000 X169.936 Y214.06
G1 F1500 X181.817 Y225.94 E1558.87212
G0 F9000 X182.383 Y225.94
G1 F1500 X170.502 Y214.06 E1559.20742
G0 F9000 X171.068 Y214.06
G1 F1500 X182.948 Y225.94 E1559.5427
G0 F9000 X183.514 Y225.94
G1 F1500 X171.633 Y214.06 E1559.87799
G0 F9000 X172.199 Y214.06
G1 F1500 X184.08 Y225.94 E1560.21328
G0 F9000 X184.645 Y225.94
G1 F1500 X172.765 Y214.06 E1560.54856
G0 F9000 X173.33 Y214.06
G1 F1500 X185.211 Y225.94 E1560.88385
G0 F9000 X185.777 Y225.94
G1 F1500 X173.896 Y214.06 E1561.21915
G0 F9000 X174.462 Y214.06
G1 F1500 X186.342 Y225.94 E1561.55443
G0 F9000 X186.908 Y225.94
G1 F1500 X175.027 Y214.06 E1561.88972
G0 F9000 X175.593 Y214.06
G1 F1500 X187.474 Y225.94 E1562.22501
G0 F9000 X188.039 Y225.94
G1 F1500 X176.159 Y214.06 E1562.56029
G0 F9000 X176.724 Y214.06
G1 F1500 X188.605 Y225.94 E1562.89559
G0 F9000 X189.171 Y225.94
G1 F1500 X177.29 Y214.06 E1563.23088
G0 F9000 X177.856 Y214.06
G1 F1500 X189.737 Y225.94 E1563.56617
G0 F9000 X190.302 Y225.94
G1 F1500 X178.421 Y214.06 E1563.90147
G0 F9000 X178.987 Y214.06
G1 F1500 X190.868 Y225.94 E1564.23676
G0 F9000 X191.434 Y225.94
G1 F1500 X179.553 Y214.06 E1564.57205
G0 F9000 X180.118 Y214.06
G1 F1500 X191.999 Y225.94 E1564.90735
G0 F9000 X192.565 Y225.94
G1 F1500 X180.684 Y214.06 E1565.24264
G0 F9000 X181.25 Y214.06
G1 F1500 X193.131 Y225.94 E1565.57793
G0 F9000 X193.696 Y225.94
G1 F1500 X181.816 Y214.06 E1565.91321
G0 F9000 X182.381 Y214.06
G1 F1500 X194.262 Y225.94 E1566.24851
G0 F9000 X194.828 Y225.94
G1 F1500 X182.947 Y214.06 E1566.5838
G0 F9000 X183.513 Y214.06
G1 F1500 X195.393 Y225.94 E1566.91908
G0 F9000 X195.959 Y225.94
G1 F1500 X184.078 Y214.06 E1567.25437
G0 F9000 X184.644 Y214.06
G1 F1500 X196.525 Y225.94 E1567.58967
G0 F9000 X197.09 Y225.94
G1 F1500 X185.21 Y214.06 E1567.92495
G0 F9000 X185.775 Y214.06
G1 F1500 X197.656 Y225.94 E1568.26024
G0 F9000 X198.222 Y225.94
G1 F1500 X186.341 Y214.06 E1568.59553
G0 F9000 X186.907 Y214.06
G1 F1500 X198.788 Y225.94 E1568.93083
G0 F9000 X199.353 Y225.94
G1 F1500 X187.472 Y214.06 E1569.26612
G0 F9000 X188.038 Y214.06
G1 F1500 X199.919 Y225.94 E1569.60141
G0 F9000 X200.485 Y225.94
G1 F1500 X188.604 Y214.06 E1569.93671
G0 F9000 X189.169 Y214.06
G1 F1500 X201.05 Y225.94 E1570.272
G0 F9000 X201.616 Y225.94
G1 F1500 X189.735 Y214.06 E1570.60729
G0 F9000 X190.301 Y214.06
G1 F1500 X202.182 Y225.94 E1570.94259
G0 F9000 X202.747 Y225.94
G1 F1500 X190.867 Y214.06 E1571.27786
G0 F9000 X191.432 Y214.06
G1 F1500 X203.313 Y225.94 E1571.61316
G0 F9000 X203.879 Y225.94
G1 F1500 X191.998 Y214.06 E1571.94845
G0 F9000 X192.564 Y214.06
G1 F1500 X204.444 Y225.94 E1572.28373
G0 F9000 X205.01 Y225.94
G1 F1500 X193.129 Y214.06 E1572.61902
G0 F9000 X193.695 Y214.06
G1 F1500 X205.576 Y225.94 E1572.95432
G0 F9000 X206.141 Y225.94
G1 F1500 X194.261 Y214.06 E1573.2896
G0 F9000 X194.826 Y214.06
G1 F1500 X206.707 Y225.94 E1573.62489
G0 F9000 X207.273 Y225.94
G1 F1500 X195.392 Y214.06 E1573.96018
G0 F9000 X195.958 Y214.06
G1 F1500 X207.838 Y225.94 E1574.29546
G0 F9000 X208.404 Y225.94
G1 F1500 X196.523 Y214.06 E1574.63076
G0 F9000 X197.089 Y214.06
G1 F1500 X208.97 Y225.94 E1574.96605
G0 F9000 X209.536 Y225.94
G1 F1500 X197.655 Y214.06 E1575.30134
G0 F9000 X198.22 Y214.06
G1 F1500 X210.101 Y225.94 E1575.63664
G0 F9000 X210.667 Y225.94
G1 F1500 X198.786 Y214.06 E1575.97193
G0 F9000 X199.352 Y214.06
G1 F1500 X211.233 Y225.94 E1576.30722
G0 F9000 X211.798 Y225.94
G1 F1500 X199.917 Y214.06 E1576.64252
G0 F9000 X200.483 Y214.06
G1 F1500 X212.364 Y225.94 E1576.97781
G0 F9000 X212.93 Y225.94
G1 F1500 X201.049 Y214.06 E1577.3131
G0 F9000 X201.615 Y214.06
G1 F1500 X213.495 Y225.94 E1577.64838
G0 F9000 X214.061 Y225.94
G1 F1500 X202.18 Y214.06 E1577.98368
G0 F9000 X202.746 Y214.06
G1 F1500 X214.627 Y225.94 E1578.31897
G0 F9000 X215.192 Y225.94
G1 F1500 X203.312 Y214.06 E1578.65425
G0 F9000 X203.877 Y214.06
G1 F1500 X215.758 Y225.94 E1578.98954
G0 F9000 X216.324 Y225.94
G1 F1500 X204.443 Y214.06 E1579.32484
G0 F9000 X205.009 Y214.06
G1 F1500 X216.889 Y225.94 E1579.66011
G0 F9000 X217.455 Y225.94
G1 F1500 X205.574 Y214.06 E1579.99541
G0 F9000 X206.14 Y214.06
G1 F1500 X218.021 Y225.94 E1580.3307
G0 F9000 X218.587 Y225.94
G1 F1500 X206.706 Y214.06 E1580.66599
G0 F9000 X207.271 Y214.06
G1 F1500 X219.152 Y225.94 E1581.00129
G0 F9000 X219.718 Y225.94
G1 F1500 X207.837 Y214.06 E1581.33658
G0 F9000 X208.403 Y214.06
G1 F1500 X220.284 Y225.94 E1581.67187
G0 F9000 X220.849 Y225.94
G1 F1500 X208.968 Y214.06 E1582.00717
G0 F9000 X209.534 Y214.06
G1 F1500 X221.415 Y225.94 E1582.34246
G0 F9000 X221.981 Y225.94
G1 F1500 X210.1 Y214.06 E1582.67775
G0 F9000 X210.665 Y214.06
G1 F1500 X222.546 Y225.94 E1583.01305
G0 F9000 X223.112 Y225.94
G1 F1500 X211.231 Y214.06 E1583.34834
G0 F9000 X211.797 Y214.06
G1 F1500 X223.678 Y225.94 E1583.68364
G0 F9000 X224.243 Y225.94
G1 F1500 X212.363 Y214.06 E1584.01891
G0 F9000 X212.928 Y214.06
G1 F1500 X224.809 Y225.94 E1584.35421
G0 F9000 X225.375 Y225.94
G1 F1500 X213.494 Y214.06 E1584.6895
G0 F9000 X214.06 Y214.06
G1 F1500 X225.94 Y225.94 E1585.02478
G0 F9000 X226.506 Y225.94
G1 F1500 X214.625 Y214.06 E1585.36007
G0 F9000 X215.191 Y214.06
G1 F1500 X227.072 Y225.94 E1585.69537
G0 F9000 X227.637 Y225.94
G1 F1500 X215.757 Y214.06 E1586.03065
G0 F9000 X216.322 Y214.06
G1 F1500 X228.203 Y225.94 E1586.36594
G0 F9000 X228.769 Y225.94
G1 F1500 X216.888 Y214.06 E1586.70123
G0 F9000 X217.454 Y214.06
G1 F1500 X229.335 Y225.94 E1587.03653
G0 F9000 X229.9 Y225.94
G1 F1500 X218.019 Y214.06 E1587.37182
G0 F9000 X218.585 Y214.06
G1 F1500 X230.466 Y225.94 E1587.70711
G0 F9000 X231.032 Y225.94
G1 F1500 X219.151 Y214.06 E1588.04241
G0 F9000 X219.716 Y214.06
G1 F1500 X231.597 Y225.94 E1588.3777
G0 F9000 X232.163 Y225.94
G1 F1500 X220.282 Y214.06 E1588.71299
G0 F9000 X220.848 Y214.06
G1 F1500 X232.729 Y225.94 E1589.04829
G0 F9000 X233.294 Y225.94
G1 F1500 X221.414 Y214.06 E1589.38357
G0 F9000 X221.979 Y214.06
G1 F1500 X233.86 Y225.94 E1589.71886
G0 F9000 X234.426 Y225.94
G1 F1500 X222.545 Y214.06 E1590.05415
G0 F9000 X223.111 Y214.06
G1 F1500 X234.991 Y225.94 E1590.38943
G0 F9000 X235.557 Y225.94
G1 F1500 X223.676 Y214.06 E1590.72473
G0 F9000 X224.242 Y214.06
G1 F1500 X235.84 Y225.658 E1591.05205
G0 F9000 X235.84 Y225.092
G1 F1500 X224.808 Y214.06 E1591.36339
G0 F9000 X225.373 Y214.06
G1 F1500 X235.84 Y224.526 E1591.65878
G0 F9000 X235.84 Y223.961
G1 F1500 X225.939 Y214.06 E1591.93821
G0 F9000 X226.505 Y214.06
G1 F1500 X235.84 Y223.395 E1592.20166
G0 F9000 X235.84 Y222.829
G1 F1500 X227.07 Y214.06 E1592.44916
G0 F9000 X227.636 Y214.06
G1 F1500 X235.84 Y222.263 E1592.68068
G0 F9000 X235.84 Y221.698
G1 F1500 X228.202 Y214.06 E1592.89624
G0 F9000 X228.767 Y214.06
G1 F1500 X235.84 Y221.132 E1593.09584
G0 F9000 X235.84 Y220.566
G1 F1500 X229.333 Y214.06 E1593.27947
G0 F9000 X229.899 Y214.06
G1 F1500 X235.84 Y220.001 E1593.44713
G0 F9000 X235.84 Y219.435
G1 F1500 X230.464 Y214.06 E1593.59884
G0 F9000 X231.03 Y214.06
G1 F1500 X235.84 Y218.869 E1593.73458
G0 F9000 X235.84 Y218.304
G1 F1500 X231.596 Y214.06 E1593.85435
G0 F9000 X232.162 Y214.06
G1 F1500 X235.84 Y217.738 E1593.95815
G0 F9000 X235.84 Y217.172
G1 F1500 X232.727 Y214.06 E1594.04599
G0 F9000 X233.293 Y214.06
G1 F1500 X235.84 Y216.607 E1594.11788
G0 F9000 X235.84 Y216.041
G1 F1500 X233.859 Y214.06 E1594.17378
G0 F9000 X234.424 Y214.06
G1 F1500 X235.84 Y215.475 E1594.21373
G0 F9000 X235.84 Y214.91
G1 F1500 X234.99 Y214.06 E1594.23772
G0 F9000 X235.556 Y214.06
G1 F1500 X235.84 Y214.344 E1594.24574
G0 F9000 X236.3 Y214.344
G0 X236.2 Y226.14
G0 X236.46 Y226.14
G1 F1500 X236.46 Y213.86 E1594.4908
G1 X241.14 Y213.86 E1594.58419
G1 X241.14 Y226.14 E1594.82925
G1 X236.46 Y226.14 E1594.92265
G0 F9000 X237.253 Y225.94
G1 F1500 X236.66 Y225.346 E1594.9394
G0 F9000 X236.66 Y224.781
G1 F1500 X237.819 Y225.94 E1594.97211
G0 F9000 X238.385 Y225.94
G1 F1500 X236.66 Y224.215 E1595.02079
G0 F9000 X236.66 Y223.649
G1 F1500 X238.95 Y225.94 E1595.08543
G0 F9000 X239.516 Y225.94
G1 F1500 X236.66 Y223.084 E1595.16603
G0 F9000 X236.66 Y222.518
G1 F1500 X240.082 Y225.94 E1595.26261
G0 F9000 X240.648 Y225.94
G1 F1500 X236.66 Y221.952 E1595.37516
G0 F9000 X236.66 Y221.387
G1 F1500 X240.94 Y225.667 E1595.49595
G0 F9000 X240.94 Y225.101
G1 F1500 X236.66 Y220.821 E1595.61674
G0 F9000 X236.66 Y220.255
G1 F1500 X240.94 Y224.535 E1595.73753
G0 F9000 X240.94 Y223.97
G1 F1500 X236.66 Y219.69 E1595.85832
G0 F9000 X236.66 Y219.124
G1 F1500 X240.94 Y223.404 E1595.97911
G0 F9000 X240.94 Y222.838
G1 F1500 X236.66 Y218.558 E1596.09991
G0 F9000 X236.66 Y217.993
G1 F1500 X240.94 Y222.273 E1596.2207
G0 F9000 X240.94 Y221.707
G1 F1500 X236.66 Y217.427 E1596.34149
G0 F9000 X236.66 Y216.861
G1 F1500 X240.94 Y221.141 E1596.46228
G0 F9000 X240.94 Y220.576
G1 F1500 X236.66 Y216.295 E1596.58308
G0 F9000 X236.66 Y215.73
G1 F1500 X240.94 Y220.01 E1596.70387
G0 F9000 X240.94 Y219.444
G1 F1500 X236.66 Y215.164 E1596.82466
G0 F9000 X236.66 Y214.598
G1 F1500 X240.94 Y218.879 E1596.94547
G0 F9000 X240.94 Y218.313
G1 F1500 X236.688 Y214.06 E1597.06548
G0 F9000 X237.253 Y214.06
G1 F1500 X240.94 Y217.747 E1597.16954
G0 F9000 X240.94 Y217.181
G1 F1500 X237.819 Y214.06 E1597.25762
G0 F9000 X238.385 Y214.06
G1 F1500 X240.94 Y216.616 E1597.32974
G0 F9000 X240.94 Y216.05
G1 F1500 X238.95 Y214.06 E1597.3859
G0 F9000 X239.516 Y214.06
G1 F1500 X240.94 Y215.484 E1597.42609
G0 F9000 X240.94 Y214.919
G1 F1500 X240.082 Y214.06 E1597.45032
G0 F9000 X240.648 Y214.06
G1 F1500 X240.94 Y214.353 E1597.45858
G1 F2700 E1592.45858
;MESH:NONMESH
G0 F300 X240.94 Y214.353 Z2.64
G0 F9000 X241.4 Y214.353
G0 X241.328 Y213.672
G0 X126.5 Y213.5
;TIME_ELAPSED:3620.368617
;LAYER:21
;TYPE:WALL-INNER
;MESH:BusConnAssyAid.stl
G1 F2700 E1597.45858
G1 F1500 X126.5 Y226.5 E1597.71801
G0 F9000 X126.1 Y226.9
G1 F1500 X126.9 Y226.9 E1597.73397
G1 X126.9 Y213.1 E1598.00936
G1 X126.1 Y213.1 E1598.02533
G1 X126.1 Y226.9 E1598.30072
G0 F9000 X125.7 Y227.3
;TYPE:WALL-OUTER
G1 F1500 X127.3 Y227.3 E1598.33265
G1 X127.3 Y212.7 E1598.62401
G1 X125.7 Y212.7 E1598.65594
G1 X125.7 Y227.3 E1598.9473
G1 F2700 E1593.9473
G0 F9000 X125.98 Y227.02
G0 X127.07 Y226.5
G0 X128.165 Y226.5
G0 X129.335 Y226.5
G0 X130.43 Y226.5
G0 X131 Y226.5
;TYPE:WALL-INNER
G1 F2700 E1598.9473
G1 F1500 X131 Y213.5 E1599.20673
G0 F9000 X130.88 Y226.62
G0 X130.6 Y226.9
G1 F1500 X131.4 Y226.9 E1599.22269
G1 X131.4 Y213.1 E1599.49809
G1 X130.6 Y213.1 E1599.51405
G1 X130.6 Y226.9 E1599.78945
G0 F9000 X130.2 Y227.3
;TYPE:WALL-OUTER
G1 F1500 X131.8 Y227.3 E1599.82138
G1 X131.8 Y212.7 E1600.11274
G1 X130.2 Y212.7 E1600.14467
G1 X130.2 Y227.3 E1600.43602
G1 F2700 E1595.43602
G0 F9000 X130.48 Y227.02
G0 X131.57 Y226.5
G0 X132.665 Y226.5
G0 X139.835 Y226.5
G0 X140.93 Y226.5
G0 X141.5 Y226.5
;TYPE:WALL-INNER
G1 F2700 E1600.43602
G1 F1500 X141.5 Y213.5 E1600.69545
G0 F9000 X141.38 Y226.62
G0 X141.1 Y226.9
G1 F1500 X141.9 Y226.9 E1600.71142
G1 X141.9 Y213.1 E1600.98681
G1 X141.1 Y213.1 E1601.00278
G1 X141.1 Y226.9 E1601.27817
G0 F9000 X140.7 Y227.3
;TYPE:WALL-OUTER
G1 F1500 X142.3 Y227.3 E1601.3101
G1 X142.3 Y212.7 E1601.60146
G1 X140.7 Y212.7 E1601.63339
G1 X140.7 Y227.3 E1601.92475
G1 F2700 E1596.92475
G0 F9000 X140.98 Y227.02
G0 X142.07 Y226.5
G0 X143.165 Y226.5
G0 X144.335 Y226.5
G0 X145.43 Y226.5
G0 X146 Y226.5
;TYPE:WALL-INNER
G1 F2700 E1601.92475
G1 F1500 X146 Y213.5 E1602.18418
G0 F9000 X145.88 Y226.62
G0 X145.6 Y226.9
G1 F1500 X146.4 Y226.9 E1602.20014
G1 X146.4 Y213.1 E1602.47554
G1 X145.6 Y213.1 E1602.4915
G1 X145.6 Y226.9 E1602.76689
G0 F9000 X145.2 Y227.3
;TYPE:WALL-OUTER
G1 F1500 X146.8 Y227.3 E1602.79882
G1 X146.8 Y212.7 E1603.09018
G1 X145.2 Y212.7 E1603.12211
G1 X145.2 Y227.3 E1603.41347
G1 F2700 E1598.41347
G0 F9000 X145.48 Y227.02
G0 X146.57 Y226.5
G0 X147.665 Y226.5
G0 X154.835 Y226.5
G0 X155.93 Y226.5
G0 X156.5 Y226.5
;TYPE:WALL-INNER
G1 F2700 E1603.41347
G1 F1500 X156.5 Y213.5 E1603.6729
G0 F9000 X156.38 Y226.62
G0 X156.1 Y226.9
G1 F1500 X156.9 Y226.9 E1603.68887
G1 X156.9 Y213.1 E1603.96426
G1 X156.1 Y213.1 E1603.98022
G1 X156.1 Y226.9 E1604.25562
G0 F9000 X155.7 Y227.3
;TYPE:WALL-OUTER
G1 F1500 X157.3 Y227.3 E1604.28755
G1 X157.3 Y212.7 E1604.57891
G1 X155.7 Y212.7 E1604.61084
G1 X155.7 Y227.3 E1604.9022
G1 F2700 E1599.9022
G0 F9000 X155.98 Y227.02
G0 X157.07 Y226.5
G0 X158.165 Y226.5
G0 X159.335 Y226.5
G0 X160.43 Y226.5
G0 X161 Y226.5
;TYPE:WALL-INNER
G1 F2700 E1604.9022
G1 F1500 X161 Y213.5 E1605.16162
G0 F9000 X160.88 Y226.62
G0 X160.6 Y226.9
G1 F1500 X161.4 Y226.9 E1605.17759
G1 X161.4 Y213.1 E1605.45298
G1 X160.6 Y213.1 E1605.46895
G1 X160.6 Y226.9 E1605.74434
G0 F9000 X160.2 Y227.3
;TYPE:WALL-OUTER
G1 F1500 X161.8 Y227.3 E1605.77627
G1 X161.8 Y212.7 E1606.06763
G1 X160.2 Y212.7 E1606.09956
G1 X160.2 Y227.3 E1606.39092
G1 F2700 E1601.39092
G0 F9000 X160.48 Y227.02
G0 X161.57 Y226.5
G0 X162.665 Y226.5
G0 X169.835 Y226.5
G0 X170.93 Y226.5
G0 X171.5 Y226.5
;TYPE:WALL-INNER
G1 F2700 E1606.39092
G1 F1500 X171.5 Y213.5 E1606.65035
G0 F9000 X171.38 Y226.62
G0 X171.1 Y226.9
G1 F1500 X171.9 Y226.9 E1606.66631
G1 X171.9 Y213.1 E1606.94171
G1 X171.1 Y213.1 E1606.95767
G1 X171.1 Y226.9 E1607.23307
G0 F9000 X170.7 Y227.3
;TYPE:WALL-OUTER
G1 F1500 X172.3 Y227.3 E1607.265
G1 X172.3 Y212.7 E1607.55635
G1 X170.7 Y212.7 E1607.58828
G1 X170.7 Y227.3 E1607.87964
G1 F2700 E1602.87964
G0 F9000 X170.98 Y227.02
G0 X172.07 Y226.5
G0 X173.165 Y226.5
G0 X174.335 Y226.5
G0 X175.43 Y226.5
G0 X176 Y226.5
;TYPE:WALL-INNER
G1 F2700 E1607.87964
G1 F1500 X176 Y213.5 E1608.13907
G0 F9000 X175.88 Y226.62
G0 X175.6 Y226.9
G1 F1500 X176.4 Y226.9 E1608.15504
G1 X176.4 Y213.1 E1608.43043
G1 X175.6 Y213.1 E1608.4464
G1 X175.6 Y226.9 E1608.72179
G0 F9000 X175.2 Y227.3
;TYPE:WALL-OUTER
G1 F1500 X176.8 Y227.3 E1608.75372
G1 X176.8 Y212.7 E1609.04508
G1 X175.2 Y212.7 E1609.07701
G1 X175.2 Y227.3 E1609.36837
G1 F2700 E1604.36837
G0 F9000 X175.48 Y227.02
G0 X176.57 Y226.5
G0 X177.665 Y226.5
G0 X184.835 Y226.5
G0 X185.93 Y226.5
G0 X186.5 Y226.5
;TYPE:WALL-INNER
G1 F2700 E1609.36837
G1 F1500 X186.5 Y213.5 E1609.6278
G0 F9000 X186.38 Y226.62
G0 X186.1 Y226.9
G1 F1500 X186.9 Y226.9 E1609.64376
G1 X186.9 Y213.1 E1609.91915
G1 X186.1 Y213.1 E1609.93512
G1 X186.1 Y226.9 E1610.21051
G0 F9000 X185.7 Y227.3
;TYPE:WALL-OUTER
G1 F1500 X187.3 Y227.3 E1610.24244
G1 X187.3 Y212.7 E1610.5338
G1 X185.7 Y212.7 E1610.56573
G1 X185.7 Y227.3 E1610.85709
G1 F2700 E1605.85709
G0 F9000 X185.98 Y227.02
G0 X187.07 Y226.5
G0 X188.165 Y226.5
G0 X189.335 Y226.5
G0 X190.43 Y226.5
G0 X191 Y226.5
;TYPE:WALL-INNER
G1 F2700 E1610.85709
G1 F1500 X191 Y213.5 E1611.11652
G0 F9000 X190.88 Y226.62
G0 X190.6 Y226.9
G1 F1500 X191.4 Y226.9 E1611.13248
G1 X191.4 Y213.1 E1611.40788
G1 X190.6 Y213.1 E1611.42384
G1 X190.6 Y226.9 E1611.69924
G0 F9000 X190.2 Y227.3
;TYPE:WALL-OUTER
G1 F1500 X191.8 Y227.3 E1611.73117
G1 X191.8 Y212.7 E1612.02252
G1 X190.2 Y212.7 E1612.05445
G1 X190.2 Y227.3 E1612.34581
G1 F2700 E1607.34581
G0 F9000 X190.48 Y227.02
G0 X191.57 Y226.5
G0 X192.665 Y226.5
G0 X199.835 Y226.5
G0 X200.93 Y226.5
G0 X201.5 Y226.5
;TYPE:WALL-INNER
G1 F2700 E1612.34581
G1 F1500 X201.5 Y213.5 E1612.60524
G0 F9000 X201.38 Y226.62
G0 X201.1 Y226.9
G1 F1500 X201.9 Y226.9 E1612.62121
G1 X201.9 Y213.1 E1612.8966
G1 X201.1 Y213.1 E1612.91257
G1 X201.1 Y226.9 E1613.18796
G0 F9000 X200.7 Y227.3
;TYPE:WALL-OUTER
G1 F1500 X202.3 Y227.3 E1613.21989
G1 X202.3 Y212.7 E1613.51125
G1 X200.7 Y212.7 E1613.54318
G1 X200.7 Y227.3 E1613.83454
G1 F2700 E1608.83454
G0 F9000 X200.98 Y227.02
G0 X202.07 Y226.5
G0 X203.165 Y226.5
G0 X204.335 Y226.5
G0 X205.43 Y226.5
G0 X206 Y226.5
;TYPE:WALL-INNER
G1 F2700 E1613.83454
G1 F1500 X206 Y213.5 E1614.09397
G0 F9000 X205.88 Y226.62
G0 X205.6 Y226.9
G1 F1500 X206.4 Y226.9 E1614.10993
G1 X206.4 Y213.1 E1614.38532
G1 X205.6 Y213.1 E1614.40129
G1 X205.6 Y226.9 E1614.67668
G0 F9000 X205.2 Y227.3
;TYPE:WALL-OUTER
G1 F1500 X206.8 Y227.3 E1614.70861
G1 X206.8 Y212.7 E1614.99997
G1 X205.2 Y212.7 E1615.0319
G1 X205.2 Y227.3 E1615.32326
G1 F2700 E1610.32326
G0 F9000 X205.48 Y227.02
G0 X206.57 Y226.5
G0 X207.665 Y226.5
G0 X214.835 Y226.5
G0 X215.93 Y226.5
G0 X216.5 Y226.5
;TYPE:WALL-INNER
G1 F2700 E1615.32326
G1 F1500 X216.5 Y213.5 E1615.58269
G0 F9000 X216.38 Y226.62
G0 X216.1 Y226.9
G1 F1500 X216.9 Y226.9 E1615.59865
G1 X216.9 Y213.1 E1615.87405
G1 X216.1 Y213.1 E1615.89001
G1 X216.1 Y226.9 E1616.16541
G0 F9000 X215.7 Y227.3
;TYPE:WALL-OUTER
G1 F1500 X217.3 Y227.3 E1616.19734
G1 X217.3 Y212.7 E1616.4887
G1 X215.7 Y212.7 E1616.52063
G1 X215.7 Y227.3 E1616.81198
G1 F2700 E1611.81198
G0 F9000 X215.98 Y227.02
G0 X217.07 Y226.5
G0 X218.165 Y226.5
G0 X219.335 Y226.5
G0 X220.43 Y226.5
G0 X221 Y226.5
;TYPE:WALL-INNER
G1 F2700 E1616.81198
G1 F1500 X221 Y213.5 E1617.07141
G0 F9000 X220.88 Y226.62
G0 X220.6 Y226.9
G1 F1500 X221.4 Y226.9 E1617.08738
G1 X221.4 Y213.1 E1617.36277
G1 X220.6 Y213.1 E1617.37874
G1 X220.6 Y226.9 E1617.65413
G0 F9000 X220.2 Y227.3
;TYPE:WALL-OUTER
G1 F1500 X221.8 Y227.3 E1617.68606
G1 X221.8 Y212.7 E1617.97742
G1 X220.2 Y212.7 E1618.00935
G1 X220.2 Y227.3 E1618.30071
G1 F2700 E1613.30071
G0 F9000 X220.48 Y227.02
G0 X221.57 Y226.5
G0 X222.665 Y226.5
G0 X229.835 Y226.5
G0 X230.93 Y226.5
G0 X231.5 Y226.5
;TYPE:WALL-INNER
G1 F2700 E1618.30071
G1 F1500 X231.5 Y213.5 E1618.56014
G0 F9000 X231.38 Y226.62
G0 X231.1 Y226.9
G1 F1500 X231.9 Y226.9 E1618.5761
G1 X231.9 Y213.1 E1618.8515
G1 X231.1 Y213.1 E1618.86746
G1 X231.1 Y226.9 E1619.14285
G0 F9000 X230.7 Y227.3
;TYPE:WALL-OUTER
G1 F1500 X232.3 Y227.3 E1619.17478
G1 X232.3 Y212.7 E1619.46614
G1 X230.7 Y212.7 E1619.49807
G1 X230.7 Y227.3 E1619.78943
G1 F2700 E1614.78943
G0 F9000 X230.98 Y227.02
G0 X232.07 Y226.475
G0 X233.165 Y226.475
G0 X234.335 Y226.475
G0 X235.43 Y226.475
G0 X236.025 Y226.475
;TYPE:WALL-INNER
G1 F2700 E1619.78943
G1 F1333.3 X236.475 Y226.475 E1619.79953
G1 X236.475 Y213.525 E1620.09027
G1 X236.025 Y213.525 E1620.10037
G1 X236.025 Y226.475 E1620.39111
G0 F9000 X235.6 Y226.9
G1 F1500 X236.9 Y226.9 E1620.41705
G1 X236.9 Y213.1 E1620.69244
G1 X235.6 Y213.1 E1620.71839
G1 X235.6 Y226.9 E1620.99378
G0 F9000 X235.2 Y227.3
;TYPE:WALL-OUTER
G1 F1500 X237.3 Y227.3 E1621.03569
G1 X237.3 Y212.7 E1621.32705
G1 X235.2 Y212.7 E1621.36896
G1 X235.2 Y227.3 E1621.66031
G0 F9000 X236.092 Y226.29
G1 F2700 E1616.66031
;MESH:NONMESH
G0 F300 X236.092 Y226.29 Z2.76
G0 F9000 X235.43 Y213.5
G0 X234.335 Y213.5
G0 X233.153 Y211.847
G0 X129.347 Y211.847
G0 X128.165 Y213.5
G0 X127.07 Y213.5
G0 X126.5 Y213.5
;TIME_ELAPSED:3689.658851
;LAYER:22
;TYPE:WALL-INNER
;MESH:BusConnAssyAid.stl
G1 F2700 E1621.66031
G1 F1500 X126.5 Y226.5 E1621.91974
G0 F9000 X126.1 Y226.9
G1 F1500 X126.9 Y226.9 E1621.93571
G1 X126.9 Y213.1 E1622.2111
G1 X126.1 Y213.1 E1622.22707
G1 X126.1 Y226.9 E1622.50246
G0 F9000 X125.7 Y227.3
;TYPE:WALL-OUTER
G1 F1500 X127.3 Y227.3 E1622.53439
G1 X127.3 Y212.7 E1622.82575
G1 X125.7 Y212.7 E1622.85768
G1 X125.7 Y227.3 E1623.14904
G1 F2700 E1618.14904
G0 F9000 X125.98 Y227.02
G0 X127.07 Y226.5
G0 X128.165 Y226.5
G0 X129.335 Y226.5
G0 X130.43 Y226.5
G0 X131 Y226.5
;TYPE:WALL-INNER
G1 F2700 E1623.14904
G1 F1500 X131 Y213.5 E1623.40847
G0 F9000 X130.88 Y226.62
G0 X130.6 Y226.9
G1 F1500 X131.4 Y226.9 E1623.42443
G1 X131.4 Y213.1 E1623.69983
G1 X130.6 Y213.1 E1623.71579
G1 X130.6 Y226.9 E1623.99118
G0 F9000 X130.2 Y227.3
;TYPE:WALL-OUTER
G1 F1500 X131.8 Y227.3 E1624.02311
G1 X131.8 Y212.7 E1624.31447
G1 X130.2 Y212.7 E1624.3464
G1 X130.2 Y227.3 E1624.63776
G1 F2700 E1619.63776
G0 F9000 X130.48 Y227.02
G0 X131.57 Y226.5
G0 X132.665 Y226.5
G0 X139.835 Y226.5
G0 X140.93 Y226.5
G0 X141.5 Y226.5
;TYPE:WALL-INNER
G1 F2700 E1624.63776
G1 F1500 X141.5 Y213.5 E1624.89719
G0 F9000 X141.38 Y226.62
G0 X141.1 Y226.9
G1 F1500 X141.9 Y226.9 E1624.91316
G1 X141.9 Y213.1 E1625.18855
G1 X141.1 Y213.1 E1625.20451
G1 X141.1 Y226.9 E1625.47991
G0 F9000 X140.7 Y227.3
;TYPE:WALL-OUTER
G1 F1500 X142.3 Y227.3 E1625.51184
G1 X142.3 Y212.7 E1625.8032
G1 X140.7 Y212.7 E1625.83513
G1 X140.7 Y227.3 E1626.12649
G1 F2700 E1621.12649
G0 F9000 X140.98 Y227.02
G0 X142.07 Y226.5
G0 X143.165 Y226.5
G0 X144.335 Y226.5
G0 X145.43 Y226.5
G0 X146 Y226.5
;TYPE:WALL-INNER
G1 F2700 E1626.12649
G1 F1500 X146 Y213.5 E1626.38591
G0 F9000 X145.88 Y226.62
G0 X145.6 Y226.9
G1 F1500 X146.4 Y226.9 E1626.40188
G1 X146.4 Y213.1 E1626.67727
G1 X145.6 Y213.1 E1626.69324
G1 X145.6 Y226.9 E1626.96863
G0 F9000 X145.2 Y227.3
;TYPE:WALL-OUTER
G1 F1500 X146.8 Y227.3 E1627.00056
G1 X146.8 Y212.7 E1627.29192
G1 X145.2 Y212.7 E1627.32385
G1 X145.2 Y227.3 E1627.61521
G1 F2700 E1622.61521
G0 F9000 X145.48 Y227.02
G0 X146.57 Y226.5
G0 X147.665 Y226.5
G0 X154.835 Y226.5
G0 X155.93 Y226.5
G0 X156.5 Y226.5
;TYPE:WALL-INNER
G1 F2700 E1627.61521
G1 F1500 X156.5 Y213.5 E1627.87464
G0 F9000 X156.38 Y226.62
G0 X156.1 Y226.9
G1 F1500 X156.9 Y226.9 E1627.8906
G1 X156.9 Y213.1 E1628.166
G1 X156.1 Y213.1 E1628.18196
G1 X156.1 Y226.9 E1628.45736
G0 F9000 X155.7 Y227.3
;TYPE:WALL-OUTER
G1 F1500 X157.3 Y227.3 E1628.48929
G1 X157.3 Y212.7 E1628.78064
G1 X155.7 Y212.7 E1628.81257
G1 X155.7 Y227.3 E1629.10393
G1 F2700 E1624.10393
G0 F9000 X155.98 Y227.02
G0 X157.07 Y226.5
G0 X158.165 Y226.5
G0 X159.335 Y226.5
G0 X160.43 Y226.5
G0 X161 Y226.5
;TYPE:WALL-INNER
G1 F2700 E1629.10393
G1 F1500 X161 Y213.5 E1629.36336
G0 F9000 X160.88 Y226.62
G0 X160.6 Y226.9
G1 F1500 X161.4 Y226.9 E1629.37933
G1 X161.4 Y213.1 E1629.65472
G1 X160.6 Y213.1 E1629.67069
G1 X160.6 Y226.9 E1629.94608
G0 F9000 X160.2 Y227.3
;TYPE:WALL-OUTER
G1 F1500 X161.8 Y227.3 E1629.97801
G1 X161.8 Y212.7 E1630.26937
G1 X160.2 Y212.7 E1630.3013
G1 X160.2 Y227.3 E1630.59266
G1 F2700 E1625.59266
G0 F9000 X160.48 Y227.02
G0 X161.57 Y226.5
G0 X162.665 Y226.5
G0 X169.835 Y226.5
G0 X170.93 Y226.5
G0 X171.5 Y226.5
;TYPE:WALL-INNER
G1 F2700 E1630.59266
G1 F1500 X171.5 Y213.5 E1630.85209
G0 F9000 X171.38 Y226.62
G0 X171.1 Y226.9
G1 F1500 X171.9 Y226.9 E1630.86805
G1 X171.9 Y213.1 E1631.14344
G1 X171.1 Y213.1 E1631.15941
G1 X171.1 Y226.9 E1631.4348
G0 F9000 X170.7 Y227.3
;TYPE:WALL-OUTER
G1 F1500 X172.3 Y227.3 E1631.46673
G1 X172.3 Y212.7 E1631.75809
G1 X170.7 Y212.7 E1631.79002
G1 X170.7 Y227.3 E1632.08138
G1 F2700 E1627.08138
G0 F9000 X170.98 Y227.02
G0 X172.07 Y226.5
G0 X173.165 Y226.5
G0 X174.335 Y226.5
G0 X175.43 Y226.5
G0 X176 Y226.5
;TYPE:WALL-INNER
G1 F2700 E1632.08138
G1 F1500 X176 Y213.5 E1632.34081
G0 F9000 X175.88 Y226.62
G0 X175.6 Y226.9
G1 F1500 X176.4 Y226.9 E1632.35677
G1 X176.4 Y213.1 E1632.63217
G1 X175.6 Y213.1 E1632.64813
G1 X175.6 Y226.9 E1632.92353
G0 F9000 X175.2 Y227.3
;TYPE:WALL-OUTER
G1 F1500 X176.8 Y227.3 E1632.95546
G1 X176.8 Y212.7 E1633.24681
G1 X175.2 Y212.7 E1633.27874
G1 X175.2 Y227.3 E1633.5701
G1 F2700 E1628.5701
G0 F9000 X175.48 Y227.02
G0 X176.57 Y226.5
G0 X177.665 Y226.5
G0 X184.835 Y226.5
G0 X185.93 Y226.5
G0 X186.5 Y226.5
;TYPE:WALL-INNER
G1 F2700 E1633.5701
G1 F1500 X186.5 Y213.5 E1633.82953
G0 F9000 X186.38 Y226.62
G0 X186.1 Y226.9
G1 F1500 X186.9 Y226.9 E1633.8455
G1 X186.9 Y213.1 E1634.12089
G1 X186.1 Y213.1 E1634.13686
G1 X186.1 Y226.9 E1634.41225
G0 F9000 X185.7 Y227.3
;TYPE:WALL-OUTER
G1 F1500 X187.3 Y227.3 E1634.44418
G1 X187.3 Y212.7 E1634.73554
G1 X185.7 Y212.7 E1634.76747
G1 X185.7 Y227.3 E1635.05883
G1 F2700 E1630.05883
G0 F9000 X185.98 Y227.02
G0 X187.07 Y226.5
G0 X188.165 Y226.5
G0 X189.335 Y226.5
G0 X190.43 Y226.5
G0 X191 Y226.5
;TYPE:WALL-INNER
G1 F2700 E1635.05883
G1 F1500 X191 Y213.5 E1635.31826
G0 F9000 X190.88 Y226.62
G0 X190.6 Y226.9
G1 F1500 X191.4 Y226.9 E1635.33422
G1 X191.4 Y213.1 E1635.60961
G1 X190.6 Y213.1 E1635.62558
G1 X190.6 Y226.9 E1635.90097
G0 F9000 X190.2 Y227.3
;TYPE:WALL-OUTER
G1 F1500 X191.8 Y227.3 E1635.9329
G1 X191.8 Y212.7 E1636.22426
G1 X190.2 Y212.7 E1636.25619
G1 X190.2 Y227.3 E1636.54755
G1 F2700 E1631.54755
G0 F9000 X190.48 Y227.02
G0 X191.57 Y226.5
G0 X192.665 Y226.5
G0 X199.835 Y226.5
G0 X200.93 Y226.5
G0 X201.5 Y226.5
;TYPE:WALL-INNER
G1 F2700 E1636.54755
G1 F1500 X201.5 Y213.5 E1636.80698
G0 F9000 X201.38 Y226.62
G0 X201.1 Y226.9
G1 F1500 X201.9 Y226.9 E1636.82294
G1 X201.9 Y213.1 E1637.09834
G1 X201.1 Y213.1 E1637.1143
G1 X201.1 Y226.9 E1637.3897
G0 F9000 X200.7 Y227.3
;TYPE:WALL-OUTER
G1 F1500 X202.3 Y227.3 E1637.42163
G1 X202.3 Y212.7 E1637.71299
G1 X200.7 Y212.7 E1637.74492
G1 X200.7 Y227.3 E1638.03627
G1 F2700 E1633.03627
G0 F9000 X200.98 Y227.02
G0 X202.07 Y226.5
G0 X203.165 Y226.5
G0 X204.335 Y226.5
G0 X205.43 Y226.5
G0 X206 Y226.5
;TYPE:WALL-INNER
G1 F2700 E1638.03627
G1 F1500 X206 Y213.5 E1638.2957
G0 F9000 X205.88 Y226.62
G0 X205.6 Y226.9
G1 F1500 X206.4 Y226.9 E1638.31167
G1 X206.4 Y213.1 E1638.58706
G1 X205.6 Y213.1 E1638.60303
G1 X205.6 Y226.9 E1638.87842
G0 F9000 X205.2 Y227.3
;TYPE:WALL-OUTER
G1 F1500 X206.8 Y227.3 E1638.91035
G1 X206.8 Y212.7 E1639.20171
G1 X205.2 Y212.7 E1639.23364
G1 X205.2 Y227.3 E1639.525
G1 F2700 E1634.525
G0 F9000 X205.48 Y227.02
G0 X206.57 Y226.5
G0 X207.665 Y226.5
G0 X214.835 Y226.5
G0 X215.93 Y226.5
G0 X216.5 Y226.5
;TYPE:WALL-INNER
G1 F2700 E1639.525
G1 F1500 X216.5 Y213.5 E1639.78443
G0 F9000 X216.38 Y226.62
G0 X216.1 Y226.9
G1 F1500 X216.9 Y226.9 E1639.80039
G1 X216.9 Y213.1 E1640.07579
G1 X216.1 Y213.1 E1640.09175
G1 X216.1 Y226.9 E1640.36714
G0 F9000 X215.7 Y227.3
;TYPE:WALL-OUTER
G1 F1500 X217.3 Y227.3 E1640.39907
G1 X217.3 Y212.7 E1640.69043
G1 X215.7 Y212.7 E1640.72236
G1 X215.7 Y227.3 E1641.01372
G1 F2700 E1636.01372
G0 F9000 X215.98 Y227.02
G0 X217.07 Y226.5
G0 X218.165 Y226.5
G0 X219.335 Y226.5
G0 X220.43 Y226.5
G0 X221 Y226.5
;TYPE:WALL-INNER
G1 F2700 E1641.01372
G1 F1500 X221 Y213.5 E1641.27315
G0 F9000 X220.88 Y226.62
G0 X220.6 Y226.9
G1 F1500 X221.4 Y226.9 E1641.28912
G1 X221.4 Y213.1 E1641.56451
G1 X220.6 Y213.1 E1641.58047
G1 X220.6 Y226.9 E1641.85587
G0 F9000 X220.2 Y227.3
;TYPE:WALL-OUTER
G1 F1500 X221.8 Y227.3 E1641.8878
G1 X221.8 Y212.7 E1642.17916
G1 X220.2 Y212.7 E1642.21109
G1 X220.2 Y227.3 E1642.50245
G1 F2700 E1637.50245
G0 F9000 X220.48 Y227.02
G0 X221.57 Y226.5
G0 X222.665 Y226.5
G0 X229.835 Y226.5
G0 X230.93 Y226.5
G0 X231.5 Y226.5
;TYPE:WALL-INNER
G1 F2700 E1642.50245
G1 F1500 X231.5 Y213.5 E1642.76187
G0 F9000 X231.38 Y226.62
G0 X231.1 Y226.9
G1 F1500 X231.9 Y226.9 E1642.77784
G1 X231.9 Y213.1 E1643.05323
G1 X231.1 Y213.1 E1643.0692
G1 X231.1 Y226.9 E1643.34459
G0 F9000 X230.7 Y227.3
;TYPE:WALL-OUTER
G1 F1500 X232.3 Y227.3 E1643.37652
G1 X232.3 Y212.7 E1643.66788
G1 X230.7 Y212.7 E1643.69981
G1 X230.7 Y227.3 E1643.99117
G1 F2700 E1638.99117
G0 F9000 X230.98 Y227.02
G0 X232.07 Y226.475
G0 X233.165 Y226.475
G0 X234.335 Y226.475
G0 X235.43 Y226.475
G0 X236.025 Y226.475
;TYPE:WALL-INNER
G1 F2700 E1643.99117
G1 F1333.3 X236.475 Y226.475 E1644.00127
G1 X236.475 Y213.525 E1644.29201
G1 X236.025 Y213.525 E1644.30211
G1 X236.025 Y226.475 E1644.59284
G0 F9000 X235.6 Y226.9
G1 F1500 X236.9 Y226.9 E1644.61879
G1 X236.9 Y213.1 E1644.89418
G1 X235.6 Y213.1 E1644.92012
G1 X235.6 Y226.9 E1645.19552
G0 F9000 X235.2 Y227.3
;TYPE:WALL-OUTER
G1 F1500 X237.3 Y227.3 E1645.23743
G1 X237.3 Y212.7 E1645.52879
G1 X235.2 Y212.7 E1645.57069
G1 X235.2 Y227.3 E1645.86205
G0 F9000 X236.092 Y226.29
G1 F2700 E1640.86205
;MESH:NONMESH
G0 F300 X236.092 Y226.29 Z2.88
G0 F9000 X235.43 Y213.5
G0 X234.335 Y213.5
G0 X233.153 Y211.847
G0 X129.347 Y211.847
G0 X128.165 Y213.5
G0 X127.07 Y213.5
G0 X126.5 Y213.5
;TIME_ELAPSED:3758.949085
;LAYER:23
;TYPE:WALL-INNER
;MESH:BusConnAssyAid.stl
G1 F2700 E1645.86205
G1 F1500 X126.5 Y226.5 E1646.12148
G0 F9000 X126.1 Y226.9
G1 F1500 X126.9 Y226.9 E1646.13745
G1 X126.9 Y213.1 E1646.41284
G1 X126.1 Y213.1 E1646.4288
G1 X126.1 Y226.9 E1646.7042
G0 F9000 X125.7 Y227.3
;TYPE:WALL-OUTER
G1 F1500 X127.3 Y227.3 E1646.73613
G1 X127.3 Y212.7 E1647.02749
G1 X125.7 Y212.7 E1647.05942
G1 X125.7 Y227.3 E1647.35078
G1 F2700 E1642.35078
G0 F9000 X125.98 Y227.02
G0 X127.07 Y226.5
G0 X128.165 Y226.5
G0 X129.335 Y226.5
G0 X130.43 Y226.5
G0 X131 Y226.5
;TYPE:WALL-INNER
G1 F2700 E1647.35078
G1 F1500 X131 Y213.5 E1647.6102
G0 F9000 X130.88 Y226.62
G0 X130.6 Y226.9
G1 F1500 X131.4 Y226.9 E1647.62617
G1 X131.4 Y213.1 E1647.90156
G1 X130.6 Y213.1 E1647.91753
G1 X130.6 Y226.9 E1648.19292
G0 F9000 X130.2 Y227.3
;TYPE:WALL-OUTER
G1 F1500 X131.8 Y227.3 E1648.22485
G1 X131.8 Y212.7 E1648.51621
G1 X130.2 Y212.7 E1648.54814
G1 X130.2 Y227.3 E1648.8395
G1 F2700 E1643.8395
G0 F9000 X130.48 Y227.02
G0 X131.57 Y226.5
G0 X132.665 Y226.5
G0 X139.835 Y226.5
G0 X140.93 Y226.5
G0 X141.5 Y226.5
;TYPE:WALL-INNER
G1 F2700 E1648.8395
G1 F1500 X141.5 Y213.5 E1649.09893
G0 F9000 X141.38 Y226.62
G0 X141.1 Y226.9
G1 F1500 X141.9 Y226.9 E1649.11489
G1 X141.9 Y213.1 E1649.39029
G1 X141.1 Y213.1 E1649.40625
G1 X141.1 Y226.9 E1649.68165
G0 F9000 X140.7 Y227.3
;TYPE:WALL-OUTER
G1 F1500 X142.3 Y227.3 E1649.71358
G1 X142.3 Y212.7 E1650.00493
G1 X140.7 Y212.7 E1650.03686
G1 X140.7 Y227.3 E1650.32822
G1 F2700 E1645.32822
G0 F9000 X140.98 Y227.02
G0 X142.07 Y226.5
G0 X143.165 Y226.5
G0 X144.335 Y226.5
G0 X145.43 Y226.5
G0 X146 Y226.5
;TYPE:WALL-INNER
G1 F2700 E1650.32822
G1 F1500 X146 Y213.5 E1650.58765
G0 F9000 X145.88 Y226.62
G0 X145.6 Y226.9
G1 F1500 X146.4 Y226.9 E1650.60362
G1 X146.4 Y213.1 E1650.87901
G1 X145.6 Y213.1 E1650.89498
G1 X145.6 Y226.9 E1651.17037
G0 F9000 X145.2 Y227.3
;TYPE:WALL-OUTER
G1 F1500 X146.8 Y227.3 E1651.2023
G1 X146.8 Y212.7 E1651.49366
G1 X145.2 Y212.7 E1651.52559
G1 X145.2 Y227.3 E1651.81695
G1 F2700 E1646.81695
G0 F9000 X145.48 Y227.02
G0 X146.57 Y226.5
G0 X147.665 Y226.5
G0 X154.835 Y226.5
G0 X155.93 Y226.5
G0 X156.5 Y226.5
;TYPE:WALL-INNER
G1 F2700 E1651.81695
G1 F1500 X156.5 Y213.5 E1652.07638
G0 F9000 X156.38 Y226.62
G0 X156.1 Y226.9
G1 F1500 X156.9 Y226.9 E1652.09234
G1 X156.9 Y213.1 E1652.36773
G1 X156.1 Y213.1 E1652.3837
G1 X156.1 Y226.9 E1652.65909
G0 F9000 X155.7 Y227.3
;TYPE:WALL-OUTER
G1 F1500 X157.3 Y227.3 E1652.69102
G1 X157.3 Y212.7 E1652.98238
G1 X155.7 Y212.7 E1653.01431
G1 X155.7 Y227.3 E1653.30567
G1 F2700 E1648.30567
G0 F9000 X155.98 Y227.02
G0 X157.07 Y226.5
G0 X158.165 Y226.5
G0 X159.335 Y226.5
G0 X160.43 Y226.5
G0 X161 Y226.5
;TYPE:WALL-INNER
G1 F2700 E1653.30567
G1 F1500 X161 Y213.5 E1653.5651
G0 F9000 X160.88 Y226.62
G0 X160.6 Y226.9
G1 F1500 X161.4 Y226.9 E1653.58106
G1 X161.4 Y213.1 E1653.85646
G1 X160.6 Y213.1 E1653.87242
G1 X160.6 Y226.9 E1654.14782
G0 F9000 X160.2 Y227.3
;TYPE:WALL-OUTER
G1 F1500 X161.8 Y227.3 E1654.17975
G1 X161.8 Y212.7 E1654.4711
G1 X160.2 Y212.7 E1654.50303
G1 X160.2 Y227.3 E1654.79439
G1 F2700 E1649.79439
G0 F9000 X160.48 Y227.02
G0 X161.57 Y226.5
G0 X162.665 Y226.5
G0 X169.835 Y226.5
G0 X170.93 Y226.5
G0 X171.5 Y226.5
;TYPE:WALL-INNER
G1 F2700 E1654.79439
G1 F1500 X171.5 Y213.5 E1655.05382
G0 F9000 X171.38 Y226.62
G0 X171.1 Y226.9
G1 F1500 X171.9 Y226.9 E1655.06979
G1 X171.9 Y213.1 E1655.34518
G1 X171.1 Y213.1 E1655.36115
G1 X171.1 Y226.9 E1655.63654
G0 F9000 X170.7 Y227.3
;TYPE:WALL-OUTER
G1 F1500 X172.3 Y227.3 E1655.66847
G1 X172.3 Y212.7 E1655.95983
G1 X170.7 Y212.7 E1655.99176
G1 X170.7 Y227.3 E1656.28312
G1 F2700 E1651.28312
G0 F9000 X170.98 Y227.02
G0 X172.07 Y226.5
G0 X173.165 Y226.5
G0 X174.335 Y226.5
G0 X175.43 Y226.5
G0 X176 Y226.5
;TYPE:WALL-INNER
G1 F2700 E1656.28312
G1 F1500 X176 Y213.5 E1656.54255
G0 F9000 X175.88 Y226.62
G0 X175.6 Y226.9
G1 F1500 X176.4 Y226.9 E1656.55851
G1 X176.4 Y213.1 E1656.8339
G1 X175.6 Y213.1 E1656.84987
G1 X175.6 Y226.9 E1657.12526
G0 F9000 X175.2 Y227.3
;TYPE:WALL-OUTER
G1 F1500 X176.8 Y227.3 E1657.15719
G1 X176.8 Y212.7 E1657.44855
G1 X175.2 Y212.7 E1657.48048
G1 X175.2 Y227.3 E1657.77184
G1 F2700 E1652.77184
G0 F9000 X175.48 Y227.02
G0 X176.57 Y226.5
G0 X177.665 Y226.5
G0 X184.835 Y226.5
G0 X185.93 Y226.5
G0 X186.5 Y226.5
;TYPE:WALL-INNER
G1 F2700 E1657.77184
G1 F1500 X186.5 Y213.5 E1658.03127
G0 F9000 X186.38 Y226.62
G0 X186.1 Y226.9
G1 F1500 X186.9 Y226.9 E1658.04723
G1 X186.9 Y213.1 E1658.32263
G1 X186.1 Y213.1 E1658.33859
G1 X186.1 Y226.9 E1658.61399
G0 F9000 X185.7 Y227.3
;TYPE:WALL-OUTER
G1 F1500 X187.3 Y227.3 E1658.64592
G1 X187.3 Y212.7 E1658.93728
G1 X185.7 Y212.7 E1658.96921
G1 X185.7 Y227.3 E1659.26056
G1 F2700 E1654.26056
G0 F9000 X185.98 Y227.02
G0 X187.07 Y226.5
G0 X188.165 Y226.5
G0 X189.335 Y226.5
G0 X190.43 Y226.5
G0 X191 Y226.5
;TYPE:WALL-INNER
G1 F2700 E1659.26056
G1 F1500 X191 Y213.5 E1659.51999
G0 F9000 X190.88 Y226.62
G0 X190.6 Y226.9
G1 F1500 X191.4 Y226.9 E1659.53596
G1 X191.4 Y213.1 E1659.81135
G1 X190.6 Y213.1 E1659.82732
G1 X190.6 Y226.9 E1660.10271
G0 F9000 X190.2 Y227.3
;TYPE:WALL-OUTER
G1 F1500 X191.8 Y227.3 E1660.13464
G1 X191.8 Y212.7 E1660.426
G1 X190.2 Y212.7 E1660.45793
G1 X190.2 Y227.3 E1660.74929
G1 F2700 E1655.74929
G0 F9000 X190.48 Y227.02
G0 X191.57 Y226.5
G0 X192.665 Y226.5
G0 X199.835 Y226.5
G0 X200.93 Y226.5
G0 X201.5 Y226.5
;TYPE:WALL-INNER
G1 F2700 E1660.74929
G1 F1500 X201.5 Y213.5 E1661.00872
G0 F9000 X201.38 Y226.62
G0 X201.1 Y226.9
G1 F1500 X201.9 Y226.9 E1661.02468
G1 X201.9 Y213.1 E1661.30008
G1 X201.1 Y213.1 E1661.31604
G1 X201.1 Y226.9 E1661.59143
G0 F9000 X200.7 Y227.3
;TYPE:WALL-OUTER
G1 F1500 X202.3 Y227.3 E1661.62336
G1 X202.3 Y212.7 E1661.91472
G1 X200.7 Y212.7 E1661.94665
G1 X200.7 Y227.3 E1662.23801
G1 F2700 E1657.23801
G0 F9000 X200.98 Y227.02
G0 X202.07 Y226.5
G0 X203.165 Y226.5
G0 X204.335 Y226.5
G0 X205.43 Y226.5
G0 X206 Y226.5
;TYPE:WALL-INNER
G1 F2700 E1662.23801
G1 F1500 X206 Y213.5 E1662.49744
G0 F9000 X205.88 Y226.62
G0 X205.6 Y226.9
G1 F1500 X206.4 Y226.9 E1662.51341
G1 X206.4 Y213.1 E1662.7888
G1 X205.6 Y213.1 E1662.80476
G1 X205.6 Y226.9 E1663.08016
G0 F9000 X205.2 Y227.3
;TYPE:WALL-OUTER
G1 F1500 X206.8 Y227.3 E1663.11209
G1 X206.8 Y212.7 E1663.40345
G1 X205.2 Y212.7 E1663.43538
G1 X205.2 Y227.3 E1663.72674
G1 F2700 E1658.72674
G0 F9000 X205.48 Y227.02
G0 X206.57 Y226.5
G0 X207.665 Y226.5
G0 X214.835 Y226.5
G0 X215.93 Y226.5
G0 X216.5 Y226.5
;TYPE:WALL-INNER
G1 F2700 E1663.72674
G1 F1500 X216.5 Y213.5 E1663.98616
G0 F9000 X216.38 Y226.62
G0 X216.1 Y226.9
G1 F1500 X216.9 Y226.9 E1664.00213
G1 X216.9 Y213.1 E1664.27752
G1 X216.1 Y213.1 E1664.29349
G1 X216.1 Y226.9 E1664.56888
G0 F9000 X215.7 Y227.3
;TYPE:WALL-OUTER
G1 F1500 X217.3 Y227.3 E1664.60081
G1 X217.3 Y212.7 E1664.89217
G1 X215.7 Y212.7 E1664.9241
G1 X215.7 Y227.3 E1665.21546
G1 F2700 E1660.21546
G0 F9000 X215.98 Y227.02
G0 X217.07 Y226.5
G0 X218.165 Y226.5
G0 X219.335 Y226.5
G0 X220.43 Y226.5
G0 X221 Y226.5
;TYPE:WALL-INNER
G1 F2700 E1665.21546
G1 F1500 X221 Y213.5 E1665.47489
G0 F9000 X220.88 Y226.62
G0 X220.6 Y226.9
G1 F1500 X221.4 Y226.9 E1665.49085
G1 X221.4 Y213.1 E1665.76625
G1 X220.6 Y213.1 E1665.78221
G1 X220.6 Y226.9 E1666.05761
G0 F9000 X220.2 Y227.3
;TYPE:WALL-OUTER
G1 F1500 X221.8 Y227.3 E1666.08954
G1 X221.8 Y212.7 E1666.38089
G1 X220.2 Y212.7 E1666.41282
G1 X220.2 Y227.3 E1666.70418
G1 F2700 E1661.70418
G0 F9000 X220.48 Y227.02
G0 X221.57 Y226.5
G0 X222.665 Y226.5
G0 X229.835 Y226.5
G0 X230.93 Y226.5
G0 X231.5 Y226.5
;TYPE:WALL-INNER
G1 F2700 E1666.70418
G1 F1500 X231.5 Y213.5 E1666.96361
G0 F9000 X231.38 Y226.62
G0 X231.1 Y226.9
G1 F1500 X231.9 Y226.9 E1666.97958
G1 X231.9 Y213.1 E1667.25497
G1 X231.1 Y213.1 E1667.27094
G1 X231.1 Y226.9 E1667.54633
G0 F9000 X230.7 Y227.3
;TYPE:WALL-OUTER
G1 F1500 X232.3 Y227.3 E1667.57826
G1 X232.3 Y212.7 E1667.86962
G1 X230.7 Y212.7 E1667.90155
G1 X230.7 Y227.3 E1668.19291
G1 F2700 E1663.19291
G0 F9000 X230.98 Y227.02
G0 X232.07 Y226.475
G0 X233.165 Y226.475
G0 X234.335 Y226.475
G0 X235.43 Y226.475
G0 X236.025 Y226.475
;TYPE:WALL-INNER
G1 F2700 E1668.19291
G1 F1333.3 X236.475 Y226.475 E1668.20301
G1 X236.475 Y213.525 E1668.49374
G1 X236.025 Y213.525 E1668.50385
G1 X236.025 Y226.475 E1668.79458
G0 F9000 X235.6 Y226.9
G1 F1500 X236.9 Y226.9 E1668.82052
G1 X236.9 Y213.1 E1669.09592
G1 X235.6 Y213.1 E1669.12186
G1 X235.6 Y226.9 E1669.39726
G0 F9000 X235.2 Y227.3
;TYPE:WALL-OUTER
G1 F1500 X237.3 Y227.3 E1669.43916
G1 X237.3 Y212.7 E1669.73052
G1 X235.2 Y212.7 E1669.77243
G1 X235.2 Y227.3 E1670.06379
G0 F9000 X236.092 Y226.29
G1 F2700 E1665.06379
;MESH:NONMESH
G0 F300 X236.092 Y226.29 Z3
G0 F9000 X235.43 Y213.5
G0 X234.335 Y213.5
G0 X233.153 Y211.847
G0 X129.347 Y211.847
G0 X128.165 Y213.5
G0 X127.07 Y213.5
G0 X126.5 Y213.5
;TIME_ELAPSED:3828.239319
;LAYER:24
;TYPE:WALL-INNER
;MESH:BusConnAssyAid.stl
G1 F2700 E1670.06379
G1 F1500 X126.5 Y226.5 E1670.32322
G0 F9000 X126.1 Y226.9
G1 F1500 X126.9 Y226.9 E1670.33918
G1 X126.9 Y213.1 E1670.61458
G1 X126.1 Y213.1 E1670.63054
G1 X126.1 Y226.9 E1670.90594
G0 F9000 X125.7 Y227.3
;TYPE:WALL-OUTER
G1 F1500 X127.3 Y227.3 E1670.93787
G1 X127.3 Y212.7 E1671.22922
G1 X125.7 Y212.7 E1671.26115
G1 X125.7 Y227.3 E1671.55251
G1 F2700 E1666.55251
G0 F9000 X125.98 Y227.02
G0 X127.07 Y226.5
G0 X128.165 Y226.5
G0 X129.335 Y226.5
G0 X130.43 Y226.5
G0 X131 Y226.5
;TYPE:WALL-INNER
G1 F2700 E1671.55251
G1 F1500 X131 Y213.5 E1671.81194
G0 F9000 X130.88 Y226.62
G0 X130.6 Y226.9
G1 F1500 X131.4 Y226.9 E1671.82791
G1 X131.4 Y213.1 E1672.1033
G1 X130.6 Y213.1 E1672.11927
G1 X130.6 Y226.9 E1672.39466
G0 F9000 X130.2 Y227.3
;TYPE:WALL-OUTER
G1 F1500 X131.8 Y227.3 E1672.42659
G1 X131.8 Y212.7 E1672.71795
G1 X130.2 Y212.7 E1672.74988
G1 X130.2 Y227.3 E1673.04124
G1 F2700 E1668.04124
G0 F9000 X130.48 Y227.02
G0 X131.57 Y226.5
G0 X132.665 Y226.5
G0 X139.835 Y226.5
G0 X140.93 Y226.5
G0 X141.5 Y226.5
;TYPE:WALL-INNER
G1 F2700 E1673.04124
G1 F1500 X141.5 Y213.5 E1673.30067
G0 F9000 X141.38 Y226.62
G0 X141.1 Y226.9
G1 F1500 X141.9 Y226.9 E1673.31663
G1 X141.9 Y213.1 E1673.59202
G1 X141.1 Y213.1 E1673.60799
G1 X141.1 Y226.9 E1673.88338
G0 F9000 X140.7 Y227.3
;TYPE:WALL-OUTER
G1 F1500 X142.3 Y227.3 E1673.91531
G1 X142.3 Y212.7 E1674.20667
G1 X140.7 Y212.7 E1674.2386
G1 X140.7 Y227.3 E1674.52996
G1 F2700 E1669.52996
G0 F9000 X140.98 Y227.02
G0 X142.07 Y226.5
G0 X143.165 Y226.5
G0 X144.335 Y226.5
G0 X145.43 Y226.5
G0 X146 Y226.5
;TYPE:WALL-INNER
G1 F2700 E1674.52996
G1 F1500 X146 Y213.5 E1674.78939
G0 F9000 X145.88 Y226.62
G0 X145.6 Y226.9
G1 F1500 X146.4 Y226.9 E1674.80535
G1 X146.4 Y213.1 E1675.08075
G1 X145.6 Y213.1 E1675.09671
G1 X145.6 Y226.9 E1675.37211
G0 F9000 X145.2 Y227.3
;TYPE:WALL-OUTER
G1 F1500 X146.8 Y227.3 E1675.40404
G1 X146.8 Y212.7 E1675.69539
G1 X145.2 Y212.7 E1675.72732
G1 X145.2 Y227.3 E1676.01868
G1 F2700 E1671.01868
G0 F9000 X145.48 Y227.02
G0 X146.57 Y226.5
G0 X147.665 Y226.5
G0 X154.835 Y226.5
G0 X155.93 Y226.5
G0 X156.5 Y226.5
;TYPE:WALL-INNER
G1 F2700 E1676.01868
G1 F1500 X156.5 Y213.5 E1676.27811
G0 F9000 X156.38 Y226.62
G0 X156.1 Y226.9
G1 F1500 X156.9 Y226.9 E1676.29408
G1 X156.9 Y213.1 E1676.56947
G1 X156.1 Y213.1 E1676.58544
G1 X156.1 Y226.9 E1676.86083
G0 F9000 X155.7 Y227.3
;TYPE:WALL-OUTER
G1 F1500 X157.3 Y227.3 E1676.89276
G1 X157.3 Y212.7 E1677.18412
G1 X155.7 Y212.7 E1677.21605
G1 X155.7 Y227.3 E1677.50741
G1 F2700 E1672.50741
G0 F9000 X155.98 Y227.02
G0 X157.07 Y226.5
G0 X158.165 Y226.5
G0 X159.335 Y226.5
G0 X160.43 Y226.5
G0 X161 Y226.5
;TYPE:WALL-INNER
G1 F2700 E1677.50741
G1 F1500 X161 Y213.5 E1677.76684
G0 F9000 X160.88 Y226.62
G0 X160.6 Y226.9
G1 F1500 X161.4 Y226.9 E1677.7828
G1 X161.4 Y213.1 E1678.05819
G1 X160.6 Y213.1 E1678.07416
G1 X160.6 Y226.9 E1678.34955
G0 F9000 X160.2 Y227.3
;TYPE:WALL-OUTER
G1 F1500 X161.8 Y227.3 E1678.38148
G1 X161.8 Y212.7 E1678.67284
G1 X160.2 Y212.7 E1678.70477
G1 X160.2 Y227.3 E1678.99613
G1 F2700 E1673.99613
G0 F9000 X160.48 Y227.02
G0 X161.57 Y226.5
G0 X162.665 Y226.5
G0 X169.835 Y226.5
G0 X170.93 Y226.5
G0 X171.5 Y226.5
;TYPE:WALL-INNER
G1 F2700 E1678.99613
G1 F1500 X171.5 Y213.5 E1679.25556
G0 F9000 X171.38 Y226.62
G0 X171.1 Y226.9
G1 F1500 X171.9 Y226.9 E1679.27152
G1 X171.9 Y213.1 E1679.54692
G1 X171.1 Y213.1 E1679.56288
G1 X171.1 Y226.9 E1679.83828
G0 F9000 X170.7 Y227.3
;TYPE:WALL-OUTER
G1 F1500 X172.3 Y227.3 E1679.87021
G1 X172.3 Y212.7 E1680.16157
G1 X170.7 Y212.7 E1680.1935
G1 X170.7 Y227.3 E1680.48485
G1 F2700 E1675.48485
G0 F9000 X170.98 Y227.02
G0 X172.07 Y226.5
G0 X173.165 Y226.5
G0 X174.335 Y226.5
G0 X175.43 Y226.5
G0 X176 Y226.5
;TYPE:WALL-INNER
G1 F2700 E1680.48485
G1 F1500 X176 Y213.5 E1680.74428
G0 F9000 X175.88 Y226.62
G0 X175.6 Y226.9
G1 F1500 X176.4 Y226.9 E1680.76025
G1 X176.4 Y213.1 E1681.03564
G1 X175.6 Y213.1 E1681.05161
G1 X175.6 Y226.9 E1681.327
G0 F9000 X175.2 Y227.3
;TYPE:WALL-OUTER
G1 F1500 X176.8 Y227.3 E1681.35893
G1 X176.8 Y212.7 E1681.65029
G1 X175.2 Y212.7 E1681.68222
G1 X175.2 Y227.3 E1681.97358
G1 F2700 E1676.97358
G0 F9000 X175.48 Y227.02
G0 X176.57 Y226.5
G0 X177.665 Y226.5
G0 X184.835 Y226.5
G0 X185.93 Y226.5
G0 X186.5 Y226.5
;TYPE:WALL-INNER
G1 F2700 E1681.97358
G1 F1500 X186.5 Y213.5 E1682.23301
G0 F9000 X186.38 Y226.62
G0 X186.1 Y226.9
G1 F1500 X186.9 Y226.9 E1682.24897
G1 X186.9 Y213.1 E1682.52437
G1 X186.1 Y213.1 E1682.54033
G1 X186.1 Y226.9 E1682.81572
G0 F9000 X185.7 Y227.3
;TYPE:WALL-OUTER
G1 F1500 X187.3 Y227.3 E1682.84765
G1 X187.3 Y212.7 E1683.13901
G1 X185.7 Y212.7 E1683.17094
G1 X185.7 Y227.3 E1683.4623
G1 F2700 E1678.4623
G0 F9000 X185.98 Y227.02
G0 X187.07 Y226.5
G0 X188.165 Y226.5
G0 X189.335 Y226.5
G0 X190.43 Y226.5
G0 X191 Y226.5
;TYPE:WALL-INNER
G1 F2700 E1683.4623
G1 F1500 X191 Y213.5 E1683.72173
G0 F9000 X190.88 Y226.62
G0 X190.6 Y226.9
G1 F1500 X191.4 Y226.9 E1683.7377
G1 X191.4 Y213.1 E1684.01309
G1 X190.6 Y213.1 E1684.02905
G1 X190.6 Y226.9 E1684.30445
G0 F9000 X190.2 Y227.3
;TYPE:WALL-OUTER
G1 F1500 X191.8 Y227.3 E1684.33638
G1 X191.8 Y212.7 E1684.62774
G1 X190.2 Y212.7 E1684.65967
G1 X190.2 Y227.3 E1684.95103
G1 F2700 E1679.95103
G0 F9000 X190.48 Y227.02
G0 X191.57 Y226.5
G0 X192.665 Y226.5
G0 X199.835 Y226.5
G0 X200.93 Y226.5
G0 X201.5 Y226.5
;TYPE:WALL-INNER
G1 F2700 E1684.95103
G1 F1500 X201.5 Y213.5 E1685.21045
G0 F9000 X201.38 Y226.62
G0 X201.1 Y226.9
G1 F1500 X201.9 Y226.9 E1685.22642
G1 X201.9 Y213.1 E1685.50181
G1 X201.1 Y213.1 E1685.51778
G1 X201.1 Y226.9 E1685.79317
G0 F9000 X200.7 Y227.3
;TYPE:WALL-OUTER
G1 F1500 X202.3 Y227.3 E1685.8251
G1 X202.3 Y212.7 E1686.11646
G1 X200.7 Y212.7 E1686.14839
G1 X200.7 Y227.3 E1686.43975
G1 F2700 E1681.43975
G0 F9000 X200.98 Y227.02
G0 X202.07 Y226.5
G0 X203.165 Y226.5
G0 X204.335 Y226.5
G0 X205.43 Y226.5
G0 X206 Y226.5
;TYPE:WALL-INNER
G1 F2700 E1686.43975
G1 F1500 X206 Y213.5 E1686.69918
G0 F9000 X205.88 Y226.62
G0 X205.6 Y226.9
G1 F1500 X206.4 Y226.9 E1686.71514
G1 X206.4 Y213.1 E1686.99054
G1 X205.6 Y213.1 E1687.0065
G1 X205.6 Y226.9 E1687.2819
G0 F9000 X205.2 Y227.3
;TYPE:WALL-OUTER
G1 F1500 X206.8 Y227.3 E1687.31383
G1 X206.8 Y212.7 E1687.60518
G1 X205.2 Y212.7 E1687.63711
G1 X205.2 Y227.3 E1687.92847
G1 F2700 E1682.92847
G0 F9000 X205.48 Y227.02
G0 X206.57 Y226.5
G0 X207.665 Y226.5
G0 X214.835 Y226.5
G0 X215.93 Y226.5
G0 X216.5 Y226.5
;TYPE:WALL-INNER
G1 F2700 E1687.92847
G1 F1500 X216.5 Y213.5 E1688.1879
G0 F9000 X216.38 Y226.62
G0 X216.1 Y226.9
G1 F1500 X216.9 Y226.9 E1688.20387
G1 X216.9 Y213.1 E1688.47926
G1 X216.1 Y213.1 E1688.49523
G1 X216.1 Y226.9 E1688.77062
G0 F9000 X215.7 Y227.3
;TYPE:WALL-OUTER
G1 F1500 X217.3 Y227.3 E1688.80255
G1 X217.3 Y212.7 E1689.09391
G1 X215.7 Y212.7 E1689.12584
G1 X215.7 Y227.3 E1689.4172
G1 F2700 E1684.4172
G0 F9000 X215.98 Y227.02
G0 X217.07 Y226.5
G0 X218.165 Y226.5
G0 X219.335 Y226.5
G0 X220.43 Y226.5
G0 X221 Y226.5
;TYPE:WALL-INNER
G1 F2700 E1689.4172
G1 F1500 X221 Y213.5 E1689.67663
G0 F9000 X220.88 Y226.62
G0 X220.6 Y226.9
G1 F1500 X221.4 Y226.9 E1689.69259
G1 X221.4 Y213.1 E1689.96798
G1 X220.6 Y213.1 E1689.98395
G1 X220.6 Y226.9 E1690.25934
G0 F9000 X220.2 Y227.3
;TYPE:WALL-OUTER
G1 F1500 X221.8 Y227.3 E1690.29127
G1 X221.8 Y212.7 E1690.58263
G1 X220.2 Y212.7 E1690.61456
G1 X220.2 Y227.3 E1690.90592
G1 F2700 E1685.90592
G0 F9000 X220.48 Y227.02
G0 X221.57 Y226.5
G0 X222.665 Y226.5
G0 X229.835 Y226.5
G0 X230.93 Y226.5
G0 X231.5 Y226.5
;TYPE:WALL-INNER
G1 F2700 E1690.90592
G1 F1500 X231.5 Y213.5 E1691.16535
G0 F9000 X231.38 Y226.62
G0 X231.1 Y226.9
G1 F1500 X231.9 Y226.9 E1691.18131
G1 X231.9 Y213.1 E1691.45671
G1 X231.1 Y213.1 E1691.47267
G1 X231.1 Y226.9 E1691.74807
G0 F9000 X230.7 Y227.3
;TYPE:WALL-OUTER
G1 F1500 X232.3 Y227.3 E1691.78
G1 X232.3 Y212.7 E1692.07135
G1 X230.7 Y212.7 E1692.10328
G1 X230.7 Y227.3 E1692.39464
G1 F2700 E1687.39464
G0 F9000 X230.98 Y227.02
G0 X232.07 Y226.475
G0 X233.165 Y226.475
G0 X234.335 Y226.475
G0 X235.43 Y226.475
G0 X236.025 Y226.475
;TYPE:WALL-INNER
G1 F2700 E1692.39464
G1 F1333.3 X236.475 Y226.475 E1692.40475
G1 X236.475 Y213.525 E1692.69548
G1 X236.025 Y213.525 E1692.70558
G1 X236.025 Y226.475 E1692.99632
G0 F9000 X235.6 Y226.9
G1 F1500 X236.9 Y226.9 E1693.02226
G1 X236.9 Y213.1 E1693.29766
G1 X235.6 Y213.1 E1693.3236
G1 X235.6 Y226.9 E1693.59899
G0 F9000 X235.2 Y227.3
;TYPE:WALL-OUTER
G1 F1500 X237.3 Y227.3 E1693.6409
G1 X237.3 Y212.7 E1693.93226
G1 X235.2 Y212.7 E1693.97417
G1 X235.2 Y227.3 E1694.26553
G0 F9000 X236.092 Y226.29
G1 F2700 E1689.26553
;MESH:NONMESH
G0 F300 X236.092 Y226.29 Z3.12
G0 F9000 X235.43 Y213.5
G0 X234.335 Y213.5
G0 X233.153 Y211.847
G0 X129.347 Y211.847
G0 X128.165 Y213.5
G0 X127.07 Y213.5
G0 X126.5 Y213.5
;TIME_ELAPSED:3897.529553
;LAYER:25
;TYPE:WALL-INNER
;MESH:BusConnAssyAid.stl
G1 F2700 E1694.26553
G1 F1500 X126.5 Y226.5 E1694.52496
G0 F9000 X126.1 Y226.9
G1 F1500 X126.9 Y226.9 E1694.54092
G1 X126.9 Y213.1 E1694.81631
G1 X126.1 Y213.1 E1694.83228
G1 X126.1 Y226.9 E1695.10767
G0 F9000 X125.7 Y227.3
;TYPE:WALL-OUTER
G1 F1500 X127.3 Y227.3 E1695.1396
G1 X127.3 Y212.7 E1695.43096
G1 X125.7 Y212.7 E1695.46289
G1 X125.7 Y227.3 E1695.75425
G1 F2700 E1690.75425
G0 F9000 X125.98 Y227.02
G0 X127.07 Y226.5
G0 X128.165 Y226.5
G0 X129.335 Y226.5
G0 X130.43 Y226.5
G0 X131 Y226.5
;TYPE:WALL-INNER
G1 F2700 E1695.75425
G1 F1500 X131 Y213.5 E1696.01368
G0 F9000 X130.88 Y226.62
G0 X130.6 Y226.9
G1 F1500 X131.4 Y226.9 E1696.02964
G1 X131.4 Y213.1 E1696.30504
G1 X130.6 Y213.1 E1696.321
G1 X130.6 Y226.9 E1696.5964
G0 F9000 X130.2 Y227.3
;TYPE:WALL-OUTER
G1 F1500 X131.8 Y227.3 E1696.62833
G1 X131.8 Y212.7 E1696.91968
G1 X130.2 Y212.7 E1696.95161
G1 X130.2 Y227.3 E1697.24297
G1 F2700 E1692.24297
G0 F9000 X130.48 Y227.02
G0 X131.57 Y226.5
G0 X132.665 Y226.5
G0 X139.835 Y226.5
G0 X140.93 Y226.5
G0 X141.5 Y226.5
;TYPE:WALL-INNER
G1 F2700 E1697.24297
G1 F1500 X141.5 Y213.5 E1697.5024
G0 F9000 X141.38 Y226.62
G0 X141.1 Y226.9
G1 F1500 X141.9 Y226.9 E1697.51837
G1 X141.9 Y213.1 E1697.79376
G1 X141.1 Y213.1 E1697.80973
G1 X141.1 Y226.9 E1698.08512
G0 F9000 X140.7 Y227.3
;TYPE:WALL-OUTER
G1 F1500 X142.3 Y227.3 E1698.11705
G1 X142.3 Y212.7 E1698.40841
G1 X140.7 Y212.7 E1698.44034
G1 X140.7 Y227.3 E1698.7317
G1 F2700 E1693.7317
G0 F9000 X140.98 Y227.02
G0 X142.07 Y226.5
G0 X143.165 Y226.5
G0 X144.335 Y226.5
G0 X145.43 Y226.5
G0 X146 Y226.5
;TYPE:WALL-INNER
G1 F2700 E1698.7317
G1 F1500 X146 Y213.5 E1698.99113
G0 F9000 X145.88 Y226.62
G0 X145.6 Y226.9
G1 F1500 X146.4 Y226.9 E1699.00709
G1 X146.4 Y213.1 E1699.28248
G1 X145.6 Y213.1 E1699.29845
G1 X145.6 Y226.9 E1699.57384
G0 F9000 X145.2 Y227.3
;TYPE:WALL-OUTER
G1 F1500 X146.8 Y227.3 E1699.60577
G1 X146.8 Y212.7 E1699.89713
G1 X145.2 Y212.7 E1699.92906
G1 X145.2 Y227.3 E1700.22042
G1 F2700 E1695.22042
G0 F9000 X145.48 Y227.02
G0 X146.57 Y226.5
G0 X147.665 Y226.5
G0 X154.835 Y226.5
G0 X155.93 Y226.5
G0 X156.5 Y226.5
;TYPE:WALL-INNER
G1 F2700 E1700.22042
G1 F1500 X156.5 Y213.5 E1700.47985
G0 F9000 X156.38 Y226.62
G0 X156.1 Y226.9
G1 F1500 X156.9 Y226.9 E1700.49581
G1 X156.9 Y213.1 E1700.77121
G1 X156.1 Y213.1 E1700.78717
G1 X156.1 Y226.9 E1701.06257
G0 F9000 X155.7 Y227.3
;TYPE:WALL-OUTER
G1 F1500 X157.3 Y227.3 E1701.0945
G1 X157.3 Y212.7 E1701.38586
G1 X155.7 Y212.7 E1701.41779
G1 X155.7 Y227.3 E1701.70914
G1 F2700 E1696.70914
G0 F9000 X155.98 Y227.02
G0 X157.07 Y226.5
G0 X158.165 Y226.5
G0 X159.335 Y226.5
G0 X160.43 Y226.5
G0 X161 Y226.5
;TYPE:WALL-INNER
G1 F2700 E1701.70914
G1 F1500 X161 Y213.5 E1701.96857
G0 F9000 X160.88 Y226.62
G0 X160.6 Y226.9
G1 F1500 X161.4 Y226.9 E1701.98454
G1 X161.4 Y213.1 E1702.25993
G1 X160.6 Y213.1 E1702.2759
G1 X160.6 Y226.9 E1702.55129
G0 F9000 X160.2 Y227.3
;TYPE:WALL-OUTER
G1 F1500 X161.8 Y227.3 E1702.58322
G1 X161.8 Y212.7 E1702.87458
G1 X160.2 Y212.7 E1702.90651
G1 X160.2 Y227.3 E1703.19787
G1 F2700 E1698.19787
G0 F9000 X160.48 Y227.02
G0 X161.57 Y226.5
G0 X162.665 Y226.5
G0 X169.835 Y226.5
G0 X170.93 Y226.5
G0 X171.5 Y226.5
;TYPE:WALL-INNER
G1 F2700 E1703.19787
G1 F1500 X171.5 Y213.5 E1703.4573
G0 F9000 X171.38 Y226.62
G0 X171.1 Y226.9
G1 F1500 X171.9 Y226.9 E1703.47326
G1 X171.9 Y213.1 E1703.74866
G1 X171.1 Y213.1 E1703.76462
G1 X171.1 Y226.9 E1704.04001
G0 F9000 X170.7 Y227.3
;TYPE:WALL-OUTER
G1 F1500 X172.3 Y227.3 E1704.07194
G1 X172.3 Y212.7 E1704.3633
G1 X170.7 Y212.7 E1704.39523
G1 X170.7 Y227.3 E1704.68659
G1 F2700 E1699.68659
G0 F9000 X170.98 Y227.02
G0 X172.07 Y226.5
G0 X173.165 Y226.5
G0 X174.335 Y226.5
G0 X175.43 Y226.5
G0 X176 Y226.5
;TYPE:WALL-INNER
G1 F2700 E1704.68659
G1 F1500 X176 Y213.5 E1704.94602
G0 F9000 X175.88 Y226.62
G0 X175.6 Y226.9
G1 F1500 X176.4 Y226.9 E1704.96199
G1 X176.4 Y213.1 E1705.23738
G1 X175.6 Y213.1 E1705.25334
G1 X175.6 Y226.9 E1705.52874
G0 F9000 X175.2 Y227.3
;TYPE:WALL-OUTER
G1 F1500 X176.8 Y227.3 E1705.56067
G1 X176.8 Y212.7 E1705.85203
G1 X175.2 Y212.7 E1705.88396
G1 X175.2 Y227.3 E1706.17532
G1 F2700 E1701.17532
G0 F9000 X175.48 Y227.02
G0 X176.57 Y226.5
G0 X177.665 Y226.5
G0 X184.835 Y226.5
G0 X185.93 Y226.5
G0 X186.5 Y226.5
;TYPE:WALL-INNER
G1 F2700 E1706.17532
G1 F1500 X186.5 Y213.5 E1706.43474
G0 F9000 X186.38 Y226.62
G0 X186.1 Y226.9
G1 F1500 X186.9 Y226.9 E1706.45071
G1 X186.9 Y213.1 E1706.7261
G1 X186.1 Y213.1 E1706.74207
G1 X186.1 Y226.9 E1707.01746
G0 F9000 X185.7 Y227.3
;TYPE:WALL-OUTER
G1 F1500 X187.3 Y227.3 E1707.04939
G1 X187.3 Y212.7 E1707.34075
G1 X185.7 Y212.7 E1707.37268
G1 X185.7 Y227.3 E1707.66404
G1 F2700 E1702.66404
G0 F9000 X185.98 Y227.02
G0 X187.07 Y226.5
G0 X188.165 Y226.5
G0 X189.335 Y226.5
G0 X190.43 Y226.5
G0 X191 Y226.5
;TYPE:WALL-INNER
G1 F2700 E1707.66404
G1 F1500 X191 Y213.5 E1707.92347
G0 F9000 X190.88 Y226.62
G0 X190.6 Y226.9
G1 F1500 X191.4 Y226.9 E1707.93943
G1 X191.4 Y213.1 E1708.21483
G1 X190.6 Y213.1 E1708.23079
G1 X190.6 Y226.9 E1708.50619
G0 F9000 X190.2 Y227.3
;TYPE:WALL-OUTER
G1 F1500 X191.8 Y227.3 E1708.53812
G1 X191.8 Y212.7 E1708.82947
G1 X190.2 Y212.7 E1708.8614
G1 X190.2 Y227.3 E1709.15276
G1 F2700 E1704.15276
G0 F9000 X190.48 Y227.02
G0 X191.57 Y226.5
G0 X192.665 Y226.5
G0 X199.835 Y226.5
G0 X200.93 Y226.5
G0 X201.5 Y226.5
;TYPE:WALL-INNER
G1 F2700 E1709.15276
G1 F1500 X201.5 Y213.5 E1709.41219
G0 F9000 X201.38 Y226.62
G0 X201.1 Y226.9
G1 F1500 X201.9 Y226.9 E1709.42816
G1 X201.9 Y213.1 E1709.70355
G1 X201.1 Y213.1 E1709.71952
G1 X201.1 Y226.9 E1709.99491
G0 F9000 X200.7 Y227.3
;TYPE:WALL-OUTER
G1 F1500 X202.3 Y227.3 E1710.02684
G1 X202.3 Y212.7 E1710.3182
G1 X200.7 Y212.7 E1710.35013
G1 X200.7 Y227.3 E1710.64149
G1 F2700 E1705.64149
G0 F9000 X200.98 Y227.02
G0 X202.07 Y226.5
G0 X203.165 Y226.5
G0 X204.335 Y226.5
G0 X205.43 Y226.5
G0 X206 Y226.5
;TYPE:WALL-INNER
G1 F2700 E1710.64149
G1 F1500 X206 Y213.5 E1710.90092
G0 F9000 X205.88 Y226.62
G0 X205.6 Y226.9
G1 F1500 X206.4 Y226.9 E1710.91688
G1 X206.4 Y213.1 E1711.19227
G1 X205.6 Y213.1 E1711.20824
G1 X205.6 Y226.9 E1711.48363
G0 F9000 X205.2 Y227.3
;TYPE:WALL-OUTER
G1 F1500 X206.8 Y227.3 E1711.51556
G1 X206.8 Y212.7 E1711.80692
G1 X205.2 Y212.7 E1711.83885
G1 X205.2 Y227.3 E1712.13021
G1 F2700 E1707.13021
G0 F9000 X205.48 Y227.02
G0 X206.57 Y226.5
G0 X207.665 Y226.5
G0 X214.835 Y226.5
G0 X215.93 Y226.5
G0 X216.5 Y226.5
;TYPE:WALL-INNER
G1 F2700 E1712.13021
G1 F1500 X216.5 Y213.5 E1712.38964
G0 F9000 X216.38 Y226.62
G0 X216.1 Y226.9
G1 F1500 X216.9 Y226.9 E1712.4056
G1 X216.9 Y213.1 E1712.681
G1 X216.1 Y213.1 E1712.69696
G1 X216.1 Y226.9 E1712.97236
G0 F9000 X215.7 Y227.3
;TYPE:WALL-OUTER
G1 F1500 X217.3 Y227.3 E1713.00429
G1 X217.3 Y212.7 E1713.29564
G1 X215.7 Y212.7 E1713.32757
G1 X215.7 Y227.3 E1713.61893
G1 F2700 E1708.61893
G0 F9000 X215.98 Y227.02
G0 X217.07 Y226.5
G0 X218.165 Y226.5
G0 X219.335 Y226.5
G0 X220.43 Y226.5
G0 X221 Y226.5
;TYPE:WALL-INNER
G1 F2700 E1713.61893
G1 F1500 X221 Y213.5 E1713.87836
G0 F9000 X220.88 Y226.62
G0 X220.6 Y226.9
G1 F1500 X221.4 Y226.9 E1713.89433
G1 X221.4 Y213.1 E1714.16972
G1 X220.6 Y213.1 E1714.18569
G1 X220.6 Y226.9 E1714.46108
G0 F9000 X220.2 Y227.3
;TYPE:WALL-OUTER
G1 F1500 X221.8 Y227.3 E1714.49301
G1 X221.8 Y212.7 E1714.78437
G1 X220.2 Y212.7 E1714.8163
G1 X220.2 Y227.3 E1715.10766
G1 F2700 E1710.10766
G0 F9000 X220.48 Y227.02
G0 X221.57 Y226.5
G0 X222.665 Y226.5
G0 X229.835 Y226.5
G0 X230.93 Y226.5
G0 X231.5 Y226.5
;TYPE:WALL-INNER
G1 F2700 E1715.10766
G1 F1500 X231.5 Y213.5 E1715.36709
G0 F9000 X231.38 Y226.62
G0 X231.1 Y226.9
G1 F1500 X231.9 Y226.9 E1715.38305
G1 X231.9 Y213.1 E1715.65844
G1 X231.1 Y213.1 E1715.67441
G1 X231.1 Y226.9 E1715.9498
G0 F9000 X230.7 Y227.3
;TYPE:WALL-OUTER
G1 F1500 X232.3 Y227.3 E1715.98173
G1 X232.3 Y212.7 E1716.27309
G1 X230.7 Y212.7 E1716.30502
G1 X230.7 Y227.3 E1716.59638
G1 F2700 E1711.59638
G0 F9000 X230.98 Y227.02
G0 X232.07 Y226.475
G0 X233.165 Y226.475
G0 X234.335 Y226.475
G0 X235.43 Y226.475
G0 X236.025 Y226.475
;TYPE:WALL-INNER
G1 F2700 E1716.59638
G1 F1333.3 X236.475 Y226.475 E1716.60648
G1 X236.475 Y213.525 E1716.89722
G1 X236.025 Y213.525 E1716.90732
G1 X236.025 Y226.475 E1717.19806
G0 F9000 X235.6 Y226.9
G1 F1500 X236.9 Y226.9 E1717.224
G1 X236.9 Y213.1 E1717.49939
G1 X235.6 Y213.1 E1717.52534
G1 X235.6 Y226.9 E1717.80073
G0 F9000 X235.2 Y227.3
;TYPE:WALL-OUTER
G1 F1500 X237.3 Y227.3 E1717.84264
G1 X237.3 Y212.7 E1718.134
G1 X235.2 Y212.7 E1718.1759
G1 X235.2 Y227.3 E1718.46726
G0 F9000 X236.092 Y226.29
G1 F2700 E1713.46726
;MESH:NONMESH
G0 F300 X236.092 Y226.29 Z3.24
G0 F9000 X235.43 Y213.5
G0 X234.335 Y213.5
G0 X233.153 Y211.847
G0 X129.347 Y211.847
G0 X128.165 Y213.5
G0 X127.07 Y213.5
G0 X126.5 Y213.5
;TIME_ELAPSED:3966.819787
;LAYER:26
;TYPE:WALL-INNER
;MESH:BusConnAssyAid.stl
G1 F2700 E1718.46726
G1 F1500 X126.5 Y226.5 E1718.72669
G0 F9000 X126.1 Y226.9
G1 F1500 X126.9 Y226.9 E1718.74266
G1 X126.9 Y213.1 E1719.01805
G1 X126.1 Y213.1 E1719.03402
G1 X126.1 Y226.9 E1719.30941
G0 F9000 X125.7 Y227.3
;TYPE:WALL-OUTER
G1 F1500 X127.3 Y227.3 E1719.34134
G1 X127.3 Y212.7 E1719.6327
G1 X125.7 Y212.7 E1719.66463
G1 X125.7 Y227.3 E1719.95599
G1 F2700 E1714.95599
G0 F9000 X125.98 Y227.02
G0 X127.07 Y226.5
G0 X128.165 Y226.5
G0 X129.335 Y226.5
G0 X130.43 Y226.5
G0 X131 Y226.5
;TYPE:WALL-INNER
G1 F2700 E1719.95599
G1 F1500 X131 Y213.5 E1720.21542
G0 F9000 X130.88 Y226.62
G0 X130.6 Y226.9
G1 F1500 X131.4 Y226.9 E1720.23138
G1 X131.4 Y213.1 E1720.50677
G1 X130.6 Y213.1 E1720.52274
G1 X130.6 Y226.9 E1720.79813
G0 F9000 X130.2 Y227.3
;TYPE:WALL-OUTER
G1 F1500 X131.8 Y227.3 E1720.83006
G1 X131.8 Y212.7 E1721.12142
G1 X130.2 Y212.7 E1721.15335
G1 X130.2 Y227.3 E1721.44471
G1 F2700 E1716.44471
G0 F9000 X130.48 Y227.02
G0 X131.57 Y226.5
G0 X132.665 Y226.5
G0 X139.835 Y226.5
G0 X140.93 Y226.5
G0 X141.5 Y226.5
;TYPE:WALL-INNER
G1 F2700 E1721.44471
G1 F1500 X141.5 Y213.5 E1721.70414
G0 F9000 X141.38 Y226.62
G0 X141.1 Y226.9
G1 F1500 X141.9 Y226.9 E1721.7201
G1 X141.9 Y213.1 E1721.9955
G1 X141.1 Y213.1 E1722.01146
G1 X141.1 Y226.9 E1722.28686
G0 F9000 X140.7 Y227.3
;TYPE:WALL-OUTER
G1 F1500 X142.3 Y227.3 E1722.31879
G1 X142.3 Y212.7 E1722.61015
G1 X140.7 Y212.7 E1722.64208
G1 X140.7 Y227.3 E1722.93343
G1 F2700 E1717.93343
G0 F9000 X140.98 Y227.02
G0 X142.07 Y226.5
G0 X143.165 Y226.5
G0 X144.335 Y226.5
G0 X145.43 Y226.5
G0 X146 Y226.5
;TYPE:WALL-INNER
G1 F2700 E1722.93343
G1 F1500 X146 Y213.5 E1723.19286
G0 F9000 X145.88 Y226.62
G0 X145.6 Y226.9
G1 F1500 X146.4 Y226.9 E1723.20883
G1 X146.4 Y213.1 E1723.48422
G1 X145.6 Y213.1 E1723.50019
G1 X145.6 Y226.9 E1723.77558
G0 F9000 X145.2 Y227.3
;TYPE:WALL-OUTER
G1 F1500 X146.8 Y227.3 E1723.80751
G1 X146.8 Y212.7 E1724.09887
G1 X145.2 Y212.7 E1724.1308
G1 X145.2 Y227.3 E1724.42216
G1 F2700 E1719.42216
G0 F9000 X145.48 Y227.02
G0 X146.57 Y226.5
G0 X147.665 Y226.5
G0 X154.835 Y226.5
G0 X155.93 Y226.5
G0 X156.5 Y226.5
;TYPE:WALL-INNER
G1 F2700 E1724.42216
G1 F1500 X156.5 Y213.5 E1724.68159
G0 F9000 X156.38 Y226.62
G0 X156.1 Y226.9
G1 F1500 X156.9 Y226.9 E1724.69755
G1 X156.9 Y213.1 E1724.97295
G1 X156.1 Y213.1 E1724.98891
G1 X156.1 Y226.9 E1725.2643
G0 F9000 X155.7 Y227.3
;TYPE:WALL-OUTER
G1 F1500 X157.3 Y227.3 E1725.29623
G1 X157.3 Y212.7 E1725.58759
G1 X155.7 Y212.7 E1725.61952
G1 X155.7 Y227.3 E1725.91088
G1 F2700 E1720.91088
G0 F9000 X155.98 Y227.02
G0 X157.07 Y226.5
G0 X158.165 Y226.5
G0 X159.335 Y226.5
G0 X160.43 Y226.5
G0 X161 Y226.5
;TYPE:WALL-INNER
G1 F2700 E1725.91088
G1 F1500 X161 Y213.5 E1726.17031
G0 F9000 X160.88 Y226.62
G0 X160.6 Y226.9
G1 F1500 X161.4 Y226.9 E1726.18628
G1 X161.4 Y213.1 E1726.46167
G1 X160.6 Y213.1 E1726.47763
G1 X160.6 Y226.9 E1726.75303
G0 F9000 X160.2 Y227.3
;TYPE:WALL-OUTER
G1 F1500 X161.8 Y227.3 E1726.78496
G1 X161.8 Y212.7 E1727.07632
G1 X160.2 Y212.7 E1727.10825
G1 X160.2 Y227.3 E1727.39961
G1 F2700 E1722.39961
G0 F9000 X160.48 Y227.02
G0 X161.57 Y226.5
G0 X162.665 Y226.5
G0 X169.835 Y226.5
G0 X170.93 Y226.5
G0 X171.5 Y226.5
;TYPE:WALL-INNER
G1 F2700 E1727.39961
G1 F1500 X171.5 Y213.5 E1727.65903
G0 F9000 X171.38 Y226.62
G0 X171.1 Y226.9
G1 F1500 X171.9 Y226.9 E1727.675
G1 X171.9 Y213.1 E1727.95039
G1 X171.1 Y213.1 E1727.96636
G1 X171.1 Y226.9 E1728.24175
G0 F9000 X170.7 Y227.3
;TYPE:WALL-OUTER
G1 F1500 X172.3 Y227.3 E1728.27368
G1 X172.3 Y212.7 E1728.56504
G1 X170.7 Y212.7 E1728.59697
G1 X170.7 Y227.3 E1728.88833
G1 F2700 E1723.88833
G0 F9000 X170.98 Y227.02
G0 X172.07 Y226.5
G0 X173.165 Y226.5
G0 X174.335 Y226.5
G0 X175.43 Y226.5
G0 X176 Y226.5
;TYPE:WALL-INNER
G1 F2700 E1728.88833
G1 F1500 X176 Y213.5 E1729.14776
G0 F9000 X175.88 Y226.62
G0 X175.6 Y226.9
G1 F1500 X176.4 Y226.9 E1729.16372
G1 X176.4 Y213.1 E1729.43912
G1 X175.6 Y213.1 E1729.45508
G1 X175.6 Y226.9 E1729.73048
G0 F9000 X175.2 Y227.3
;TYPE:WALL-OUTER
G1 F1500 X176.8 Y227.3 E1729.76241
G1 X176.8 Y212.7 E1730.05376
G1 X175.2 Y212.7 E1730.08569
G1 X175.2 Y227.3 E1730.37705
G1 F2700 E1725.37705
G0 F9000 X175.48 Y227.02
G0 X176.57 Y226.5
G0 X177.665 Y226.5
G0 X184.835 Y226.5
G0 X185.93 Y226.5
G0 X186.5 Y226.5
;TYPE:WALL-INNER
G1 F2700 E1730.37705
G1 F1500 X186.5 Y213.5 E1730.63648
G0 F9000 X186.38 Y226.62
G0 X186.1 Y226.9
G1 F1500 X186.9 Y226.9 E1730.65245
G1 X186.9 Y213.1 E1730.92784
G1 X186.1 Y213.1 E1730.94381
G1 X186.1 Y226.9 E1731.2192
G0 F9000 X185.7 Y227.3
;TYPE:WALL-OUTER
G1 F1500 X187.3 Y227.3 E1731.25113
G1 X187.3 Y212.7 E1731.54249
G1 X185.7 Y212.7 E1731.57442
G1 X185.7 Y227.3 E1731.86578
G1 F2700 E1726.86578
G0 F9000 X185.98 Y227.02
G0 X187.07 Y226.5
G0 X188.165 Y226.5
G0 X189.335 Y226.5
G0 X190.43 Y226.5
G0 X191 Y226.5
;TYPE:WALL-INNER
G1 F2700 E1731.86578
G1 F1500 X191 Y213.5 E1732.12521
G0 F9000 X190.88 Y226.62
G0 X190.6 Y226.9
G1 F1500 X191.4 Y226.9 E1732.14117
G1 X191.4 Y213.1 E1732.41656
G1 X190.6 Y213.1 E1732.43253
G1 X190.6 Y226.9 E1732.70792
G0 F9000 X190.2 Y227.3
;TYPE:WALL-OUTER
G1 F1500 X191.8 Y227.3 E1732.73985
G1 X191.8 Y212.7 E1733.03121
G1 X190.2 Y212.7 E1733.06314
G1 X190.2 Y227.3 E1733.3545
G1 F2700 E1728.3545
G0 F9000 X190.48 Y227.02
G0 X191.57 Y226.5
G0 X192.665 Y226.5
G0 X199.835 Y226.5
G0 X200.93 Y226.5
G0 X201.5 Y226.5
;TYPE:WALL-INNER
G1 F2700 E1733.3545
G1 F1500 X201.5 Y213.5 E1733.61393
G0 F9000 X201.38 Y226.62
G0 X201.1 Y226.9
G1 F1500 X201.9 Y226.9 E1733.62989
G1 X201.9 Y213.1 E1733.90529
G1 X201.1 Y213.1 E1733.92125
G1 X201.1 Y226.9 E1734.19665
G0 F9000 X200.7 Y227.3
;TYPE:WALL-OUTER
G1 F1500 X202.3 Y227.3 E1734.22858
G1 X202.3 Y212.7 E1734.51993
G1 X200.7 Y212.7 E1734.55186
G1 X200.7 Y227.3 E1734.84322
G1 F2700 E1729.84322
G0 F9000 X200.98 Y227.02
G0 X202.07 Y226.5
G0 X203.165 Y226.5
G0 X204.335 Y226.5
G0 X205.43 Y226.5
G0 X206 Y226.5
;TYPE:WALL-INNER
G1 F2700 E1734.84322
G1 F1500 X206 Y213.5 E1735.10265
G0 F9000 X205.88 Y226.62
G0 X205.6 Y226.9
G1 F1500 X206.4 Y226.9 E1735.11862
G1 X206.4 Y213.1 E1735.39401
G1 X205.6 Y213.1 E1735.40998
G1 X205.6 Y226.9 E1735.68537
G0 F9000 X205.2 Y227.3
;TYPE:WALL-OUTER
G1 F1500 X206.8 Y227.3 E1735.7173
G1 X206.8 Y212.7 E1736.00866
G1 X205.2 Y212.7 E1736.04059
G1 X205.2 Y227.3 E1736.33195
G1 F2700 E1731.33195
G0 F9000 X205.48 Y227.02
G0 X206.57 Y226.5
G0 X207.665 Y226.5
G0 X214.835 Y226.5
G0 X215.93 Y226.5
G0 X216.5 Y226.5
;TYPE:WALL-INNER
G1 F2700 E1736.33195
G1 F1500 X216.5 Y213.5 E1736.59138
G0 F9000 X216.38 Y226.62
G0 X216.1 Y226.9
G1 F1500 X216.9 Y226.9 E1736.60734
G1 X216.9 Y213.1 E1736.88273
G1 X216.1 Y213.1 E1736.8987
G1 X216.1 Y226.9 E1737.17409
G0 F9000 X215.7 Y227.3
;TYPE:WALL-OUTER
G1 F1500 X217.3 Y227.3 E1737.20602
G1 X217.3 Y212.7 E1737.49738
G1 X215.7 Y212.7 E1737.52931
G1 X215.7 Y227.3 E1737.82067
G1 F2700 E1732.82067
G0 F9000 X215.98 Y227.02
G0 X217.07 Y226.5
G0 X218.165 Y226.5
G0 X219.335 Y226.5
G0 X220.43 Y226.5
G0 X221 Y226.5
;TYPE:WALL-INNER
G1 F2700 E1737.82067
G1 F1500 X221 Y213.5 E1738.0801
G0 F9000 X220.88 Y226.62
G0 X220.6 Y226.9
G1 F1500 X221.4 Y226.9 E1738.09606
G1 X221.4 Y213.1 E1738.37146
G1 X220.6 Y213.1 E1738.38742
G1 X220.6 Y226.9 E1738.66282
G0 F9000 X220.2 Y227.3
;TYPE:WALL-OUTER
G1 F1500 X221.8 Y227.3 E1738.69475
G1 X221.8 Y212.7 E1738.98611
G1 X220.2 Y212.7 E1739.01804
G1 X220.2 Y227.3 E1739.30939
G1 F2700 E1734.30939
G0 F9000 X220.48 Y227.02
G0 X221.57 Y226.5
G0 X222.665 Y226.5
G0 X229.835 Y226.5
G0 X230.93 Y226.5
G0 X231.5 Y226.5
;TYPE:WALL-INNER
G1 F2700 E1739.30939
G1 F1500 X231.5 Y213.5 E1739.56882
G0 F9000 X231.38 Y226.62
G0 X231.1 Y226.9
G1 F1500 X231.9 Y226.9 E1739.58479
G1 X231.9 Y213.1 E1739.86018
G1 X231.1 Y213.1 E1739.87615
G1 X231.1 Y226.9 E1740.15154
G0 F9000 X230.7 Y227.3
;TYPE:WALL-OUTER
G1 F1500 X232.3 Y227.3 E1740.18347
G1 X232.3 Y212.7 E1740.47483
G1 X230.7 Y212.7 E1740.50676
G1 X230.7 Y227.3 E1740.79812
G1 F2700 E1735.79812
G0 F9000 X230.98 Y227.02
G0 X232.07 Y226.475
G0 X233.165 Y226.475
G0 X234.335 Y226.475
G0 X235.43 Y226.475
G0 X236.025 Y226.475
;TYPE:WALL-INNER
G1 F2700 E1740.79812
G1 F1333.3 X236.475 Y226.475 E1740.80822
G1 X236.475 Y213.525 E1741.09896
G1 X236.025 Y213.525 E1741.10906
G1 X236.025 Y226.475 E1741.39979
G0 F9000 X235.6 Y226.9
G1 F1500 X236.9 Y226.9 E1741.42574
G1 X236.9 Y213.1 E1741.70113
G1 X235.6 Y213.1 E1741.72707
G1 X235.6 Y226.9 E1742.00247
G0 F9000 X235.2 Y227.3
;TYPE:WALL-OUTER
G1 F1500 X237.3 Y227.3 E1742.04438
G1 X237.3 Y212.7 E1742.33573
G1 X235.2 Y212.7 E1742.37764
G1 X235.2 Y227.3 E1742.669
G0 F9000 X236.092 Y226.29
G1 F2700 E1737.669
;MESH:NONMESH
G0 F300 X236.092 Y226.29 Z3.36
G0 F9000 X235.43 Y213.5
G0 X234.335 Y213.5
G0 X233.153 Y211.847
G0 X129.347 Y211.847
G0 X128.165 Y213.5
G0 X127.07 Y213.5
G0 X126.5 Y213.5
;TIME_ELAPSED:4036.110021
;LAYER:27
;TYPE:WALL-INNER
;MESH:BusConnAssyAid.stl
G1 F2700 E1742.669
G1 F1500 X126.5 Y226.5 E1742.92843
G0 F9000 X126.1 Y226.9
G1 F1500 X126.9 Y226.9 E1742.94439
G1 X126.9 Y213.1 E1743.21979
G1 X126.1 Y213.1 E1743.23575
G1 X126.1 Y226.9 E1743.51115
G0 F9000 X125.7 Y227.3
;TYPE:WALL-OUTER
G1 F1500 X127.3 Y227.3 E1743.54308
G1 X127.3 Y212.7 E1743.83444
G1 X125.7 Y212.7 E1743.86637
G1 X125.7 Y227.3 E1744.15772
G1 F2700 E1739.15772
G0 F9000 X125.98 Y227.02
G0 X127.07 Y226.5
G0 X128.165 Y226.5
G0 X129.335 Y226.5
G0 X130.43 Y226.5
G0 X131 Y226.5
;TYPE:WALL-INNER
G1 F2700 E1744.15772
G1 F1500 X131 Y213.5 E1744.41715
G0 F9000 X130.88 Y226.62
G0 X130.6 Y226.9
G1 F1500 X131.4 Y226.9 E1744.43312
G1 X131.4 Y213.1 E1744.70851
G1 X130.6 Y213.1 E1744.72448
G1 X130.6 Y226.9 E1744.99987
G0 F9000 X130.2 Y227.3
;TYPE:WALL-OUTER
G1 F1500 X131.8 Y227.3 E1745.0318
G1 X131.8 Y212.7 E1745.32316
G1 X130.2 Y212.7 E1745.35509
G1 X130.2 Y227.3 E1745.64645
G1 F2700 E1740.64645
G0 F9000 X130.48 Y227.02
G0 X131.57 Y226.5
G0 X132.665 Y226.5
G0 X139.835 Y226.5
G0 X140.93 Y226.5
G0 X141.5 Y226.5
;TYPE:WALL-INNER
G1 F2700 E1745.64645
G1 F1500 X141.5 Y213.5 E1745.90588
G0 F9000 X141.38 Y226.62
G0 X141.1 Y226.9
G1 F1500 X141.9 Y226.9 E1745.92184
G1 X141.9 Y213.1 E1746.19724
G1 X141.1 Y213.1 E1746.2132
G1 X141.1 Y226.9 E1746.48859
G0 F9000 X140.7 Y227.3
;TYPE:WALL-OUTER
G1 F1500 X142.3 Y227.3 E1746.52052
G1 X142.3 Y212.7 E1746.81188
G1 X140.7 Y212.7 E1746.84381
G1 X140.7 Y227.3 E1747.13517
G1 F2700 E1742.13517
G0 F9000 X140.98 Y227.02
G0 X142.07 Y226.5
G0 X143.165 Y226.5
G0 X144.335 Y226.5
G0 X145.43 Y226.5
G0 X146 Y226.5
;TYPE:WALL-INNER
G1 F2700 E1747.13517
G1 F1500 X146 Y213.5 E1747.3946
G0 F9000 X145.88 Y226.62
G0 X145.6 Y226.9
G1 F1500 X146.4 Y226.9 E1747.41057
G1 X146.4 Y213.1 E1747.68596
G1 X145.6 Y213.1 E1747.70192
G1 X145.6 Y226.9 E1747.97732
G0 F9000 X145.2 Y227.3
;TYPE:WALL-OUTER
G1 F1500 X146.8 Y227.3 E1748.00925
G1 X146.8 Y212.7 E1748.30061
G1 X145.2 Y212.7 E1748.33254
G1 X145.2 Y227.3 E1748.6239
G1 F2700 E1743.6239
G0 F9000 X145.48 Y227.02
G0 X146.57 Y226.5
G0 X147.665 Y226.5
G0 X154.835 Y226.5
G0 X155.93 Y226.5
G0 X156.5 Y226.5
;TYPE:WALL-INNER
G1 F2700 E1748.6239
G1 F1500 X156.5 Y213.5 E1748.88332
G0 F9000 X156.38 Y226.62
G0 X156.1 Y226.9
G1 F1500 X156.9 Y226.9 E1748.89929
G1 X156.9 Y213.1 E1749.17468
G1 X156.1 Y213.1 E1749.19065
G1 X156.1 Y226.9 E1749.46604
G0 F9000 X155.7 Y227.3
;TYPE:WALL-OUTER
G1 F1500 X157.3 Y227.3 E1749.49797
G1 X157.3 Y212.7 E1749.78933
G1 X155.7 Y212.7 E1749.82126
G1 X155.7 Y227.3 E1750.11262
G1 F2700 E1745.11262
G0 F9000 X155.98 Y227.02
G0 X157.07 Y226.5
G0 X158.165 Y226.5
G0 X159.335 Y226.5
G0 X160.43 Y226.5
G0 X161 Y226.5
;TYPE:WALL-INNER
G1 F2700 E1750.11262
G1 F1500 X161 Y213.5 E1750.37205
G0 F9000 X160.88 Y226.62
G0 X160.6 Y226.9
G1 F1500 X161.4 Y226.9 E1750.38801
G1 X161.4 Y213.1 E1750.66341
G1 X160.6 Y213.1 E1750.67937
G1 X160.6 Y226.9 E1750.95477
G0 F9000 X160.2 Y227.3
;TYPE:WALL-OUTER
G1 F1500 X161.8 Y227.3 E1750.9867
G1 X161.8 Y212.7 E1751.27805
G1 X160.2 Y212.7 E1751.30998
G1 X160.2 Y227.3 E1751.60134
G1 F2700 E1746.60134
G0 F9000 X160.48 Y227.02
G0 X161.57 Y226.5
G0 X162.665 Y226.5
G0 X169.835 Y226.5
G0 X170.93 Y226.5
G0 X171.5 Y226.5
;TYPE:WALL-INNER
G1 F2700 E1751.60134
G1 F1500 X171.5 Y213.5 E1751.86077
G0 F9000 X171.38 Y226.62
G0 X171.1 Y226.9
G1 F1500 X171.9 Y226.9 E1751.87674
G1 X171.9 Y213.1 E1752.15213
G1 X171.1 Y213.1 E1752.1681
G1 X171.1 Y226.9 E1752.44349
G0 F9000 X170.7 Y227.3
;TYPE:WALL-OUTER
G1 F1500 X172.3 Y227.3 E1752.47542
G1 X172.3 Y212.7 E1752.76678
G1 X170.7 Y212.7 E1752.79871
G1 X170.7 Y227.3 E1753.09007
G1 F2700 E1748.09007
G0 F9000 X170.98 Y227.02
G0 X172.07 Y226.5
G0 X173.165 Y226.5
G0 X174.335 Y226.5
G0 X175.43 Y226.5
G0 X176 Y226.5
;TYPE:WALL-INNER
G1 F2700 E1753.09007
G1 F1500 X176 Y213.5 E1753.3495
G0 F9000 X175.88 Y226.62
G0 X175.6 Y226.9
G1 F1500 X176.4 Y226.9 E1753.36546
G1 X176.4 Y213.1 E1753.64085
G1 X175.6 Y213.1 E1753.65682
G1 X175.6 Y226.9 E1753.93221
G0 F9000 X175.2 Y227.3
;TYPE:WALL-OUTER
G1 F1500 X176.8 Y227.3 E1753.96414
G1 X176.8 Y212.7 E1754.2555
G1 X175.2 Y212.7 E1754.28743
G1 X175.2 Y227.3 E1754.57879
G1 F2700 E1749.57879
G0 F9000 X175.48 Y227.02
G0 X176.57 Y226.5
G0 X177.665 Y226.5
G0 X184.835 Y226.5
G0 X185.93 Y226.5
G0 X186.5 Y226.5
;TYPE:WALL-INNER
G1 F2700 E1754.57879
G1 F1500 X186.5 Y213.5 E1754.83822
G0 F9000 X186.38 Y226.62
G0 X186.1 Y226.9
G1 F1500 X186.9 Y226.9 E1754.85418
G1 X186.9 Y213.1 E1755.12958
G1 X186.1 Y213.1 E1755.14554
G1 X186.1 Y226.9 E1755.42094
G0 F9000 X185.7 Y227.3
;TYPE:WALL-OUTER
G1 F1500 X187.3 Y227.3 E1755.45287
G1 X187.3 Y212.7 E1755.74422
G1 X185.7 Y212.7 E1755.77615
G1 X185.7 Y227.3 E1756.06751
G1 F2700 E1751.06751
G0 F9000 X185.98 Y227.02
G0 X187.07 Y226.5
G0 X188.165 Y226.5
G0 X189.335 Y226.5
G0 X190.43 Y226.5
G0 X191 Y226.5
;TYPE:WALL-INNER
G1 F2700 E1756.06751
G1 F1500 X191 Y213.5 E1756.32694
G0 F9000 X190.88 Y226.62
G0 X190.6 Y226.9
G1 F1500 X191.4 Y226.9 E1756.34291
G1 X191.4 Y213.1 E1756.6183
G1 X190.6 Y213.1 E1756.63427
G1 X190.6 Y226.9 E1756.90966
G0 F9000 X190.2 Y227.3
;TYPE:WALL-OUTER
G1 F1500 X191.8 Y227.3 E1756.94159
G1 X191.8 Y212.7 E1757.23295
G1 X190.2 Y212.7 E1757.26488
G1 X190.2 Y227.3 E1757.55624
G1 F2700 E1752.55624
G0 F9000 X190.48 Y227.02
G0 X191.57 Y226.5
G0 X192.665 Y226.5
G0 X199.835 Y226.5
G0 X200.93 Y226.5
G0 X201.5 Y226.5
;TYPE:WALL-INNER
G1 F2700 E1757.55624
G1 F1500 X201.5 Y213.5 E1757.81567
G0 F9000 X201.38 Y226.62
G0 X201.1 Y226.9
G1 F1500 X201.9 Y226.9 E1757.83163
G1 X201.9 Y213.1 E1758.10702
G1 X201.1 Y213.1 E1758.12299
G1 X201.1 Y226.9 E1758.39838
G0 F9000 X200.7 Y227.3
;TYPE:WALL-OUTER
G1 F1500 X202.3 Y227.3 E1758.43031
G1 X202.3 Y212.7 E1758.72167
G1 X200.7 Y212.7 E1758.7536
G1 X200.7 Y227.3 E1759.04496
G1 F2700 E1754.04496
G0 F9000 X200.98 Y227.02
G0 X202.07 Y226.5
G0 X203.165 Y226.5
G0 X204.335 Y226.5
G0 X205.43 Y226.5
G0 X206 Y226.5
;TYPE:WALL-INNER
G1 F2700 E1759.04496
G1 F1500 X206 Y213.5 E1759.30439
G0 F9000 X205.88 Y226.62
G0 X205.6 Y226.9
G1 F1500 X206.4 Y226.9 E1759.32035
G1 X206.4 Y213.1 E1759.59575
G1 X205.6 Y213.1 E1759.61171
G1 X205.6 Y226.9 E1759.88711
G0 F9000 X205.2 Y227.3
;TYPE:WALL-OUTER
G1 F1500 X206.8 Y227.3 E1759.91904
G1 X206.8 Y212.7 E1760.2104
G1 X205.2 Y212.7 E1760.24233
G1 X205.2 Y227.3 E1760.53368
G1 F2700 E1755.53368
G0 F9000 X205.48 Y227.02
G0 X206.57 Y226.5
G0 X207.665 Y226.5
G0 X214.835 Y226.5
G0 X215.93 Y226.5
G0 X216.5 Y226.5
;TYPE:WALL-INNER
G1 F2700 E1760.53368
G1 F1500 X216.5 Y213.5 E1760.79311
G0 F9000 X216.38 Y226.62
G0 X216.1 Y226.9
G1 F1500 X216.9 Y226.9 E1760.80908
G1 X216.9 Y213.1 E1761.08447
G1 X216.1 Y213.1 E1761.10044
G1 X216.1 Y226.9 E1761.37583
G0 F9000 X215.7 Y227.3
;TYPE:WALL-OUTER
G1 F1500 X217.3 Y227.3 E1761.40776
G1 X217.3 Y212.7 E1761.69912
G1 X215.7 Y212.7 E1761.73105
G1 X215.7 Y227.3 E1762.02241
G1 F2700 E1757.02241
G0 F9000 X215.98 Y227.02
G0 X217.07 Y226.5
G0 X218.165 Y226.5
G0 X219.335 Y226.5
G0 X220.43 Y226.5
G0 X221 Y226.5
;TYPE:WALL-INNER
G1 F2700 E1762.02241
G1 F1500 X221 Y213.5 E1762.28184
G0 F9000 X220.88 Y226.62
G0 X220.6 Y226.9
G1 F1500 X221.4 Y226.9 E1762.2978
G1 X221.4 Y213.1 E1762.5732
G1 X220.6 Y213.1 E1762.58916
G1 X220.6 Y226.9 E1762.86455
G0 F9000 X220.2 Y227.3
;TYPE:WALL-OUTER
G1 F1500 X221.8 Y227.3 E1762.89648
G1 X221.8 Y212.7 E1763.18784
G1 X220.2 Y212.7 E1763.21977
G1 X220.2 Y227.3 E1763.51113
G1 F2700 E1758.51113
G0 F9000 X220.48 Y227.02
G0 X221.57 Y226.5
G0 X222.665 Y226.5
G0 X229.835 Y226.5
G0 X230.93 Y226.5
G0 X231.5 Y226.5
;TYPE:WALL-INNER
G1 F2700 E1763.51113
G1 F1500 X231.5 Y213.5 E1763.77056
G0 F9000 X231.38 Y226.62
G0 X231.1 Y226.9
G1 F1500 X231.9 Y226.9 E1763.78653
G1 X231.9 Y213.1 E1764.06192
G1 X231.1 Y213.1 E1764.07788
G1 X231.1 Y226.9 E1764.35328
G0 F9000 X230.7 Y227.3
;TYPE:WALL-OUTER
G1 F1500 X232.3 Y227.3 E1764.38521
G1 X232.3 Y212.7 E1764.67657
G1 X230.7 Y212.7 E1764.7085
G1 X230.7 Y227.3 E1764.99986
G1 F2700 E1759.99986
G0 F9000 X230.98 Y227.02
G0 X232.07 Y226.475
G0 X233.165 Y226.475
G0 X234.335 Y226.475
G0 X235.43 Y226.475
G0 X236.025 Y226.475
;TYPE:WALL-INNER
G1 F2700 E1764.99986
G1 F1333.3 X236.475 Y226.475 E1765.00996
G1 X236.475 Y213.525 E1765.30069
G1 X236.025 Y213.525 E1765.3108
G1 X236.025 Y226.475 E1765.60153
G0 F9000 X235.6 Y226.9
G1 F1500 X236.9 Y226.9 E1765.62747
G1 X236.9 Y213.1 E1765.90287
G1 X235.6 Y213.1 E1765.92881
G1 X235.6 Y226.9 E1766.2042
G0 F9000 X235.2 Y227.3
;TYPE:WALL-OUTER
G1 F1500 X237.3 Y227.3 E1766.24611
G1 X237.3 Y212.7 E1766.53747
G1 X235.2 Y212.7 E1766.57938
G1 X235.2 Y227.3 E1766.87074
G0 F9000 X236.092 Y226.29
G1 F2700 E1761.87074
;MESH:NONMESH
G0 F300 X236.092 Y226.29 Z3.48
G0 F9000 X235.43 Y213.5
G0 X234.335 Y213.5
G0 X233.153 Y211.847
G0 X129.347 Y211.847
G0 X128.165 Y213.5
G0 X127.07 Y213.5
G0 X126.5 Y213.5
;TIME_ELAPSED:4105.400255
;LAYER:28
;TYPE:WALL-INNER
;MESH:BusConnAssyAid.stl
G1 F2700 E1766.87074
G1 F1500 X126.5 Y226.5 E1767.13017
G0 F9000 X126.1 Y226.9
G1 F1500 X126.9 Y226.9 E1767.14613
G1 X126.9 Y213.1 E1767.42153
G1 X126.1 Y213.1 E1767.43749
G1 X126.1 Y226.9 E1767.71288
G0 F9000 X125.7 Y227.3
;TYPE:WALL-OUTER
G1 F1500 X127.3 Y227.3 E1767.74481
G1 X127.3 Y212.7 E1768.03617
G1 X125.7 Y212.7 E1768.0681
G1 X125.7 Y227.3 E1768.35946
G1 F2700 E1763.35946
G0 F9000 X125.98 Y227.02
G0 X127.07 Y226.5
G0 X128.165 Y226.5
G0 X129.335 Y226.5
G0 X130.43 Y226.5
G0 X131 Y226.5
;TYPE:WALL-INNER
G1 F2700 E1768.35946
G1 F1500 X131 Y213.5 E1768.61889
G0 F9000 X130.88 Y226.62
G0 X130.6 Y226.9
G1 F1500 X131.4 Y226.9 E1768.63486
G1 X131.4 Y213.1 E1768.91025
G1 X130.6 Y213.1 E1768.92621
G1 X130.6 Y226.9 E1769.20161
G0 F9000 X130.2 Y227.3
;TYPE:WALL-OUTER
G1 F1500 X131.8 Y227.3 E1769.23354
G1 X131.8 Y212.7 E1769.5249
G1 X130.2 Y212.7 E1769.55683
G1 X130.2 Y227.3 E1769.84819
G1 F2700 E1764.84819
G0 F9000 X130.48 Y227.02
G0 X131.57 Y226.5
G0 X132.665 Y226.5
G0 X139.835 Y226.5
G0 X140.93 Y226.5
G0 X141.5 Y226.5
;TYPE:WALL-INNER
G1 F2700 E1769.84819
G1 F1500 X141.5 Y213.5 E1770.10761
G0 F9000 X141.38 Y226.62
G0 X141.1 Y226.9
G1 F1500 X141.9 Y226.9 E1770.12358
G1 X141.9 Y213.1 E1770.39897
G1 X141.1 Y213.1 E1770.41494
G1 X141.1 Y226.9 E1770.69033
G0 F9000 X140.7 Y227.3
;TYPE:WALL-OUTER
G1 F1500 X142.3 Y227.3 E1770.72226
G1 X142.3 Y212.7 E1771.01362
G1 X140.7 Y212.7 E1771.04555
G1 X140.7 Y227.3 E1771.33691
G1 F2700 E1766.33691
G0 F9000 X140.98 Y227.02
G0 X142.07 Y226.5
G0 X143.165 Y226.5
G0 X144.335 Y226.5
G0 X145.43 Y226.5
G0 X146 Y226.5
;TYPE:WALL-INNER
G1 F2700 E1771.33691
G1 F1500 X146 Y213.5 E1771.59634
G0 F9000 X145.88 Y226.62
G0 X145.6 Y226.9
G1 F1500 X146.4 Y226.9 E1771.6123
G1 X146.4 Y213.1 E1771.8877
G1 X145.6 Y213.1 E1771.90366
G1 X145.6 Y226.9 E1772.17906
G0 F9000 X145.2 Y227.3
;TYPE:WALL-OUTER
G1 F1500 X146.8 Y227.3 E1772.21099
G1 X146.8 Y212.7 E1772.50234
G1 X145.2 Y212.7 E1772.53427
G1 X145.2 Y227.3 E1772.82563
G1 F2700 E1767.82563
G0 F9000 X145.48 Y227.02
G0 X146.57 Y226.5
G0 X147.665 Y226.5
G0 X154.835 Y226.5
G0 X155.93 Y226.5
G0 X156.5 Y226.5
;TYPE:WALL-INNER
G1 F2700 E1772.82563
G1 F1500 X156.5 Y213.5 E1773.08506
G0 F9000 X156.38 Y226.62
G0 X156.1 Y226.9
G1 F1500 X156.9 Y226.9 E1773.10103
G1 X156.9 Y213.1 E1773.37642
G1 X156.1 Y213.1 E1773.39239
G1 X156.1 Y226.9 E1773.66778
G0 F9000 X155.7 Y227.3
;TYPE:WALL-OUTER
G1 F1500 X157.3 Y227.3 E1773.69971
G1 X157.3 Y212.7 E1773.99107
G1 X155.7 Y212.7 E1774.023
G1 X155.7 Y227.3 E1774.31436
G1 F2700 E1769.31436
G0 F9000 X155.98 Y227.02
G0 X157.07 Y226.5
G0 X158.165 Y226.5
G0 X159.335 Y226.5
G0 X160.43 Y226.5
G0 X161 Y226.5
;TYPE:WALL-INNER
G1 F2700 E1774.31436
G1 F1500 X161 Y213.5 E1774.57379
G0 F9000 X160.88 Y226.62
G0 X160.6 Y226.9
G1 F1500 X161.4 Y226.9 E1774.58975
G1 X161.4 Y213.1 E1774.86514
G1 X160.6 Y213.1 E1774.88111
G1 X160.6 Y226.9 E1775.1565
G0 F9000 X160.2 Y227.3
;TYPE:WALL-OUTER
G1 F1500 X161.8 Y227.3 E1775.18843
G1 X161.8 Y212.7 E1775.47979
G1 X160.2 Y212.7 E1775.51172
G1 X160.2 Y227.3 E1775.80308
G1 F2700 E1770.80308
G0 F9000 X160.48 Y227.02
G0 X161.57 Y226.5
G0 X162.665 Y226.5
G0 X169.835 Y226.5
G0 X170.93 Y226.5
G0 X171.5 Y226.5
;TYPE:WALL-INNER
G1 F2700 E1775.80308
G1 F1500 X171.5 Y213.5 E1776.06251
G0 F9000 X171.38 Y226.62
G0 X171.1 Y226.9
G1 F1500 X171.9 Y226.9 E1776.07847
G1 X171.9 Y213.1 E1776.35387
G1 X171.1 Y213.1 E1776.36983
G1 X171.1 Y226.9 E1776.64523
G0 F9000 X170.7 Y227.3
;TYPE:WALL-OUTER
G1 F1500 X172.3 Y227.3 E1776.67716
G1 X172.3 Y212.7 E1776.96851
G1 X170.7 Y212.7 E1777.00044
G1 X170.7 Y227.3 E1777.2918
G1 F2700 E1772.2918
G0 F9000 X170.98 Y227.02
G0 X172.07 Y226.5
G0 X173.165 Y226.5
G0 X174.335 Y226.5
G0 X175.43 Y226.5
G0 X176 Y226.5
;TYPE:WALL-INNER
G1 F2700 E1777.2918
G1 F1500 X176 Y213.5 E1777.55123
G0 F9000 X175.88 Y226.62
G0 X175.6 Y226.9
G1 F1500 X176.4 Y226.9 E1777.5672
G1 X176.4 Y213.1 E1777.84259
G1 X175.6 Y213.1 E1777.85856
G1 X175.6 Y226.9 E1778.13395
G0 F9000 X175.2 Y227.3
;TYPE:WALL-OUTER
G1 F1500 X176.8 Y227.3 E1778.16588
G1 X176.8 Y212.7 E1778.45724
G1 X175.2 Y212.7 E1778.48917
G1 X175.2 Y227.3 E1778.78053
G1 F2700 E1773.78053
G0 F9000 X175.48 Y227.02
G0 X176.57 Y226.5
G0 X177.665 Y226.5
G0 X184.835 Y226.5
G0 X185.93 Y226.5
G0 X186.5 Y226.5
;TYPE:WALL-INNER
G1 F2700 E1778.78053
G1 F1500 X186.5 Y213.5 E1779.03996
G0 F9000 X186.38 Y226.62
G0 X186.1 Y226.9
G1 F1500 X186.9 Y226.9 E1779.05592
G1 X186.9 Y213.1 E1779.33131
G1 X186.1 Y213.1 E1779.34728
G1 X186.1 Y226.9 E1779.62267
G0 F9000 X185.7 Y227.3
;TYPE:WALL-OUTER
G1 F1500 X187.3 Y227.3 E1779.6546
G1 X187.3 Y212.7 E1779.94596
G1 X185.7 Y212.7 E1779.97789
G1 X185.7 Y227.3 E1780.26925
G1 F2700 E1775.26925
G0 F9000 X185.98 Y227.02
G0 X187.07 Y226.5
G0 X188.165 Y226.5
G0 X189.335 Y226.5
G0 X190.43 Y226.5
G0 X191 Y226.5
;TYPE:WALL-INNER
G1 F2700 E1780.26925
G1 F1500 X191 Y213.5 E1780.52868
G0 F9000 X190.88 Y226.62
G0 X190.6 Y226.9
G1 F1500 X191.4 Y226.9 E1780.54464
G1 X191.4 Y213.1 E1780.82004
G1 X190.6 Y213.1 E1780.836
G1 X190.6 Y226.9 E1781.1114
G0 F9000 X190.2 Y227.3
;TYPE:WALL-OUTER
G1 F1500 X191.8 Y227.3 E1781.14333
G1 X191.8 Y212.7 E1781.43469
G1 X190.2 Y212.7 E1781.46662
G1 X190.2 Y227.3 E1781.75797
G1 F2700 E1776.75797
G0 F9000 X190.48 Y227.02
G0 X191.57 Y226.5
G0 X192.665 Y226.5
G0 X199.835 Y226.5
G0 X200.93 Y226.5
G0 X201.5 Y226.5
;TYPE:WALL-INNER
G1 F2700 E1781.75797
G1 F1500 X201.5 Y213.5 E1782.0174
G0 F9000 X201.38 Y226.62
G0 X201.1 Y226.9
G1 F1500 X201.9 Y226.9 E1782.03337
G1 X201.9 Y213.1 E1782.30876
G1 X201.1 Y213.1 E1782.32473
G1 X201.1 Y226.9 E1782.60012
G0 F9000 X200.7 Y227.3
;TYPE:WALL-OUTER
G1 F1500 X202.3 Y227.3 E1782.63205
G1 X202.3 Y212.7 E1782.92341
G1 X200.7 Y212.7 E1782.95534
G1 X200.7 Y227.3 E1783.2467
G1 F2700 E1778.2467
G0 F9000 X200.98 Y227.02
G0 X202.07 Y226.5
G0 X203.165 Y226.5
G0 X204.335 Y226.5
G0 X205.43 Y226.5
G0 X206 Y226.5
;TYPE:WALL-INNER
G1 F2700 E1783.2467
G1 F1500 X206 Y213.5 E1783.50613
G0 F9000 X205.88 Y226.62
G0 X205.6 Y226.9
G1 F1500 X206.4 Y226.9 E1783.52209
G1 X206.4 Y213.1 E1783.79749
G1 X205.6 Y213.1 E1783.81345
G1 X205.6 Y226.9 E1784.08884
G0 F9000 X205.2 Y227.3
;TYPE:WALL-OUTER
G1 F1500 X206.8 Y227.3 E1784.12077
G1 X206.8 Y212.7 E1784.41213
G1 X205.2 Y212.7 E1784.44406
G1 X205.2 Y227.3 E1784.73542
G1 F2700 E1779.73542
G0 F9000 X205.48 Y227.02
G0 X206.57 Y226.5
G0 X207.665 Y226.5
G0 X214.835 Y226.5
G0 X215.93 Y226.5
G0 X216.5 Y226.5
;TYPE:WALL-INNER
G1 F2700 E1784.73542
G1 F1500 X216.5 Y213.5 E1784.99485
G0 F9000 X216.38 Y226.62
G0 X216.1 Y226.9
G1 F1500 X216.9 Y226.9 E1785.01082
G1 X216.9 Y213.1 E1785.28621
G1 X216.1 Y213.1 E1785.30217
G1 X216.1 Y226.9 E1785.57757
G0 F9000 X215.7 Y227.3
;TYPE:WALL-OUTER
G1 F1500 X217.3 Y227.3 E1785.6095
G1 X217.3 Y212.7 E1785.90086
G1 X215.7 Y212.7 E1785.93279
G1 X215.7 Y227.3 E1786.22415
G1 F2700 E1781.22415
G0 F9000 X215.98 Y227.02
G0 X217.07 Y226.5
G0 X218.165 Y226.5
G0 X219.335 Y226.5
G0 X220.43 Y226.5
G0 X221 Y226.5
;TYPE:WALL-INNER
G1 F2700 E1786.22415
G1 F1500 X221 Y213.5 E1786.48357
G0 F9000 X220.88 Y226.62
G0 X220.6 Y226.9
G1 F1500 X221.4 Y226.9 E1786.49954
G1 X221.4 Y213.1 E1786.77493
G1 X220.6 Y213.1 E1786.7909
G1 X220.6 Y226.9 E1787.06629
G0 F9000 X220.2 Y227.3
;TYPE:WALL-OUTER
G1 F1500 X221.8 Y227.3 E1787.09822
G1 X221.8 Y212.7 E1787.38958
G1 X220.2 Y212.7 E1787.42151
G1 X220.2 Y227.3 E1787.71287
G1 F2700 E1782.71287
G0 F9000 X220.48 Y227.02
G0 X221.57 Y226.5
G0 X222.665 Y226.5
G0 X229.835 Y226.5
G0 X230.93 Y226.5
G0 X231.5 Y226.5
;TYPE:WALL-INNER
G1 F2700 E1787.71287
G1 F1500 X231.5 Y213.5 E1787.9723
G0 F9000 X231.38 Y226.62
G0 X231.1 Y226.9
G1 F1500 X231.9 Y226.9 E1787.98826
G1 X231.9 Y213.1 E1788.26366
G1 X231.1 Y213.1 E1788.27962
G1 X231.1 Y226.9 E1788.55502
G0 F9000 X230.7 Y227.3
;TYPE:WALL-OUTER
G1 F1500 X232.3 Y227.3 E1788.58695
G1 X232.3 Y212.7 E1788.8783
G1 X230.7 Y212.7 E1788.91023
G1 X230.7 Y227.3 E1789.20159
G1 F2700 E1784.20159
G0 F9000 X230.98 Y227.02
G0 X232.07 Y226.475
G0 X233.165 Y226.475
G0 X234.335 Y226.475
G0 X235.43 Y226.475
G0 X236.025 Y226.475
;TYPE:WALL-INNER
G1 F2700 E1789.20159
G1 F1333.3 X236.475 Y226.475 E1789.2117
G1 X236.475 Y213.525 E1789.50243
G1 X236.025 Y213.525 E1789.51253
G1 X236.025 Y226.475 E1789.80327
G0 F9000 X235.6 Y226.9
G1 F1500 X236.9 Y226.9 E1789.82921
G1 X236.9 Y213.1 E1790.10461
G1 X235.6 Y213.1 E1790.13055
G1 X235.6 Y226.9 E1790.40594
G0 F9000 X235.2 Y227.3
;TYPE:WALL-OUTER
G1 F1500 X237.3 Y227.3 E1790.44785
G1 X237.3 Y212.7 E1790.73921
G1 X235.2 Y212.7 E1790.78112
G1 X235.2 Y227.3 E1791.07248
G0 F9000 X236.092 Y226.29
G1 F2700 E1786.07248
;MESH:NONMESH
G0 F300 X236.092 Y226.29 Z3.6
G0 F9000 X235.43 Y213.5
G0 X234.335 Y213.5
G0 X233.153 Y211.847
G0 X129.347 Y211.847
G0 X128.165 Y213.5
G0 X127.07 Y213.5
G0 X126.5 Y213.5
;TIME_ELAPSED:4174.690489
;LAYER:29
;TYPE:WALL-INNER
;MESH:BusConnAssyAid.stl
G1 F2700 E1791.07248
G1 F1500 X126.5 Y226.5 E1791.3319
G0 F9000 X126.1 Y226.9
G1 F1500 X126.9 Y226.9 E1791.34787
G1 X126.9 Y213.1 E1791.62326
G1 X126.1 Y213.1 E1791.63923
G1 X126.1 Y226.9 E1791.91462
G0 F9000 X125.7 Y227.3
;TYPE:WALL-OUTER
G1 F1500 X127.3 Y227.3 E1791.94655
G1 X127.3 Y212.7 E1792.23791
G1 X125.7 Y212.7 E1792.26984
G1 X125.7 Y227.3 E1792.5612
G1 F2700 E1787.5612
G0 F9000 X125.98 Y227.02
G0 X127.07 Y226.5
G0 X128.165 Y226.5
G0 X129.335 Y226.5
G0 X130.43 Y226.5
G0 X131 Y226.5
;TYPE:WALL-INNER
G1 F2700 E1792.5612
G1 F1500 X131 Y213.5 E1792.82063
G0 F9000 X130.88 Y226.62
G0 X130.6 Y226.9
G1 F1500 X131.4 Y226.9 E1792.83659
G1 X131.4 Y213.1 E1793.11199
G1 X130.6 Y213.1 E1793.12795
G1 X130.6 Y226.9 E1793.40335
G0 F9000 X130.2 Y227.3
;TYPE:WALL-OUTER
G1 F1500 X131.8 Y227.3 E1793.43528
G1 X131.8 Y212.7 E1793.72663
G1 X130.2 Y212.7 E1793.75856
G1 X130.2 Y227.3 E1794.04992
G1 F2700 E1789.04992
G0 F9000 X130.48 Y227.02
G0 X131.57 Y226.5
G0 X132.665 Y226.5
G0 X139.835 Y226.5
G0 X140.93 Y226.5
G0 X141.5 Y226.5
;TYPE:WALL-INNER
G1 F2700 E1794.04992
G1 F1500 X141.5 Y213.5 E1794.30935
G0 F9000 X141.38 Y226.62
G0 X141.1 Y226.9
G1 F1500 X141.9 Y226.9 E1794.32532
G1 X141.9 Y213.1 E1794.60071
G1 X141.1 Y213.1 E1794.61668
G1 X141.1 Y226.9 E1794.89207
G0 F9000 X140.7 Y227.3
;TYPE:WALL-OUTER
G1 F1500 X142.3 Y227.3 E1794.924
G1 X142.3 Y212.7 E1795.21536
G1 X140.7 Y212.7 E1795.24729
G1 X140.7 Y227.3 E1795.53865
G1 F2700 E1790.53865
G0 F9000 X140.98 Y227.02
G0 X142.07 Y226.5
G0 X143.165 Y226.5
G0 X144.335 Y226.5
G0 X145.43 Y226.5
G0 X146 Y226.5
;TYPE:WALL-INNER
G1 F2700 E1795.53865
G1 F1500 X146 Y213.5 E1795.79808
G0 F9000 X145.88 Y226.62
G0 X145.6 Y226.9
G1 F1500 X146.4 Y226.9 E1795.81404
G1 X146.4 Y213.1 E1796.08943
G1 X145.6 Y213.1 E1796.1054
G1 X145.6 Y226.9 E1796.38079
G0 F9000 X145.2 Y227.3
;TYPE:WALL-OUTER
G1 F1500 X146.8 Y227.3 E1796.41272
G1 X146.8 Y212.7 E1796.70408
G1 X145.2 Y212.7 E1796.73601
G1 X145.2 Y227.3 E1797.02737
G1 F2700 E1792.02737
G0 F9000 X145.48 Y227.02
G0 X146.57 Y226.5
G0 X147.665 Y226.5
G0 X154.835 Y226.5
G0 X155.93 Y226.5
G0 X156.5 Y226.5
;TYPE:WALL-INNER
G1 F2700 E1797.02737
G1 F1500 X156.5 Y213.5 E1797.2868
G0 F9000 X156.38 Y226.62
G0 X156.1 Y226.9
G1 F1500 X156.9 Y226.9 E1797.30276
G1 X156.9 Y213.1 E1797.57816
G1 X156.1 Y213.1 E1797.59412
G1 X156.1 Y226.9 E1797.86952
G0 F9000 X155.7 Y227.3
;TYPE:WALL-OUTER
G1 F1500 X157.3 Y227.3 E1797.90145
G1 X157.3 Y212.7 E1798.1928
G1 X155.7 Y212.7 E1798.22473
G1 X155.7 Y227.3 E1798.51609
G1 F2700 E1793.51609
G0 F9000 X155.98 Y227.02
G0 X157.07 Y226.5
G0 X158.165 Y226.5
G0 X159.335 Y226.5
G0 X160.43 Y226.5
G0 X161 Y226.5
;TYPE:WALL-INNER
G1 F2700 E1798.51609
G1 F1500 X161 Y213.5 E1798.77552
G0 F9000 X160.88 Y226.62
G0 X160.6 Y226.9
G1 F1500 X161.4 Y226.9 E1798.79149
G1 X161.4 Y213.1 E1799.06688
G1 X160.6 Y213.1 E1799.08285
G1 X160.6 Y226.9 E1799.35824
G0 F9000 X160.2 Y227.3
;TYPE:WALL-OUTER
G1 F1500 X161.8 Y227.3 E1799.39017
G1 X161.8 Y212.7 E1799.68153
G1 X160.2 Y212.7 E1799.71346
G1 X160.2 Y227.3 E1800.00482
G1 F2700 E1795.00482
G0 F9000 X160.48 Y227.02
G0 X161.57 Y226.5
G0 X162.665 Y226.5
G0 X169.835 Y226.5
G0 X170.93 Y226.5
G0 X171.5 Y226.5
;TYPE:WALL-INNER
G1 F2700 E1800.00482
G1 F1500 X171.5 Y213.5 E1800.26425
G0 F9000 X171.38 Y226.62
G0 X171.1 Y226.9
G1 F1500 X171.9 Y226.9 E1800.28021
G1 X171.9 Y213.1 E1800.5556
G1 X171.1 Y213.1 E1800.57157
G1 X171.1 Y226.9 E1800.84696
G0 F9000 X170.7 Y227.3
;TYPE:WALL-OUTER
G1 F1500 X172.3 Y227.3 E1800.87889
G1 X172.3 Y212.7 E1801.17025
G1 X170.7 Y212.7 E1801.20218
G1 X170.7 Y227.3 E1801.49354
G1 F2700 E1796.49354
G0 F9000 X170.98 Y227.02
G0 X172.07 Y226.5
G0 X173.165 Y226.5
G0 X174.335 Y226.5
G0 X175.43 Y226.5
G0 X176 Y226.5
;TYPE:WALL-INNER
G1 F2700 E1801.49354
G1 F1500 X176 Y213.5 E1801.75297
G0 F9000 X175.88 Y226.62
G0 X175.6 Y226.9
G1 F1500 X176.4 Y226.9 E1801.76893
G1 X176.4 Y213.1 E1802.04433
G1 X175.6 Y213.1 E1802.06029
G1 X175.6 Y226.9 E1802.33569
G0 F9000 X175.2 Y227.3
;TYPE:WALL-OUTER
G1 F1500 X176.8 Y227.3 E1802.36762
G1 X176.8 Y212.7 E1802.65898
G1 X175.2 Y212.7 E1802.69091
G1 X175.2 Y227.3 E1802.98226
G1 F2700 E1797.98226
G0 F9000 X175.48 Y227.02
G0 X176.57 Y226.5
G0 X177.665 Y226.5
G0 X184.835 Y226.5
G0 X185.93 Y226.5
G0 X186.5 Y226.5
;TYPE:WALL-INNER
G1 F2700 E1802.98226
G1 F1500 X186.5 Y213.5 E1803.24169
G0 F9000 X186.38 Y226.62
G0 X186.1 Y226.9
G1 F1500 X186.9 Y226.9 E1803.25766
G1 X186.9 Y213.1 E1803.53305
G1 X186.1 Y213.1 E1803.54902
G1 X186.1 Y226.9 E1803.82441
G0 F9000 X185.7 Y227.3
;TYPE:WALL-OUTER
G1 F1500 X187.3 Y227.3 E1803.85634
G1 X187.3 Y212.7 E1804.1477
G1 X185.7 Y212.7 E1804.17963
G1 X185.7 Y227.3 E1804.47099
G1 F2700 E1799.47099
G0 F9000 X185.98 Y227.02
G0 X187.07 Y226.5
G0 X188.165 Y226.5
G0 X189.335 Y226.5
G0 X190.43 Y226.5
G0 X191 Y226.5
;TYPE:WALL-INNER
G1 F2700 E1804.47099
G1 F1500 X191 Y213.5 E1804.73042
G0 F9000 X190.88 Y226.62
G0 X190.6 Y226.9
G1 F1500 X191.4 Y226.9 E1804.74638
G1 X191.4 Y213.1 E1805.02178
G1 X190.6 Y213.1 E1805.03774
G1 X190.6 Y226.9 E1805.31313
G0 F9000 X190.2 Y227.3
;TYPE:WALL-OUTER
G1 F1500 X191.8 Y227.3 E1805.34506
G1 X191.8 Y212.7 E1805.63642
G1 X190.2 Y212.7 E1805.66835
G1 X190.2 Y227.3 E1805.95971
G1 F2700 E1800.95971
G0 F9000 X190.48 Y227.02
G0 X191.57 Y226.5
G0 X192.665 Y226.5
G0 X199.835 Y226.5
G0 X200.93 Y226.5
G0 X201.5 Y226.5
;TYPE:WALL-INNER
G1 F2700 E1805.95971
G1 F1500 X201.5 Y213.5 E1806.21914
G0 F9000 X201.38 Y226.62
G0 X201.1 Y226.9
G1 F1500 X201.9 Y226.9 E1806.23511
G1 X201.9 Y213.1 E1806.5105
G1 X201.1 Y213.1 E1806.52646
G1 X201.1 Y226.9 E1806.80186
G0 F9000 X200.7 Y227.3
;TYPE:WALL-OUTER
G1 F1500 X202.3 Y227.3 E1806.83379
G1 X202.3 Y212.7 E1807.12515
G1 X200.7 Y212.7 E1807.15708
G1 X200.7 Y227.3 E1807.44844
G1 F2700 E1802.44844
G0 F9000 X200.98 Y227.02
G0 X202.07 Y226.5
G0 X203.165 Y226.5
G0 X204.335 Y226.5
G0 X205.43 Y226.5
G0 X206 Y226.5
;TYPE:WALL-INNER
G1 F2700 E1807.44844
G1 F1500 X206 Y213.5 E1807.70786
G0 F9000 X205.88 Y226.62
G0 X205.6 Y226.9
G1 F1500 X206.4 Y226.9 E1807.72383
G1 X206.4 Y213.1 E1807.99922
G1 X205.6 Y213.1 E1808.01519
G1 X205.6 Y226.9 E1808.29058
G0 F9000 X205.2 Y227.3
;TYPE:WALL-OUTER
G1 F1500 X206.8 Y227.3 E1808.32251
G1 X206.8 Y212.7 E1808.61387
G1 X205.2 Y212.7 E1808.6458
G1 X205.2 Y227.3 E1808.93716
G1 F2700 E1803.93716
G0 F9000 X205.48 Y227.02
G0 X206.57 Y226.5
G0 X207.665 Y226.5
G0 X214.835 Y226.5
G0 X215.93 Y226.5
G0 X216.5 Y226.5
;TYPE:WALL-INNER
G1 F2700 E1808.93716
G1 F1500 X216.5 Y213.5 E1809.19659
G0 F9000 X216.38 Y226.62
G0 X216.1 Y226.9
G1 F1500 X216.9 Y226.9 E1809.21255
G1 X216.9 Y213.1 E1809.48795
G1 X216.1 Y213.1 E1809.50391
G1 X216.1 Y226.9 E1809.77931
G0 F9000 X215.7 Y227.3
;TYPE:WALL-OUTER
G1 F1500 X217.3 Y227.3 E1809.81124
G1 X217.3 Y212.7 E1810.10259
G1 X215.7 Y212.7 E1810.13452
G1 X215.7 Y227.3 E1810.42588
G1 F2700 E1805.42588
G0 F9000 X215.98 Y227.02
G0 X217.07 Y226.5
G0 X218.165 Y226.5
G0 X219.335 Y226.5
G0 X220.43 Y226.5
G0 X221 Y226.5
;TYPE:WALL-INNER
G1 F2700 E1810.42588
G1 F1500 X221 Y213.5 E1810.68531
G0 F9000 X220.88 Y226.62
G0 X220.6 Y226.9
G1 F1500 X221.4 Y226.9 E1810.70128
G1 X221.4 Y213.1 E1810.97667
G1 X220.6 Y213.1 E1810.99264
G1 X220.6 Y226.9 E1811.26803
G0 F9000 X220.2 Y227.3
;TYPE:WALL-OUTER
G1 F1500 X221.8 Y227.3 E1811.29996
G1 X221.8 Y212.7 E1811.59132
G1 X220.2 Y212.7 E1811.62325
G1 X220.2 Y227.3 E1811.91461
G1 F2700 E1806.91461
G0 F9000 X220.48 Y227.02
G0 X221.57 Y226.5
G0 X222.665 Y226.5
G0 X229.835 Y226.5
G0 X230.93 Y226.5
G0 X231.5 Y226.5
;TYPE:WALL-INNER
G1 F2700 E1811.91461
G1 F1500 X231.5 Y213.5 E1812.17404
G0 F9000 X231.38 Y226.62
G0 X231.1 Y226.9
G1 F1500 X231.9 Y226.9 E1812.19
G1 X231.9 Y213.1 E1812.46539
G1 X231.1 Y213.1 E1812.48136
G1 X231.1 Y226.9 E1812.75675
G0 F9000 X230.7 Y227.3
;TYPE:WALL-OUTER
G1 F1500 X232.3 Y227.3 E1812.78868
G1 X232.3 Y212.7 E1813.08004
G1 X230.7 Y212.7 E1813.11197
G1 X230.7 Y227.3 E1813.40333
G1 F2700 E1808.40333
G0 F9000 X230.98 Y227.02
G0 X232.07 Y226.475
G0 X233.165 Y226.475
G0 X234.335 Y226.475
G0 X235.43 Y226.475
G0 X236.025 Y226.475
;TYPE:WALL-INNER
G1 F2700 E1813.40333
G1 F1333.3 X236.475 Y226.475 E1813.41343
G1 X236.475 Y213.525 E1813.70417
G1 X236.025 Y213.525 E1813.71427
G1 X236.025 Y226.475 E1814.00501
G0 F9000 X235.6 Y226.9
G1 F1500 X236.9 Y226.9 E1814.03095
G1 X236.9 Y213.1 E1814.30634
G1 X235.6 Y213.1 E1814.33229
G1 X235.6 Y226.9 E1814.60768
G0 F9000 X235.2 Y227.3
;TYPE:WALL-OUTER
G1 F1500 X237.3 Y227.3 E1814.64959
G1 X237.3 Y212.7 E1814.94095
G1 X235.2 Y212.7 E1814.98285
G1 X235.2 Y227.3 E1815.27421
G0 F9000 X236.092 Y226.29
G1 F2700 E1810.27421
;MESH:NONMESH
G0 F300 X236.092 Y226.29 Z3.72
G0 F9000 X235.43 Y213.5
G0 X234.335 Y213.5
G0 X233.153 Y211.847
G0 X129.347 Y211.847
G0 X128.165 Y213.5
G0 X127.07 Y213.5
G0 X126.5 Y213.5
;TIME_ELAPSED:4243.980723
;LAYER:30
;TYPE:WALL-INNER
;MESH:BusConnAssyAid.stl
G1 F2700 E1815.27421
G1 F1500 X126.5 Y226.5 E1815.53364
G0 F9000 X126.1 Y226.9
G1 F1500 X126.9 Y226.9 E1815.54961
G1 X126.9 Y213.1 E1815.825
G1 X126.1 Y213.1 E1815.84097
G1 X126.1 Y226.9 E1816.11636
G0 F9000 X125.7 Y227.3
;TYPE:WALL-OUTER
G1 F1500 X127.3 Y227.3 E1816.14829
G1 X127.3 Y212.7 E1816.43965
G1 X125.7 Y212.7 E1816.47158
G1 X125.7 Y227.3 E1816.76294
G1 F2700 E1811.76294
G0 F9000 X125.98 Y227.02
G0 X127.07 Y226.5
G0 X128.165 Y226.5
G0 X129.335 Y226.5
G0 X130.43 Y226.5
G0 X131 Y226.5
;TYPE:WALL-INNER
G1 F2700 E1816.76294
G1 F1500 X131 Y213.5 E1817.02237
G0 F9000 X130.88 Y226.62
G0 X130.6 Y226.9
G1 F1500 X131.4 Y226.9 E1817.03833
G1 X131.4 Y213.1 E1817.31372
G1 X130.6 Y213.1 E1817.32969
G1 X130.6 Y226.9 E1817.60508
G0 F9000 X130.2 Y227.3
;TYPE:WALL-OUTER
G1 F1500 X131.8 Y227.3 E1817.63701
G1 X131.8 Y212.7 E1817.92837
G1 X130.2 Y212.7 E1817.9603
G1 X130.2 Y227.3 E1818.25166
G1 F2700 E1813.25166
G0 F9000 X130.48 Y227.02
G0 X131.57 Y226.5
G0 X132.665 Y226.5
G0 X139.835 Y226.5
G0 X140.93 Y226.5
G0 X141.5 Y226.5
;TYPE:WALL-INNER
G1 F2700 E1818.25166
G1 F1500 X141.5 Y213.5 E1818.51109
G0 F9000 X141.38 Y226.62
G0 X141.1 Y226.9
G1 F1500 X141.9 Y226.9 E1818.52705
G1 X141.9 Y213.1 E1818.80245
G1 X141.1 Y213.1 E1818.81841
G1 X141.1 Y226.9 E1819.09381
G0 F9000 X140.7 Y227.3
;TYPE:WALL-OUTER
G1 F1500 X142.3 Y227.3 E1819.12574
G1 X142.3 Y212.7 E1819.41709
G1 X140.7 Y212.7 E1819.44902
G1 X140.7 Y227.3 E1819.74038
G1 F2700 E1814.74038
G0 F9000 X140.98 Y227.02
G0 X142.07 Y226.5
G0 X143.165 Y226.5
G0 X144.335 Y226.5
G0 X145.43 Y226.5
G0 X146 Y226.5
;TYPE:WALL-INNER
G1 F2700 E1819.74038
G1 F1500 X146 Y213.5 E1819.99981
G0 F9000 X145.88 Y226.62
G0 X145.6 Y226.9
G1 F1500 X146.4 Y226.9 E1820.01578
G1 X146.4 Y213.1 E1820.29117
G1 X145.6 Y213.1 E1820.30714
G1 X145.6 Y226.9 E1820.58253
G0 F9000 X145.2 Y227.3
;TYPE:WALL-OUTER
G1 F1500 X146.8 Y227.3 E1820.61446
G1 X146.8 Y212.7 E1820.90582
G1 X145.2 Y212.7 E1820.93775
G1 X145.2 Y227.3 E1821.22911
G1 F2700 E1816.22911
G0 F9000 X145.48 Y227.02
G0 X146.57 Y226.5
G0 X147.665 Y226.5
G0 X154.835 Y226.5
G0 X155.93 Y226.5
G0 X156.5 Y226.5
;TYPE:WALL-INNER
G1 F2700 E1821.22911
G1 F1500 X156.5 Y213.5 E1821.48854
G0 F9000 X156.38 Y226.62
G0 X156.1 Y226.9
G1 F1500 X156.9 Y226.9 E1821.5045
G1 X156.9 Y213.1 E1821.77989
G1 X156.1 Y213.1 E1821.79586
G1 X156.1 Y226.9 E1822.07125
G0 F9000 X155.7 Y227.3
;TYPE:WALL-OUTER
G1 F1500 X157.3 Y227.3 E1822.10318
G1 X157.3 Y212.7 E1822.39454
G1 X155.7 Y212.7 E1822.42647
G1 X155.7 Y227.3 E1822.71783
G1 F2700 E1817.71783
G0 F9000 X155.98 Y227.02
G0 X157.07 Y226.5
G0 X158.165 Y226.5
G0 X159.335 Y226.5
G0 X160.43 Y226.5
G0 X161 Y226.5
;TYPE:WALL-INNER
G1 F2700 E1822.71783
G1 F1500 X161 Y213.5 E1822.97726
G0 F9000 X160.88 Y226.62
G0 X160.6 Y226.9
G1 F1500 X161.4 Y226.9 E1822.99322
G1 X161.4 Y213.1 E1823.26862
G1 X160.6 Y213.1 E1823.28458
G1 X160.6 Y226.9 E1823.55998
G0 F9000 X160.2 Y227.3
;TYPE:WALL-OUTER
G1 F1500 X161.8 Y227.3 E1823.59191
G1 X161.8 Y212.7 E1823.88327
G1 X160.2 Y212.7 E1823.9152
G1 X160.2 Y227.3 E1824.20655
G1 F2700 E1819.20655
G0 F9000 X160.48 Y227.02
G0 X161.57 Y226.5
G0 X162.665 Y226.5
G0 X169.835 Y226.5
G0 X170.93 Y226.5
G0 X171.5 Y226.5
;TYPE:WALL-INNER
G1 F2700 E1824.20655
G1 F1500 X171.5 Y213.5 E1824.46598
G0 F9000 X171.38 Y226.62
G0 X171.1 Y226.9
G1 F1500 X171.9 Y226.9 E1824.48195
G1 X171.9 Y213.1 E1824.75734
G1 X171.1 Y213.1 E1824.77331
G1 X171.1 Y226.9 E1825.0487
G0 F9000 X170.7 Y227.3
;TYPE:WALL-OUTER
G1 F1500 X172.3 Y227.3 E1825.08063
G1 X172.3 Y212.7 E1825.37199
G1 X170.7 Y212.7 E1825.40392
G1 X170.7 Y227.3 E1825.69528
G1 F2700 E1820.69528
G0 F9000 X170.98 Y227.02
G0 X172.07 Y226.5
G0 X173.165 Y226.5
G0 X174.335 Y226.5
G0 X175.43 Y226.5
G0 X176 Y226.5
;TYPE:WALL-INNER
G1 F2700 E1825.69528
G1 F1500 X176 Y213.5 E1825.95471
G0 F9000 X175.88 Y226.62
G0 X175.6 Y226.9
G1 F1500 X176.4 Y226.9 E1825.97067
G1 X176.4 Y213.1 E1826.24607
G1 X175.6 Y213.1 E1826.26203
G1 X175.6 Y226.9 E1826.53742
G0 F9000 X175.2 Y227.3
;TYPE:WALL-OUTER
G1 F1500 X176.8 Y227.3 E1826.56935
G1 X176.8 Y212.7 E1826.86071
G1 X175.2 Y212.7 E1826.89264
G1 X175.2 Y227.3 E1827.184
G1 F2700 E1822.184
G0 F9000 X175.48 Y227.02
G0 X176.57 Y226.5
G0 X177.665 Y226.5
G0 X184.835 Y226.5
G0 X185.93 Y226.5
G0 X186.5 Y226.5
;TYPE:WALL-INNER
G1 F2700 E1827.184
G1 F1500 X186.5 Y213.5 E1827.44343
G0 F9000 X186.38 Y226.62
G0 X186.1 Y226.9
G1 F1500 X186.9 Y226.9 E1827.4594
G1 X186.9 Y213.1 E1827.73479
G1 X186.1 Y213.1 E1827.75075
G1 X186.1 Y226.9 E1828.02615
G0 F9000 X185.7 Y227.3
;TYPE:WALL-OUTER
G1 F1500 X187.3 Y227.3 E1828.05808
G1 X187.3 Y212.7 E1828.34944
G1 X185.7 Y212.7 E1828.38137
G1 X185.7 Y227.3 E1828.67273
G1 F2700 E1823.67273
G0 F9000 X185.98 Y227.02
G0 X187.07 Y226.5
G0 X188.165 Y226.5
G0 X189.335 Y226.5
G0 X190.43 Y226.5
G0 X191 Y226.5
;TYPE:WALL-INNER
G1 F2700 E1828.67273
G1 F1500 X191 Y213.5 E1828.93215
G0 F9000 X190.88 Y226.62
G0 X190.6 Y226.9
G1 F1500 X191.4 Y226.9 E1828.94812
G1 X191.4 Y213.1 E1829.22351
G1 X190.6 Y213.1 E1829.23948
G1 X190.6 Y226.9 E1829.51487
G0 F9000 X190.2 Y227.3
;TYPE:WALL-OUTER
G1 F1500 X191.8 Y227.3 E1829.5468
G1 X191.8 Y212.7 E1829.83816
G1 X190.2 Y212.7 E1829.87009
G1 X190.2 Y227.3 E1830.16145
G1 F2700 E1825.16145
G0 F9000 X190.48 Y227.02
G0 X191.57 Y226.5
G0 X192.665 Y226.5
G0 X199.835 Y226.5
G0 X200.93 Y226.5
G0 X201.5 Y226.5
;TYPE:WALL-INNER
G1 F2700 E1830.16145
G1 F1500 X201.5 Y213.5 E1830.42088
G0 F9000 X201.38 Y226.62
G0 X201.1 Y226.9
G1 F1500 X201.9 Y226.9 E1830.43684
G1 X201.9 Y213.1 E1830.71224
G1 X201.1 Y213.1 E1830.7282
G1 X201.1 Y226.9 E1831.0036
G0 F9000 X200.7 Y227.3
;TYPE:WALL-OUTER
G1 F1500 X202.3 Y227.3 E1831.03553
G1 X202.3 Y212.7 E1831.32688
G1 X200.7 Y212.7 E1831.35881
G1 X200.7 Y227.3 E1831.65017
G1 F2700 E1826.65017
G0 F9000 X200.98 Y227.02
G0 X202.07 Y226.5
G0 X203.165 Y226.5
G0 X204.335 Y226.5
G0 X205.43 Y226.5
G0 X206 Y226.5
;TYPE:WALL-INNER
G1 F2700 E1831.65017
G1 F1500 X206 Y213.5 E1831.9096
G0 F9000 X205.88 Y226.62
G0 X205.6 Y226.9
G1 F1500 X206.4 Y226.9 E1831.92557
G1 X206.4 Y213.1 E1832.20096
G1 X205.6 Y213.1 E1832.21693
G1 X205.6 Y226.9 E1832.49232
G0 F9000 X205.2 Y227.3
;TYPE:WALL-OUTER
G1 F1500 X206.8 Y227.3 E1832.52425
G1 X206.8 Y212.7 E1832.81561
G1 X205.2 Y212.7 E1832.84754
G1 X205.2 Y227.3 E1833.1389
G1 F2700 E1828.1389
G0 F9000 X205.48 Y227.02
G0 X206.57 Y226.5
G0 X207.665 Y226.5
G0 X214.835 Y226.5
G0 X215.93 Y226.5
G0 X216.5 Y226.5
;TYPE:WALL-INNER
G1 F2700 E1833.1389
G1 F1500 X216.5 Y213.5 E1833.39833
G0 F9000 X216.38 Y226.62
G0 X216.1 Y226.9
G1 F1500 X216.9 Y226.9 E1833.41429
G1 X216.9 Y213.1 E1833.68968
G1 X216.1 Y213.1 E1833.70565
G1 X216.1 Y226.9 E1833.98104
G0 F9000 X215.7 Y227.3
;TYPE:WALL-OUTER
G1 F1500 X217.3 Y227.3 E1834.01297
G1 X217.3 Y212.7 E1834.30433
G1 X215.7 Y212.7 E1834.33626
G1 X215.7 Y227.3 E1834.62762
G1 F2700 E1829.62762
G0 F9000 X215.98 Y227.02
G0 X217.07 Y226.5
G0 X218.165 Y226.5
G0 X219.335 Y226.5
G0 X220.43 Y226.5
G0 X221 Y226.5
;TYPE:WALL-INNER
G1 F2700 E1834.62762
G1 F1500 X221 Y213.5 E1834.88705
G0 F9000 X220.88 Y226.62
G0 X220.6 Y226.9
G1 F1500 X221.4 Y226.9 E1834.90301
G1 X221.4 Y213.1 E1835.17841
G1 X220.6 Y213.1 E1835.19437
G1 X220.6 Y226.9 E1835.46977
G0 F9000 X220.2 Y227.3
;TYPE:WALL-OUTER
G1 F1500 X221.8 Y227.3 E1835.5017
G1 X221.8 Y212.7 E1835.79305
G1 X220.2 Y212.7 E1835.82498
G1 X220.2 Y227.3 E1836.11634
G1 F2700 E1831.11634
G0 F9000 X220.48 Y227.02
G0 X221.57 Y226.5
G0 X222.665 Y226.5
G0 X229.835 Y226.5
G0 X230.93 Y226.5
G0 X231.5 Y226.5
;TYPE:WALL-INNER
G1 F2700 E1836.11634
G1 F1500 X231.5 Y213.5 E1836.37577
G0 F9000 X231.38 Y226.62
G0 X231.1 Y226.9
G1 F1500 X231.9 Y226.9 E1836.39174
G1 X231.9 Y213.1 E1836.66713
G1 X231.1 Y213.1 E1836.6831
G1 X231.1 Y226.9 E1836.95849
G0 F9000 X230.7 Y227.3
;TYPE:WALL-OUTER
G1 F1500 X232.3 Y227.3 E1836.99042
G1 X232.3 Y212.7 E1837.28178
G1 X230.7 Y212.7 E1837.31371
G1 X230.7 Y227.3 E1837.60507
G1 F2700 E1832.60507
G0 F9000 X230.98 Y227.02
G0 X232.07 Y226.475
G0 X233.165 Y226.475
G0 X234.335 Y226.475
G0 X235.43 Y226.475
G0 X236.025 Y226.475
;TYPE:WALL-INNER
G1 F2700 E1837.60507
G1 F1333.3 X236.475 Y226.475 E1837.61517
G1 X236.475 Y213.525 E1837.90591
G1 X236.025 Y213.525 E1837.91601
G1 X236.025 Y226.475 E1838.20674
G0 F9000 X235.6 Y226.9
G1 F1500 X236.9 Y226.9 E1838.23269
G1 X236.9 Y213.1 E1838.50808
G1 X235.6 Y213.1 E1838.53402
G1 X235.6 Y226.9 E1838.80942
G0 F9000 X235.2 Y227.3
;TYPE:WALL-OUTER
G1 F1500 X237.3 Y227.3 E1838.85132
G1 X237.3 Y212.7 E1839.14268
G1 X235.2 Y212.7 E1839.18459
G1 X235.2 Y227.3 E1839.47595
G0 F9000 X236.092 Y226.29
G1 F2700 E1834.47595
;MESH:NONMESH
G0 F300 X236.092 Y226.29 Z3.84
G0 F9000 X235.43 Y213.5
G0 X234.335 Y213.5
G0 X233.153 Y211.847
G0 X129.347 Y211.847
G0 X128.165 Y213.5
G0 X127.07 Y213.5
G0 X126.5 Y213.5
;TIME_ELAPSED:4313.270957
;LAYER:31
;TYPE:WALL-INNER
;MESH:BusConnAssyAid.stl
G1 F2700 E1839.47595
G1 F1500 X126.5 Y226.5 E1839.73538
G0 F9000 X126.1 Y226.9
G1 F1500 X126.9 Y226.9 E1839.75134
G1 X126.9 Y213.1 E1840.02674
G1 X126.1 Y213.1 E1840.0427
G1 X126.1 Y226.9 E1840.3181
G0 F9000 X125.7 Y227.3
;TYPE:WALL-OUTER
G1 F1500 X127.3 Y227.3 E1840.35003
G1 X127.3 Y212.7 E1840.64138
G1 X125.7 Y212.7 E1840.67331
G1 X125.7 Y227.3 E1840.96467
G1 F2700 E1835.96467
G0 F9000 X125.98 Y227.02
G0 X127.07 Y226.5
G0 X128.165 Y226.5
G0 X129.335 Y226.5
G0 X130.43 Y226.5
G0 X131 Y226.5
;TYPE:WALL-INNER
G1 F2700 E1840.96467
G1 F1500 X131 Y213.5 E1841.2241
G0 F9000 X130.88 Y226.62
G0 X130.6 Y226.9
G1 F1500 X131.4 Y226.9 E1841.24007
G1 X131.4 Y213.1 E1841.51546
G1 X130.6 Y213.1 E1841.53143
G1 X130.6 Y226.9 E1841.80682
G0 F9000 X130.2 Y227.3
;TYPE:WALL-OUTER
G1 F1500 X131.8 Y227.3 E1841.83875
G1 X131.8 Y212.7 E1842.13011
G1 X130.2 Y212.7 E1842.16204
G1 X130.2 Y227.3 E1842.4534
G1 F2700 E1837.4534
G0 F9000 X130.48 Y227.02
G0 X131.57 Y226.5
G0 X132.665 Y226.5
G0 X139.835 Y226.5
G0 X140.93 Y226.5
G0 X141.5 Y226.5
;TYPE:WALL-INNER
G1 F2700 E1842.4534
G1 F1500 X141.5 Y213.5 E1842.71283
G0 F9000 X141.38 Y226.62
G0 X141.1 Y226.9
G1 F1500 X141.9 Y226.9 E1842.72879
G1 X141.9 Y213.1 E1843.00418
G1 X141.1 Y213.1 E1843.02015
G1 X141.1 Y226.9 E1843.29554
G0 F9000 X140.7 Y227.3
;TYPE:WALL-OUTER
G1 F1500 X142.3 Y227.3 E1843.32747
G1 X142.3 Y212.7 E1843.61883
G1 X140.7 Y212.7 E1843.65076
G1 X140.7 Y227.3 E1843.94212
G1 F2700 E1838.94212
G0 F9000 X140.98 Y227.02
G0 X142.07 Y226.5
G0 X143.165 Y226.5
G0 X144.335 Y226.5
G0 X145.43 Y226.5
G0 X146 Y226.5
;TYPE:WALL-INNER
G1 F2700 E1843.94212
G1 F1500 X146 Y213.5 E1844.20155
G0 F9000 X145.88 Y226.62
G0 X145.6 Y226.9
G1 F1500 X146.4 Y226.9 E1844.21751
G1 X146.4 Y213.1 E1844.49291
G1 X145.6 Y213.1 E1844.50887
G1 X145.6 Y226.9 E1844.78427
G0 F9000 X145.2 Y227.3
;TYPE:WALL-OUTER
G1 F1500 X146.8 Y227.3 E1844.8162
G1 X146.8 Y212.7 E1845.10756
G1 X145.2 Y212.7 E1845.13949
G1 X145.2 Y227.3 E1845.43084
G1 F2700 E1840.43084
G0 F9000 X145.48 Y227.02
G0 X146.57 Y226.5
G0 X147.665 Y226.5
G0 X154.835 Y226.5
G0 X155.93 Y226.5
G0 X156.5 Y226.5
;TYPE:WALL-INNER
G1 F2700 E1845.43084
G1 F1500 X156.5 Y213.5 E1845.69027
G0 F9000 X156.38 Y226.62
G0 X156.1 Y226.9
G1 F1500 X156.9 Y226.9 E1845.70624
G1 X156.9 Y213.1 E1845.98163
G1 X156.1 Y213.1 E1845.9976
G1 X156.1 Y226.9 E1846.27299
G0 F9000 X155.7 Y227.3
;TYPE:WALL-OUTER
G1 F1500 X157.3 Y227.3 E1846.30492
G1 X157.3 Y212.7 E1846.59628
G1 X155.7 Y212.7 E1846.62821
G1 X155.7 Y227.3 E1846.91957
G1 F2700 E1841.91957
G0 F9000 X155.98 Y227.02
G0 X157.07 Y226.5
G0 X158.165 Y226.5
G0 X159.335 Y226.5
G0 X160.43 Y226.5
G0 X161 Y226.5
;TYPE:WALL-INNER
G1 F2700 E1846.91957
G1 F1500 X161 Y213.5 E1847.179
G0 F9000 X160.88 Y226.62
G0 X160.6 Y226.9
G1 F1500 X161.4 Y226.9 E1847.19496
G1 X161.4 Y213.1 E1847.47036
G1 X160.6 Y213.1 E1847.48632
G1 X160.6 Y226.9 E1847.76171
G0 F9000 X160.2 Y227.3
;TYPE:WALL-OUTER
G1 F1500 X161.8 Y227.3 E1847.79364
G1 X161.8 Y212.7 E1848.085
G1 X160.2 Y212.7 E1848.11693
G1 X160.2 Y227.3 E1848.40829
G1 F2700 E1843.40829
G0 F9000 X160.48 Y227.02
G0 X161.57 Y226.5
G0 X162.665 Y226.5
G0 X169.835 Y226.5
G0 X170.93 Y226.5
G0 X171.5 Y226.5
;TYPE:WALL-INNER
G1 F2700 E1848.40829
G1 F1500 X171.5 Y213.5 E1848.66772
G0 F9000 X171.38 Y226.62
G0 X171.1 Y226.9
G1 F1500 X171.9 Y226.9 E1848.68369
G1 X171.9 Y213.1 E1848.95908
G1 X171.1 Y213.1 E1848.97504
G1 X171.1 Y226.9 E1849.25044
G0 F9000 X170.7 Y227.3
;TYPE:WALL-OUTER
G1 F1500 X172.3 Y227.3 E1849.28237
G1 X172.3 Y212.7 E1849.57373
G1 X170.7 Y212.7 E1849.60566
G1 X170.7 Y227.3 E1849.89702
G1 F2700 E1844.89702
G0 F9000 X170.98 Y227.02
G0 X172.07 Y226.5
G0 X173.165 Y226.5
G0 X174.335 Y226.5
G0 X175.43 Y226.5
G0 X176 Y226.5
;TYPE:WALL-INNER
G1 F2700 E1849.89702
G1 F1500 X176 Y213.5 E1850.15644
G0 F9000 X175.88 Y226.62
G0 X175.6 Y226.9
G1 F1500 X176.4 Y226.9 E1850.17241
G1 X176.4 Y213.1 E1850.4478
G1 X175.6 Y213.1 E1850.46377
G1 X175.6 Y226.9 E1850.73916
G0 F9000 X175.2 Y227.3
;TYPE:WALL-OUTER
G1 F1500 X176.8 Y227.3 E1850.77109
G1 X176.8 Y212.7 E1851.06245
G1 X175.2 Y212.7 E1851.09438
G1 X175.2 Y227.3 E1851.38574
G1 F2700 E1846.38574
G0 F9000 X175.48 Y227.02
G0 X176.57 Y226.5
G0 X177.665 Y226.5
G0 X184.835 Y226.5
G0 X185.93 Y226.5
G0 X186.5 Y226.5
;TYPE:WALL-INNER
G1 F2700 E1851.38574
G1 F1500 X186.5 Y213.5 E1851.64517
G0 F9000 X186.38 Y226.62
G0 X186.1 Y226.9
G1 F1500 X186.9 Y226.9 E1851.66113
G1 X186.9 Y213.1 E1851.93653
G1 X186.1 Y213.1 E1851.95249
G1 X186.1 Y226.9 E1852.22789
G0 F9000 X185.7 Y227.3
;TYPE:WALL-OUTER
G1 F1500 X187.3 Y227.3 E1852.25982
G1 X187.3 Y212.7 E1852.55117
G1 X185.7 Y212.7 E1852.5831
G1 X185.7 Y227.3 E1852.87446
G1 F2700 E1847.87446
G0 F9000 X185.98 Y227.02
G0 X187.07 Y226.5
G0 X188.165 Y226.5
G0 X189.335 Y226.5
G0 X190.43 Y226.5
G0 X191 Y226.5
;TYPE:WALL-INNER
G1 F2700 E1852.87446
G1 F1500 X191 Y213.5 E1853.13389
G0 F9000 X190.88 Y226.62
G0 X190.6 Y226.9
G1 F1500 X191.4 Y226.9 E1853.14986
G1 X191.4 Y213.1 E1853.42525
G1 X190.6 Y213.1 E1853.44122
G1 X190.6 Y226.9 E1853.71661
G0 F9000 X190.2 Y227.3
;TYPE:WALL-OUTER
G1 F1500 X191.8 Y227.3 E1853.74854
G1 X191.8 Y212.7 E1854.0399
G1 X190.2 Y212.7 E1854.07183
G1 X190.2 Y227.3 E1854.36319
G1 F2700 E1849.36319
G0 F9000 X190.48 Y227.02
G0 X191.57 Y226.5
G0 X192.665 Y226.5
G0 X199.835 Y226.5
G0 X200.93 Y226.5
G0 X201.5 Y226.5
;TYPE:WALL-INNER
G1 F2700 E1854.36319
G1 F1500 X201.5 Y213.5 E1854.62262
G0 F9000 X201.38 Y226.62
G0 X201.1 Y226.9
G1 F1500 X201.9 Y226.9 E1854.63858
G1 X201.9 Y213.1 E1854.91397
G1 X201.1 Y213.1 E1854.92994
G1 X201.1 Y226.9 E1855.20533
G0 F9000 X200.7 Y227.3
;TYPE:WALL-OUTER
G1 F1500 X202.3 Y227.3 E1855.23726
G1 X202.3 Y212.7 E1855.52862
G1 X200.7 Y212.7 E1855.56055
G1 X200.7 Y227.3 E1855.85191
G1 F2700 E1850.85191
G0 F9000 X200.98 Y227.02
G0 X202.07 Y226.5
G0 X203.165 Y226.5
G0 X204.335 Y226.5
G0 X205.43 Y226.5
G0 X206 Y226.5
;TYPE:WALL-INNER
G1 F2700 E1855.85191
G1 F1500 X206 Y213.5 E1856.11134
G0 F9000 X205.88 Y226.62
G0 X205.6 Y226.9
G1 F1500 X206.4 Y226.9 E1856.1273
G1 X206.4 Y213.1 E1856.4027
G1 X205.6 Y213.1 E1856.41866
G1 X205.6 Y226.9 E1856.69406
G0 F9000 X205.2 Y227.3
;TYPE:WALL-OUTER
G1 F1500 X206.8 Y227.3 E1856.72599
G1 X206.8 Y212.7 E1857.01734
G1 X205.2 Y212.7 E1857.04927
G1 X205.2 Y227.3 E1857.34063
G1 F2700 E1852.34063
G0 F9000 X205.48 Y227.02
G0 X206.57 Y226.5
G0 X207.665 Y226.5
G0 X214.835 Y226.5
G0 X215.93 Y226.5
G0 X216.5 Y226.5
;TYPE:WALL-INNER
G1 F2700 E1857.34063
G1 F1500 X216.5 Y213.5 E1857.60006
G0 F9000 X216.38 Y226.62
G0 X216.1 Y226.9
G1 F1500 X216.9 Y226.9 E1857.61603
G1 X216.9 Y213.1 E1857.89142
G1 X216.1 Y213.1 E1857.90739
G1 X216.1 Y226.9 E1858.18278
G0 F9000 X215.7 Y227.3
;TYPE:WALL-OUTER
G1 F1500 X217.3 Y227.3 E1858.21471
G1 X217.3 Y212.7 E1858.50607
G1 X215.7 Y212.7 E1858.538
G1 X215.7 Y227.3 E1858.82936
G1 F2700 E1853.82936
G0 F9000 X215.98 Y227.02
G0 X217.07 Y226.5
G0 X218.165 Y226.5
G0 X219.335 Y226.5
G0 X220.43 Y226.5
G0 X221 Y226.5
;TYPE:WALL-INNER
G1 F2700 E1858.82936
G1 F1500 X221 Y213.5 E1859.08879
G0 F9000 X220.88 Y226.62
G0 X220.6 Y226.9
G1 F1500 X221.4 Y226.9 E1859.10475
G1 X221.4 Y213.1 E1859.38014
G1 X220.6 Y213.1 E1859.39611
G1 X220.6 Y226.9 E1859.6715
G0 F9000 X220.2 Y227.3
;TYPE:WALL-OUTER
G1 F1500 X221.8 Y227.3 E1859.70343
G1 X221.8 Y212.7 E1859.99479
G1 X220.2 Y212.7 E1860.02672
G1 X220.2 Y227.3 E1860.31808
G1 F2700 E1855.31808
G0 F9000 X220.48 Y227.02
G0 X221.57 Y226.5
G0 X222.665 Y226.5
G0 X229.835 Y226.5
G0 X230.93 Y226.5
G0 X231.5 Y226.5
;TYPE:WALL-INNER
G1 F2700 E1860.31808
G1 F1500 X231.5 Y213.5 E1860.57751
G0 F9000 X231.38 Y226.62
G0 X231.1 Y226.9
G1 F1500 X231.9 Y226.9 E1860.59347
G1 X231.9 Y213.1 E1860.86887
G1 X231.1 Y213.1 E1860.88483
G1 X231.1 Y226.9 E1861.16023
G0 F9000 X230.7 Y227.3
;TYPE:WALL-OUTER
G1 F1500 X232.3 Y227.3 E1861.19216
G1 X232.3 Y212.7 E1861.48352
G1 X230.7 Y212.7 E1861.51545
G1 X230.7 Y227.3 E1861.8068
G1 F2700 E1856.8068
G0 F9000 X230.98 Y227.02
G0 X232.07 Y226.475
G0 X233.165 Y226.475
G0 X234.335 Y226.475
G0 X235.43 Y226.475
G0 X236.025 Y226.475
;TYPE:WALL-INNER
G1 F2700 E1861.8068
G1 F1333.3 X236.475 Y226.475 E1861.81691
G1 X236.475 Y213.525 E1862.10764
G1 X236.025 Y213.525 E1862.11775
G1 X236.025 Y226.475 E1862.40848
G0 F9000 X235.6 Y226.9
G1 F1500 X236.9 Y226.9 E1862.43442
G1 X236.9 Y213.1 E1862.70982
G1 X235.6 Y213.1 E1862.73576
G1 X235.6 Y226.9 E1863.01115
G0 F9000 X235.2 Y227.3
;TYPE:WALL-OUTER
G1 F1500 X237.3 Y227.3 E1863.05306
G1 X237.3 Y212.7 E1863.34442
G1 X235.2 Y212.7 E1863.38633
G1 X235.2 Y227.3 E1863.67769
G0 F9000 X236.092 Y226.29
G1 F2700 E1858.67769
;MESH:NONMESH
G0 F300 X236.092 Y226.29 Z3.96
G0 F9000 X235.43 Y213.5
G0 X234.335 Y213.5
G0 X233.153 Y211.847
G0 X129.347 Y211.847
G0 X128.165 Y213.5
G0 X127.07 Y213.5
G0 X126.5 Y213.5
;TIME_ELAPSED:4382.561191
;LAYER:32
;TYPE:WALL-INNER
;MESH:BusConnAssyAid.stl
G1 F2700 E1863.67769
G1 F1500 X126.5 Y226.5 E1863.93712
G0 F9000 X126.1 Y226.9
G1 F1500 X126.9 Y226.9 E1863.95308
G1 X126.9 Y213.1 E1864.22847
G1 X126.1 Y213.1 E1864.24444
G1 X126.1 Y226.9 E1864.51983
G0 F9000 X125.7 Y227.3
;TYPE:WALL-OUTER
G1 F1500 X127.3 Y227.3 E1864.55176
G1 X127.3 Y212.7 E1864.84312
G1 X125.7 Y212.7 E1864.87505
G1 X125.7 Y227.3 E1865.16641
G1 F2700 E1860.16641
G0 F9000 X125.98 Y227.02
G0 X127.07 Y226.5
G0 X128.165 Y226.5
G0 X129.335 Y226.5
G0 X130.43 Y226.5
G0 X131 Y226.5
;TYPE:WALL-INNER
G1 F2700 E1865.16641
G1 F1500 X131 Y213.5 E1865.42584
G0 F9000 X130.88 Y226.62
G0 X130.6 Y226.9
G1 F1500 X131.4 Y226.9 E1865.4418
G1 X131.4 Y213.1 E1865.7172
G1 X130.6 Y213.1 E1865.73316
G1 X130.6 Y226.9 E1866.00856
G0 F9000 X130.2 Y227.3
;TYPE:WALL-OUTER
G1 F1500 X131.8 Y227.3 E1866.04049
G1 X131.8 Y212.7 E1866.33185
G1 X130.2 Y212.7 E1866.36378
G1 X130.2 Y227.3 E1866.65513
G1 F2700 E1861.65513
G0 F9000 X130.48 Y227.02
G0 X131.57 Y226.5
G0 X132.665 Y226.5
G0 X139.835 Y226.5
G0 X140.93 Y226.5
G0 X141.5 Y226.5
;TYPE:WALL-INNER
G1 F2700 E1866.65513
G1 F1500 X141.5 Y213.5 E1866.91456
G0 F9000 X141.38 Y226.62
G0 X141.1 Y226.9
G1 F1500 X141.9 Y226.9 E1866.93053
G1 X141.9 Y213.1 E1867.20592
G1 X141.1 Y213.1 E1867.22189
G1 X141.1 Y226.9 E1867.49728
G0 F9000 X140.7 Y227.3
;TYPE:WALL-OUTER
G1 F1500 X142.3 Y227.3 E1867.52921
G1 X142.3 Y212.7 E1867.82057
G1 X140.7 Y212.7 E1867.8525
G1 X140.7 Y227.3 E1868.14386
G1 F2700 E1863.14386
G0 F9000 X140.98 Y227.02
G0 X142.07 Y226.5
G0 X143.165 Y226.5
G0 X144.335 Y226.5
G0 X145.43 Y226.5
G0 X146 Y226.5
;TYPE:WALL-INNER
G1 F2700 E1868.14386
G1 F1500 X146 Y213.5 E1868.40329
G0 F9000 X145.88 Y226.62
G0 X145.6 Y226.9
G1 F1500 X146.4 Y226.9 E1868.41925
G1 X146.4 Y213.1 E1868.69465
G1 X145.6 Y213.1 E1868.71061
G1 X145.6 Y226.9 E1868.986
G0 F9000 X145.2 Y227.3
;TYPE:WALL-OUTER
G1 F1500 X146.8 Y227.3 E1869.01793
G1 X146.8 Y212.7 E1869.30929
G1 X145.2 Y212.7 E1869.34122
G1 X145.2 Y227.3 E1869.63258
G1 F2700 E1864.63258
G0 F9000 X145.48 Y227.02
G0 X146.57 Y226.5
G0 X147.665 Y226.5
G0 X154.835 Y226.5
G0 X155.93 Y226.5
G0 X156.5 Y226.5
;TYPE:WALL-INNER
G1 F2700 E1869.63258
G1 F1500 X156.5 Y213.5 E1869.89201
G0 F9000 X156.38 Y226.62
G0 X156.1 Y226.9
G1 F1500 X156.9 Y226.9 E1869.90798
G1 X156.9 Y213.1 E1870.18337
G1 X156.1 Y213.1 E1870.19933
G1 X156.1 Y226.9 E1870.47473
G0 F9000 X155.7 Y227.3
;TYPE:WALL-OUTER
G1 F1500 X157.3 Y227.3 E1870.50666
G1 X157.3 Y212.7 E1870.79802
G1 X155.7 Y212.7 E1870.82995
G1 X155.7 Y227.3 E1871.12131
G1 F2700 E1866.12131
G0 F9000 X155.98 Y227.02
G0 X157.07 Y226.5
G0 X158.165 Y226.5
G0 X159.335 Y226.5
G0 X160.43 Y226.5
G0 X161 Y226.5
;TYPE:WALL-INNER
G1 F2700 E1871.12131
G1 F1500 X161 Y213.5 E1871.38073
G0 F9000 X160.88 Y226.62
G0 X160.6 Y226.9
G1 F1500 X161.4 Y226.9 E1871.3967
G1 X161.4 Y213.1 E1871.67209
G1 X160.6 Y213.1 E1871.68806
G1 X160.6 Y226.9 E1871.96345
G0 F9000 X160.2 Y227.3
;TYPE:WALL-OUTER
G1 F1500 X161.8 Y227.3 E1871.99538
G1 X161.8 Y212.7 E1872.28674
G1 X160.2 Y212.7 E1872.31867
G1 X160.2 Y227.3 E1872.61003
G1 F2700 E1867.61003
G0 F9000 X160.48 Y227.02
G0 X161.57 Y226.5
G0 X162.665 Y226.5
G0 X169.835 Y226.5
G0 X170.93 Y226.5
G0 X171.5 Y226.5
;TYPE:WALL-INNER
G1 F2700 E1872.61003
G1 F1500 X171.5 Y213.5 E1872.86946
G0 F9000 X171.38 Y226.62
G0 X171.1 Y226.9
G1 F1500 X171.9 Y226.9 E1872.88542
G1 X171.9 Y213.1 E1873.16082
G1 X171.1 Y213.1 E1873.17678
G1 X171.1 Y226.9 E1873.45218
G0 F9000 X170.7 Y227.3
;TYPE:WALL-OUTER
G1 F1500 X172.3 Y227.3 E1873.48411
G1 X172.3 Y212.7 E1873.77546
G1 X170.7 Y212.7 E1873.80739
G1 X170.7 Y227.3 E1874.09875
G1 F2700 E1869.09875
G0 F9000 X170.98 Y227.02
G0 X172.07 Y226.5
G0 X173.165 Y226.5
G0 X174.335 Y226.5
G0 X175.43 Y226.5
G0 X176 Y226.5
;TYPE:WALL-INNER
G1 F2700 E1874.09875
G1 F1500 X176 Y213.5 E1874.35818
G0 F9000 X175.88 Y226.62
G0 X175.6 Y226.9
G1 F1500 X176.4 Y226.9 E1874.37415
G1 X176.4 Y213.1 E1874.64954
G1 X175.6 Y213.1 E1874.66551
G1 X175.6 Y226.9 E1874.9409
G0 F9000 X175.2 Y227.3
;TYPE:WALL-OUTER
G1 F1500 X176.8 Y227.3 E1874.97283
G1 X176.8 Y212.7 E1875.26419
G1 X175.2 Y212.7 E1875.29612
G1 X175.2 Y227.3 E1875.58748
G1 F2700 E1870.58748
G0 F9000 X175.48 Y227.02
G0 X176.57 Y226.5
G0 X177.665 Y226.5
G0 X184.835 Y226.5
G0 X185.93 Y226.5
G0 X186.5 Y226.5
;TYPE:WALL-INNER
G1 F2700 E1875.58748
G1 F1500 X186.5 Y213.5 E1875.84691
G0 F9000 X186.38 Y226.62
G0 X186.1 Y226.9
G1 F1500 X186.9 Y226.9 E1875.86287
G1 X186.9 Y213.1 E1876.13826
G1 X186.1 Y213.1 E1876.15423
G1 X186.1 Y226.9 E1876.42962
G0 F9000 X185.7 Y227.3
;TYPE:WALL-OUTER
G1 F1500 X187.3 Y227.3 E1876.46155
G1 X187.3 Y212.7 E1876.75291
G1 X185.7 Y212.7 E1876.78484
G1 X185.7 Y227.3 E1877.0762
G1 F2700 E1872.0762
G0 F9000 X185.98 Y227.02
G0 X187.07 Y226.5
G0 X188.165 Y226.5
G0 X189.335 Y226.5
G0 X190.43 Y226.5
G0 X191 Y226.5
;TYPE:WALL-INNER
G1 F2700 E1877.0762
G1 F1500 X191 Y213.5 E1877.33563
G0 F9000 X190.88 Y226.62
G0 X190.6 Y226.9
G1 F1500 X191.4 Y226.9 E1877.35159
G1 X191.4 Y213.1 E1877.62699
G1 X190.6 Y213.1 E1877.64295
G1 X190.6 Y226.9 E1877.91835
G0 F9000 X190.2 Y227.3
;TYPE:WALL-OUTER
G1 F1500 X191.8 Y227.3 E1877.95028
G1 X191.8 Y212.7 E1878.24163
G1 X190.2 Y212.7 E1878.27356
G1 X190.2 Y227.3 E1878.56492
G1 F2700 E1873.56492
G0 F9000 X190.48 Y227.02
G0 X191.57 Y226.5
G0 X192.665 Y226.5
G0 X199.835 Y226.5
G0 X200.93 Y226.5
G0 X201.5 Y226.5
;TYPE:WALL-INNER
G1 F2700 E1878.56492
G1 F1500 X201.5 Y213.5 E1878.82435
G0 F9000 X201.38 Y226.62
G0 X201.1 Y226.9
G1 F1500 X201.9 Y226.9 E1878.84032
G1 X201.9 Y213.1 E1879.11571
G1 X201.1 Y213.1 E1879.13168
G1 X201.1 Y226.9 E1879.40707
G0 F9000 X200.7 Y227.3
;TYPE:WALL-OUTER
G1 F1500 X202.3 Y227.3 E1879.439
G1 X202.3 Y212.7 E1879.73036
G1 X200.7 Y212.7 E1879.76229
G1 X200.7 Y227.3 E1880.05365
G1 F2700 E1875.05365
G0 F9000 X200.98 Y227.02
G0 X202.07 Y226.5
G0 X203.165 Y226.5
G0 X204.335 Y226.5
G0 X205.43 Y226.5
G0 X206 Y226.5
;TYPE:WALL-INNER
G1 F2700 E1880.05365
G1 F1500 X206 Y213.5 E1880.31308
G0 F9000 X205.88 Y226.62
G0 X205.6 Y226.9
G1 F1500 X206.4 Y226.9 E1880.32904
G1 X206.4 Y213.1 E1880.60443
G1 X205.6 Y213.1 E1880.6204
G1 X205.6 Y226.9 E1880.89579
G0 F9000 X205.2 Y227.3
;TYPE:WALL-OUTER
G1 F1500 X206.8 Y227.3 E1880.92772
G1 X206.8 Y212.7 E1881.21908
G1 X205.2 Y212.7 E1881.25101
G1 X205.2 Y227.3 E1881.54237
G1 F2700 E1876.54237
G0 F9000 X205.48 Y227.02
G0 X206.57 Y226.5
G0 X207.665 Y226.5
G0 X214.835 Y226.5
G0 X215.93 Y226.5
G0 X216.5 Y226.5
;TYPE:WALL-INNER
G1 F2700 E1881.54237
G1 F1500 X216.5 Y213.5 E1881.8018
G0 F9000 X216.38 Y226.62
G0 X216.1 Y226.9
G1 F1500 X216.9 Y226.9 E1881.81776
G1 X216.9 Y213.1 E1882.09316
G1 X216.1 Y213.1 E1882.10912
G1 X216.1 Y226.9 E1882.38452
G0 F9000 X215.7 Y227.3
;TYPE:WALL-OUTER
G1 F1500 X217.3 Y227.3 E1882.41645
G1 X217.3 Y212.7 E1882.70781
G1 X215.7 Y212.7 E1882.73974
G1 X215.7 Y227.3 E1883.03109
G1 F2700 E1878.03109
G0 F9000 X215.98 Y227.02
G0 X217.07 Y226.5
G0 X218.165 Y226.5
G0 X219.335 Y226.5
G0 X220.43 Y226.5
G0 X221 Y226.5
;TYPE:WALL-INNER
G1 F2700 E1883.03109
G1 F1500 X221 Y213.5 E1883.29052
G0 F9000 X220.88 Y226.62
G0 X220.6 Y226.9
G1 F1500 X221.4 Y226.9 E1883.30649
G1 X221.4 Y213.1 E1883.58188
G1 X220.6 Y213.1 E1883.59785
G1 X220.6 Y226.9 E1883.87324
G0 F9000 X220.2 Y227.3
;TYPE:WALL-OUTER
G1 F1500 X221.8 Y227.3 E1883.90517
G1 X221.8 Y212.7 E1884.19653
G1 X220.2 Y212.7 E1884.22846
G1 X220.2 Y227.3 E1884.51982
G1 F2700 E1879.51982
G0 F9000 X220.48 Y227.02
G0 X221.57 Y226.5
G0 X222.665 Y226.5
G0 X229.835 Y226.5
G0 X230.93 Y226.5
G0 X231.5 Y226.5
;TYPE:WALL-INNER
G1 F2700 E1884.51982
G1 F1500 X231.5 Y213.5 E1884.77925
G0 F9000 X231.38 Y226.62
G0 X231.1 Y226.9
G1 F1500 X231.9 Y226.9 E1884.79521
G1 X231.9 Y213.1 E1885.07061
G1 X231.1 Y213.1 E1885.08657
G1 X231.1 Y226.9 E1885.36196
G0 F9000 X230.7 Y227.3
;TYPE:WALL-OUTER
G1 F1500 X232.3 Y227.3 E1885.39389
G1 X232.3 Y212.7 E1885.68525
G1 X230.7 Y212.7 E1885.71718
G1 X230.7 Y227.3 E1886.00854
G1 F2700 E1881.00854
G0 F9000 X230.98 Y227.02
G0 X232.07 Y226.475
G0 X233.165 Y226.475
G0 X234.335 Y226.475
G0 X235.43 Y226.475
G0 X236.025 Y226.475
;TYPE:WALL-INNER
G1 F2700 E1886.00854
G1 F1333.3 X236.475 Y226.475 E1886.01864
G1 X236.475 Y213.525 E1886.30938
G1 X236.025 Y213.525 E1886.31948
G1 X236.025 Y226.475 E1886.61022
G0 F9000 X235.6 Y226.9
G1 F1500 X236.9 Y226.9 E1886.63616
G1 X236.9 Y213.1 E1886.91155
G1 X235.6 Y213.1 E1886.9375
G1 X235.6 Y226.9 E1887.21289
G0 F9000 X235.2 Y227.3
;TYPE:WALL-OUTER
G1 F1500 X237.3 Y227.3 E1887.2548
G1 X237.3 Y212.7 E1887.54616
G1 X235.2 Y212.7 E1887.58807
G1 X235.2 Y227.3 E1887.87942
G0 F9000 X236.092 Y226.29
G1 F2700 E1882.87942
;MESH:NONMESH
G0 F300 X236.092 Y226.29 Z4.08
G0 F9000 X235.43 Y213.5
G0 X234.335 Y213.5
G0 X233.153 Y211.847
G0 X129.347 Y211.847
G0 X128.165 Y213.5
G0 X127.07 Y213.5
G0 X126.5 Y213.5
;TIME_ELAPSED:4451.851425
;LAYER:33
;TYPE:WALL-INNER
;MESH:BusConnAssyAid.stl
G1 F2700 E1887.87942
G1 F1500 X126.5 Y226.5 E1888.13885
G0 F9000 X126.1 Y226.9
G1 F1500 X126.9 Y226.9 E1888.15482
G1 X126.9 Y213.1 E1888.43021
G1 X126.1 Y213.1 E1888.44618
G1 X126.1 Y226.9 E1888.72157
G0 F9000 X125.7 Y227.3
;TYPE:WALL-OUTER
G1 F1500 X127.3 Y227.3 E1888.7535
G1 X127.3 Y212.7 E1889.04486
G1 X125.7 Y212.7 E1889.07679
G1 X125.7 Y227.3 E1889.36815
G1 F2700 E1884.36815
G0 F9000 X125.98 Y227.02
G0 X127.07 Y226.5
G0 X128.165 Y226.5
G0 X129.335 Y226.5
G0 X130.43 Y226.5
G0 X131 Y226.5
;TYPE:WALL-INNER
G1 F2700 E1889.36815
G1 F1500 X131 Y213.5 E1889.62758
G0 F9000 X130.88 Y226.62
G0 X130.6 Y226.9
G1 F1500 X131.4 Y226.9 E1889.64354
G1 X131.4 Y213.1 E1889.91894
G1 X130.6 Y213.1 E1889.9349
G1 X130.6 Y226.9 E1890.21029
G0 F9000 X130.2 Y227.3
;TYPE:WALL-OUTER
G1 F1500 X131.8 Y227.3 E1890.24222
G1 X131.8 Y212.7 E1890.53358
G1 X130.2 Y212.7 E1890.56551
G1 X130.2 Y227.3 E1890.85687
G1 F2700 E1885.85687
G0 F9000 X130.48 Y227.02
G0 X131.57 Y226.5
G0 X132.665 Y226.5
G0 X139.835 Y226.5
G0 X140.93 Y226.5
G0 X141.5 Y226.5
;TYPE:WALL-INNER
G1 F2700 E1890.85687
G1 F1500 X141.5 Y213.5 E1891.1163
G0 F9000 X141.38 Y226.62
G0 X141.1 Y226.9
G1 F1500 X141.9 Y226.9 E1891.13227
G1 X141.9 Y213.1 E1891.40766
G1 X141.1 Y213.1 E1891.42362
G1 X141.1 Y226.9 E1891.69902
G0 F9000 X140.7 Y227.3
;TYPE:WALL-OUTER
G1 F1500 X142.3 Y227.3 E1891.73095
G1 X142.3 Y212.7 E1892.02231
G1 X140.7 Y212.7 E1892.05424
G1 X140.7 Y227.3 E1892.3456
G1 F2700 E1887.3456
G0 F9000 X140.98 Y227.02
G0 X142.07 Y226.5
G0 X143.165 Y226.5
G0 X144.335 Y226.5
G0 X145.43 Y226.5
G0 X146 Y226.5
;TYPE:WALL-INNER
G1 F2700 E1892.3456
G1 F1500 X146 Y213.5 E1892.60502
G0 F9000 X145.88 Y226.62
G0 X145.6 Y226.9
G1 F1500 X146.4 Y226.9 E1892.62099
G1 X146.4 Y213.1 E1892.89638
G1 X145.6 Y213.1 E1892.91235
G1 X145.6 Y226.9 E1893.18774
G0 F9000 X145.2 Y227.3
;TYPE:WALL-OUTER
G1 F1500 X146.8 Y227.3 E1893.21967
G1 X146.8 Y212.7 E1893.51103
G1 X145.2 Y212.7 E1893.54296
G1 X145.2 Y227.3 E1893.83432
G1 F2700 E1888.83432
G0 F9000 X145.48 Y227.02
G0 X146.57 Y226.5
G0 X147.665 Y226.5
G0 X154.835 Y226.5
G0 X155.93 Y226.5
G0 X156.5 Y226.5
;TYPE:WALL-INNER
G1 F2700 E1893.83432
G1 F1500 X156.5 Y213.5 E1894.09375
G0 F9000 X156.38 Y226.62
G0 X156.1 Y226.9
G1 F1500 X156.9 Y226.9 E1894.10971
G1 X156.9 Y213.1 E1894.38511
G1 X156.1 Y213.1 E1894.40107
G1 X156.1 Y226.9 E1894.67647
G0 F9000 X155.7 Y227.3
;TYPE:WALL-OUTER
G1 F1500 X157.3 Y227.3 E1894.7084
G1 X157.3 Y212.7 E1894.99975
G1 X155.7 Y212.7 E1895.03168
G1 X155.7 Y227.3 E1895.32304
G1 F2700 E1890.32304
G0 F9000 X155.98 Y227.02
G0 X157.07 Y226.5
G0 X158.165 Y226.5
G0 X159.335 Y226.5
G0 X160.43 Y226.5
G0 X161 Y226.5
;TYPE:WALL-INNER
G1 F2700 E1895.32304
G1 F1500 X161 Y213.5 E1895.58247
G0 F9000 X160.88 Y226.62
G0 X160.6 Y226.9
G1 F1500 X161.4 Y226.9 E1895.59844
G1 X161.4 Y213.1 E1895.87383
G1 X160.6 Y213.1 E1895.8898
G1 X160.6 Y226.9 E1896.16519
G0 F9000 X160.2 Y227.3
;TYPE:WALL-OUTER
G1 F1500 X161.8 Y227.3 E1896.19712
G1 X161.8 Y212.7 E1896.48848
G1 X160.2 Y212.7 E1896.52041
G1 X160.2 Y227.3 E1896.81177
G1 F2700 E1891.81177
G0 F9000 X160.48 Y227.02
G0 X161.57 Y226.5
G0 X162.665 Y226.5
G0 X169.835 Y226.5
G0 X170.93 Y226.5
G0 X171.5 Y226.5
;TYPE:WALL-INNER
G1 F2700 E1896.81177
G1 F1500 X171.5 Y213.5 E1897.0712
G0 F9000 X171.38 Y226.62
G0 X171.1 Y226.9
G1 F1500 X171.9 Y226.9 E1897.08716
G1 X171.9 Y213.1 E1897.36255
G1 X171.1 Y213.1 E1897.37852
G1 X171.1 Y226.9 E1897.65391
G0 F9000 X170.7 Y227.3
;TYPE:WALL-OUTER
G1 F1500 X172.3 Y227.3 E1897.68584
G1 X172.3 Y212.7 E1897.9772
G1 X170.7 Y212.7 E1898.00913
G1 X170.7 Y227.3 E1898.30049
G1 F2700 E1893.30049
G0 F9000 X170.98 Y227.02
G0 X172.07 Y226.5
G0 X173.165 Y226.5
G0 X174.335 Y226.5
G0 X175.43 Y226.5
G0 X176 Y226.5
;TYPE:WALL-INNER
G1 F2700 E1898.30049
G1 F1500 X176 Y213.5 E1898.55992
G0 F9000 X175.88 Y226.62
G0 X175.6 Y226.9
G1 F1500 X176.4 Y226.9 E1898.57588
G1 X176.4 Y213.1 E1898.85128
G1 X175.6 Y213.1 E1898.86724
G1 X175.6 Y226.9 E1899.14264
G0 F9000 X175.2 Y227.3
;TYPE:WALL-OUTER
G1 F1500 X176.8 Y227.3 E1899.17457
G1 X176.8 Y212.7 E1899.46592
G1 X175.2 Y212.7 E1899.49785
G1 X175.2 Y227.3 E1899.78921
G1 F2700 E1894.78921
G0 F9000 X175.48 Y227.02
G0 X176.57 Y226.5
G0 X177.665 Y226.5
G0 X184.835 Y226.5
G0 X185.93 Y226.5
G0 X186.5 Y226.5
;TYPE:WALL-INNER
G1 F2700 E1899.78921
G1 F1500 X186.5 Y213.5 E1900.04864
G0 F9000 X186.38 Y226.62
G0 X186.1 Y226.9
G1 F1500 X186.9 Y226.9 E1900.06461
G1 X186.9 Y213.1 E1900.34
G1 X186.1 Y213.1 E1900.35597
G1 X186.1 Y226.9 E1900.63136
G0 F9000 X185.7 Y227.3
;TYPE:WALL-OUTER
G1 F1500 X187.3 Y227.3 E1900.66329
G1 X187.3 Y212.7 E1900.95465
G1 X185.7 Y212.7 E1900.98658
G1 X185.7 Y227.3 E1901.27794
G1 F2700 E1896.27794
G0 F9000 X185.98 Y227.02
G0 X187.07 Y226.5
G0 X188.165 Y226.5
G0 X189.335 Y226.5
G0 X190.43 Y226.5
G0 X191 Y226.5
;TYPE:WALL-INNER
G1 F2700 E1901.27794
G1 F1500 X191 Y213.5 E1901.53737
G0 F9000 X190.88 Y226.62
G0 X190.6 Y226.9
G1 F1500 X191.4 Y226.9 E1901.55333
G1 X191.4 Y213.1 E1901.82872
G1 X190.6 Y213.1 E1901.84469
G1 X190.6 Y226.9 E1902.12008
G0 F9000 X190.2 Y227.3
;TYPE:WALL-OUTER
G1 F1500 X191.8 Y227.3 E1902.15201
G1 X191.8 Y212.7 E1902.44337
G1 X190.2 Y212.7 E1902.4753
G1 X190.2 Y227.3 E1902.76666
G1 F2700 E1897.76666
G0 F9000 X190.48 Y227.02
G0 X191.57 Y226.5
G0 X192.665 Y226.5
G0 X199.835 Y226.5
G0 X200.93 Y226.5
G0 X201.5 Y226.5
;TYPE:WALL-INNER
G1 F2700 E1902.76666
G1 F1500 X201.5 Y213.5 E1903.02609
G0 F9000 X201.38 Y226.62
G0 X201.1 Y226.9
G1 F1500 X201.9 Y226.9 E1903.04205
G1 X201.9 Y213.1 E1903.31745
G1 X201.1 Y213.1 E1903.33341
G1 X201.1 Y226.9 E1903.60881
G0 F9000 X200.7 Y227.3
;TYPE:WALL-OUTER
G1 F1500 X202.3 Y227.3 E1903.64074
G1 X202.3 Y212.7 E1903.9321
G1 X200.7 Y212.7 E1903.96403
G1 X200.7 Y227.3 E1904.25538
G1 F2700 E1899.25538
G0 F9000 X200.98 Y227.02
G0 X202.07 Y226.5
G0 X203.165 Y226.5
G0 X204.335 Y226.5
G0 X205.43 Y226.5
G0 X206 Y226.5
;TYPE:WALL-INNER
G1 F2700 E1904.25538
G1 F1500 X206 Y213.5 E1904.51481
G0 F9000 X205.88 Y226.62
G0 X205.6 Y226.9
G1 F1500 X206.4 Y226.9 E1904.53078
G1 X206.4 Y213.1 E1904.80617
G1 X205.6 Y213.1 E1904.82214
G1 X205.6 Y226.9 E1905.09753
G0 F9000 X205.2 Y227.3
;TYPE:WALL-OUTER
G1 F1500 X206.8 Y227.3 E1905.12946
G1 X206.8 Y212.7 E1905.42082
G1 X205.2 Y212.7 E1905.45275
G1 X205.2 Y227.3 E1905.74411
G1 F2700 E1900.74411
G0 F9000 X205.48 Y227.02
G0 X206.57 Y226.5
G0 X207.665 Y226.5
G0 X214.835 Y226.5
G0 X215.93 Y226.5
G0 X216.5 Y226.5
;TYPE:WALL-INNER
G1 F2700 E1905.74411
G1 F1500 X216.5 Y213.5 E1906.00354
G0 F9000 X216.38 Y226.62
G0 X216.1 Y226.9
G1 F1500 X216.9 Y226.9 E1906.0195
G1 X216.9 Y213.1 E1906.2949
G1 X216.1 Y213.1 E1906.31086
G1 X216.1 Y226.9 E1906.58625
G0 F9000 X215.7 Y227.3
;TYPE:WALL-OUTER
G1 F1500 X217.3 Y227.3 E1906.61818
G1 X217.3 Y212.7 E1906.90954
G1 X215.7 Y212.7 E1906.94147
G1 X215.7 Y227.3 E1907.23283
G1 F2700 E1902.23283
G0 F9000 X215.98 Y227.02
G0 X217.07 Y226.5
G0 X218.165 Y226.5
G0 X219.335 Y226.5
G0 X220.43 Y226.5
G0 X221 Y226.5
;TYPE:WALL-INNER
G1 F2700 E1907.23283
G1 F1500 X221 Y213.5 E1907.49226
G0 F9000 X220.88 Y226.62
G0 X220.6 Y226.9
G1 F1500 X221.4 Y226.9 E1907.50823
G1 X221.4 Y213.1 E1907.78362
G1 X220.6 Y213.1 E1907.79958
G1 X220.6 Y226.9 E1908.07498
G0 F9000 X220.2 Y227.3
;TYPE:WALL-OUTER
G1 F1500 X221.8 Y227.3 E1908.10691
G1 X221.8 Y212.7 E1908.39827
G1 X220.2 Y212.7 E1908.4302
G1 X220.2 Y227.3 E1908.72156
G1 F2700 E1903.72156
G0 F9000 X220.48 Y227.02
G0 X221.57 Y226.5
G0 X222.665 Y226.5
G0 X229.835 Y226.5
G0 X230.93 Y226.5
G0 X231.5 Y226.5
;TYPE:WALL-INNER
G1 F2700 E1908.72156
G1 F1500 X231.5 Y213.5 E1908.98098
G0 F9000 X231.38 Y226.62
G0 X231.1 Y226.9
G1 F1500 X231.9 Y226.9 E1908.99695
G1 X231.9 Y213.1 E1909.27234
G1 X231.1 Y213.1 E1909.28831
G1 X231.1 Y226.9 E1909.5637
G0 F9000 X230.7 Y227.3
;TYPE:WALL-OUTER
G1 F1500 X232.3 Y227.3 E1909.59563
G1 X232.3 Y212.7 E1909.88699
G1 X230.7 Y212.7 E1909.91892
G1 X230.7 Y227.3 E1910.21028
G1 F2700 E1905.21028
G0 F9000 X230.98 Y227.02
G0 X232.07 Y226.475
G0 X233.165 Y226.475
G0 X234.335 Y226.475
G0 X235.43 Y226.475
G0 X236.025 Y226.475
;TYPE:WALL-INNER
G1 F2700 E1910.21028
G1 F1333.3 X236.475 Y226.475 E1910.22038
G1 X236.475 Y213.525 E1910.51112
G1 X236.025 Y213.525 E1910.52122
G1 X236.025 Y226.475 E1910.81195
G0 F9000 X235.6 Y226.9
G1 F1500 X236.9 Y226.9 E1910.8379
G1 X236.9 Y213.1 E1911.11329
G1 X235.6 Y213.1 E1911.13923
G1 X235.6 Y226.9 E1911.41463
G0 F9000 X235.2 Y227.3
;TYPE:WALL-OUTER
G1 F1500 X237.3 Y227.3 E1911.45654
G1 X237.3 Y212.7 E1911.74789
G1 X235.2 Y212.7 E1911.7898
G1 X235.2 Y227.3 E1912.08116
G0 F9000 X236.092 Y226.29
G1 F2700 E1907.08116
;MESH:NONMESH
G0 F300 X236.092 Y226.29 Z4.2
G0 F9000 X235.43 Y213.5
G0 X234.335 Y213.5
G0 X233.153 Y211.847
G0 X129.347 Y211.847
G0 X128.165 Y213.5
G0 X127.07 Y213.5
G0 X126.5 Y213.5
;TIME_ELAPSED:4521.141659
;LAYER:34
;TYPE:WALL-INNER
;MESH:BusConnAssyAid.stl
G1 F2700 E1912.08116
G1 F1500 X126.5 Y226.5 E1912.34059
G0 F9000 X126.1 Y226.9
G1 F1500 X126.9 Y226.9 E1912.35656
G1 X126.9 Y213.1 E1912.63195
G1 X126.1 Y213.1 E1912.64791
G1 X126.1 Y226.9 E1912.92331
G0 F9000 X125.7 Y227.3
;TYPE:WALL-OUTER
G1 F1500 X127.3 Y227.3 E1912.95524
G1 X127.3 Y212.7 E1913.2466
G1 X125.7 Y212.7 E1913.27853
G1 X125.7 Y227.3 E1913.56989
G1 F2700 E1908.56989
G0 F9000 X125.98 Y227.02
G0 X127.07 Y226.5
G0 X128.165 Y226.5
G0 X129.335 Y226.5
G0 X130.43 Y226.5
G0 X131 Y226.5
;TYPE:WALL-INNER
G1 F2700 E1913.56989
G1 F1500 X131 Y213.5 E1913.82931
G0 F9000 X130.88 Y226.62
G0 X130.6 Y226.9
G1 F1500 X131.4 Y226.9 E1913.84528
G1 X131.4 Y213.1 E1914.12067
G1 X130.6 Y213.1 E1914.13664
G1 X130.6 Y226.9 E1914.41203
G0 F9000 X130.2 Y227.3
;TYPE:WALL-OUTER
G1 F1500 X131.8 Y227.3 E1914.44396
G1 X131.8 Y212.7 E1914.73532
G1 X130.2 Y212.7 E1914.76725
G1 X130.2 Y227.3 E1915.05861
G1 F2700 E1910.05861
G0 F9000 X130.48 Y227.02
G0 X131.57 Y226.5
G0 X132.665 Y226.5
G0 X139.835 Y226.5
G0 X140.93 Y226.5
G0 X141.5 Y226.5
;TYPE:WALL-INNER
G1 F2700 E1915.05861
G1 F1500 X141.5 Y213.5 E1915.31804
G0 F9000 X141.38 Y226.62
G0 X141.1 Y226.9
G1 F1500 X141.9 Y226.9 E1915.334
G1 X141.9 Y213.1 E1915.6094
G1 X141.1 Y213.1 E1915.62536
G1 X141.1 Y226.9 E1915.90076
G0 F9000 X140.7 Y227.3
;TYPE:WALL-OUTER
G1 F1500 X142.3 Y227.3 E1915.93269
G1 X142.3 Y212.7 E1916.22404
G1 X140.7 Y212.7 E1916.25597
G1 X140.7 Y227.3 E1916.54733
G1 F2700 E1911.54733
G0 F9000 X140.98 Y227.02
G0 X142.07 Y226.5
G0 X143.165 Y226.5
G0 X144.335 Y226.5
G0 X145.43 Y226.5
G0 X146 Y226.5
;TYPE:WALL-INNER
G1 F2700 E1916.54733
G1 F1500 X146 Y213.5 E1916.80676
G0 F9000 X145.88 Y226.62
G0 X145.6 Y226.9
G1 F1500 X146.4 Y226.9 E1916.82273
G1 X146.4 Y213.1 E1917.09812
G1 X145.6 Y213.1 E1917.11409
G1 X145.6 Y226.9 E1917.38948
G0 F9000 X145.2 Y227.3
;TYPE:WALL-OUTER
G1 F1500 X146.8 Y227.3 E1917.42141
G1 X146.8 Y212.7 E1917.71277
G1 X145.2 Y212.7 E1917.7447
G1 X145.2 Y227.3 E1918.03606
G1 F2700 E1913.03606
G0 F9000 X145.48 Y227.02
G0 X146.57 Y226.5
G0 X147.665 Y226.5
G0 X154.835 Y226.5
G0 X155.93 Y226.5
G0 X156.5 Y226.5
;TYPE:WALL-INNER
G1 F2700 E1918.03606
G1 F1500 X156.5 Y213.5 E1918.29549
G0 F9000 X156.38 Y226.62
G0 X156.1 Y226.9
G1 F1500 X156.9 Y226.9 E1918.31145
G1 X156.9 Y213.1 E1918.58684
G1 X156.1 Y213.1 E1918.60281
G1 X156.1 Y226.9 E1918.8782
G0 F9000 X155.7 Y227.3
;TYPE:WALL-OUTER
G1 F1500 X157.3 Y227.3 E1918.91013
G1 X157.3 Y212.7 E1919.20149
G1 X155.7 Y212.7 E1919.23342
G1 X155.7 Y227.3 E1919.52478
G1 F2700 E1914.52478
G0 F9000 X155.98 Y227.02
G0 X157.07 Y226.5
G0 X158.165 Y226.5
G0 X159.335 Y226.5
G0 X160.43 Y226.5
G0 X161 Y226.5
;TYPE:WALL-INNER
G1 F2700 E1919.52478
G1 F1500 X161 Y213.5 E1919.78421
G0 F9000 X160.88 Y226.62
G0 X160.6 Y226.9
G1 F1500 X161.4 Y226.9 E1919.80017
G1 X161.4 Y213.1 E1920.07557
G1 X160.6 Y213.1 E1920.09153
G1 X160.6 Y226.9 E1920.36693
G0 F9000 X160.2 Y227.3
;TYPE:WALL-OUTER
G1 F1500 X161.8 Y227.3 E1920.39886
G1 X161.8 Y212.7 E1920.69021
G1 X160.2 Y212.7 E1920.72214
G1 X160.2 Y227.3 E1921.0135
G1 F2700 E1916.0135
G0 F9000 X160.48 Y227.02
G0 X161.57 Y226.5
G0 X162.665 Y226.5
G0 X169.835 Y226.5
G0 X170.93 Y226.5
G0 X171.5 Y226.5
;TYPE:WALL-INNER
G1 F2700 E1921.0135
G1 F1500 X171.5 Y213.5 E1921.27293
G0 F9000 X171.38 Y226.62
G0 X171.1 Y226.9
G1 F1500 X171.9 Y226.9 E1921.2889
G1 X171.9 Y213.1 E1921.56429
G1 X171.1 Y213.1 E1921.58026
G1 X171.1 Y226.9 E1921.85565
G0 F9000 X170.7 Y227.3
;TYPE:WALL-OUTER
G1 F1500 X172.3 Y227.3 E1921.88758
G1 X172.3 Y212.7 E1922.17894
G1 X170.7 Y212.7 E1922.21087
G1 X170.7 Y227.3 E1922.50223
G1 F2700 E1917.50223
G0 F9000 X170.98 Y227.02
G0 X172.07 Y226.5
G0 X173.165 Y226.5
G0 X174.335 Y226.5
G0 X175.43 Y226.5
G0 X176 Y226.5
;TYPE:WALL-INNER
G1 F2700 E1922.50223
G1 F1500 X176 Y213.5 E1922.76166
G0 F9000 X175.88 Y226.62
G0 X175.6 Y226.9
G1 F1500 X176.4 Y226.9 E1922.77762
G1 X176.4 Y213.1 E1923.05301
G1 X175.6 Y213.1 E1923.06898
G1 X175.6 Y226.9 E1923.34437
G0 F9000 X175.2 Y227.3
;TYPE:WALL-OUTER
G1 F1500 X176.8 Y227.3 E1923.3763
G1 X176.8 Y212.7 E1923.66766
G1 X175.2 Y212.7 E1923.69959
G1 X175.2 Y227.3 E1923.99095
G1 F2700 E1918.99095
G0 F9000 X175.48 Y227.02
G0 X176.57 Y226.5
G0 X177.665 Y226.5
G0 X184.835 Y226.5
G0 X185.93 Y226.5
G0 X186.5 Y226.5
;TYPE:WALL-INNER
G1 F2700 E1923.99095
G1 F1500 X186.5 Y213.5 E1924.25038
G0 F9000 X186.38 Y226.62
G0 X186.1 Y226.9
G1 F1500 X186.9 Y226.9 E1924.26634
G1 X186.9 Y213.1 E1924.54174
G1 X186.1 Y213.1 E1924.5577
G1 X186.1 Y226.9 E1924.8331
G0 F9000 X185.7 Y227.3
;TYPE:WALL-OUTER
G1 F1500 X187.3 Y227.3 E1924.86503
G1 X187.3 Y212.7 E1925.15639
G1 X185.7 Y212.7 E1925.18832
G1 X185.7 Y227.3 E1925.47967
G1 F2700 E1920.47967
G0 F9000 X185.98 Y227.02
G0 X187.07 Y226.5
G0 X188.165 Y226.5
G0 X189.335 Y226.5
G0 X190.43 Y226.5
G0 X191 Y226.5
;TYPE:WALL-INNER
G1 F2700 E1925.47967
G1 F1500 X191 Y213.5 E1925.7391
G0 F9000 X190.88 Y226.62
G0 X190.6 Y226.9
G1 F1500 X191.4 Y226.9 E1925.75507
G1 X191.4 Y213.1 E1926.03046
G1 X190.6 Y213.1 E1926.04643
G1 X190.6 Y226.9 E1926.32182
G0 F9000 X190.2 Y227.3
;TYPE:WALL-OUTER
G1 F1500 X191.8 Y227.3 E1926.35375
G1 X191.8 Y212.7 E1926.64511
G1 X190.2 Y212.7 E1926.67704
G1 X190.2 Y227.3 E1926.9684
G1 F2700 E1921.9684
G0 F9000 X190.48 Y227.02
G0 X191.57 Y226.5
G0 X192.665 Y226.5
G0 X199.835 Y226.5
G0 X200.93 Y226.5
G0 X201.5 Y226.5
;TYPE:WALL-INNER
G1 F2700 E1926.9684
G1 F1500 X201.5 Y213.5 E1927.22783
G0 F9000 X201.38 Y226.62
G0 X201.1 Y226.9
G1 F1500 X201.9 Y226.9 E1927.24379
G1 X201.9 Y213.1 E1927.51919
G1 X201.1 Y213.1 E1927.53515
G1 X201.1 Y226.9 E1927.81054
G0 F9000 X200.7 Y227.3
;TYPE:WALL-OUTER
G1 F1500 X202.3 Y227.3 E1927.84247
G1 X202.3 Y212.7 E1928.13383
G1 X200.7 Y212.7 E1928.16576
G1 X200.7 Y227.3 E1928.45712
G1 F2700 E1923.45712
G0 F9000 X200.98 Y227.02
G0 X202.07 Y226.5
G0 X203.165 Y226.5
G0 X204.335 Y226.5
G0 X205.43 Y226.5
G0 X206 Y226.5
;TYPE:WALL-INNER
G1 F2700 E1928.45712
G1 F1500 X206 Y213.5 E1928.71655
G0 F9000 X205.88 Y226.62
G0 X205.6 Y226.9
G1 F1500 X206.4 Y226.9 E1928.73252
G1 X206.4 Y213.1 E1929.00791
G1 X205.6 Y213.1 E1929.02387
G1 X205.6 Y226.9 E1929.29927
G0 F9000 X205.2 Y227.3
;TYPE:WALL-OUTER
G1 F1500 X206.8 Y227.3 E1929.3312
G1 X206.8 Y212.7 E1929.62256
G1 X205.2 Y212.7 E1929.65449
G1 X205.2 Y227.3 E1929.94585
G1 F2700 E1924.94585
G0 F9000 X205.48 Y227.02
G0 X206.57 Y226.5
G0 X207.665 Y226.5
G0 X214.835 Y226.5
G0 X215.93 Y226.5
G0 X216.5 Y226.5
;TYPE:WALL-INNER
G1 F2700 E1929.94585
G1 F1500 X216.5 Y213.5 E1930.20527
G0 F9000 X216.38 Y226.62
G0 X216.1 Y226.9
G1 F1500 X216.9 Y226.9 E1930.22124
G1 X216.9 Y213.1 E1930.49663
G1 X216.1 Y213.1 E1930.5126
G1 X216.1 Y226.9 E1930.78799
G0 F9000 X215.7 Y227.3
;TYPE:WALL-OUTER
G1 F1500 X217.3 Y227.3 E1930.81992
G1 X217.3 Y212.7 E1931.11128
G1 X215.7 Y212.7 E1931.14321
G1 X215.7 Y227.3 E1931.43457
G1 F2700 E1926.43457
G0 F9000 X215.98 Y227.02
G0 X217.07 Y226.5
G0 X218.165 Y226.5
G0 X219.335 Y226.5
G0 X220.43 Y226.5
G0 X221 Y226.5
;TYPE:WALL-INNER
G1 F2700 E1931.43457
G1 F1500 X221 Y213.5 E1931.694
G0 F9000 X220.88 Y226.62
G0 X220.6 Y226.9
G1 F1500 X221.4 Y226.9 E1931.70996
G1 X221.4 Y213.1 E1931.98536
G1 X220.6 Y213.1 E1932.00132
G1 X220.6 Y226.9 E1932.27672
G0 F9000 X220.2 Y227.3
;TYPE:WALL-OUTER
G1 F1500 X221.8 Y227.3 E1932.30865
G1 X221.8 Y212.7 E1932.6
G1 X220.2 Y212.7 E1932.63193
G1 X220.2 Y227.3 E1932.92329
G1 F2700 E1927.92329
G0 F9000 X220.48 Y227.02
G0 X221.57 Y226.5
G0 X222.665 Y226.5
G0 X229.835 Y226.5
G0 X230.93 Y226.5
G0 X231.5 Y226.5
;TYPE:WALL-INNER
G1 F2700 E1932.92329
G1 F1500 X231.5 Y213.5 E1933.18272
G0 F9000 X231.38 Y226.62
G0 X231.1 Y226.9
G1 F1500 X231.9 Y226.9 E1933.19869
G1 X231.9 Y213.1 E1933.47408
G1 X231.1 Y213.1 E1933.49005
G1 X231.1 Y226.9 E1933.76544
G0 F9000 X230.7 Y227.3
;TYPE:WALL-OUTER
G1 F1500 X232.3 Y227.3 E1933.79737
G1 X232.3 Y212.7 E1934.08873
G1 X230.7 Y212.7 E1934.12066
G1 X230.7 Y227.3 E1934.41202
G1 F2700 E1929.41202
G0 F9000 X230.98 Y227.02
G0 X232.07 Y226.475
G0 X233.165 Y226.475
G0 X234.335 Y226.475
G0 X235.43 Y226.475
G0 X236.025 Y226.475
;TYPE:WALL-INNER
G1 F2700 E1934.41202
G1 F1333.3 X236.475 Y226.475 E1934.42212
G1 X236.475 Y213.525 E1934.71285
G1 X236.025 Y213.525 E1934.72296
G1 X236.025 Y226.475 E1935.01369
G0 F9000 X235.6 Y226.9
G1 F1500 X236.9 Y226.9 E1935.03963
G1 X236.9 Y213.1 E1935.31503
G1 X235.6 Y213.1 E1935.34097
G1 X235.6 Y226.9 E1935.61637
G0 F9000 X235.2 Y227.3
;TYPE:WALL-OUTER
G1 F1500 X237.3 Y227.3 E1935.65827
G1 X237.3 Y212.7 E1935.94963
G1 X235.2 Y212.7 E1935.99154
G1 X235.2 Y227.3 E1936.2829
G0 F9000 X236.092 Y226.29
G1 F2700 E1931.2829
;MESH:NONMESH
G0 F300 X236.092 Y226.29 Z4.32
G0 F9000 X235.43 Y213.5
G0 X234.335 Y213.5
G0 X233.153 Y211.847
G0 X129.347 Y211.847
G0 X128.165 Y213.5
G0 X127.07 Y213.5
G0 X126.5 Y213.5
;TIME_ELAPSED:4590.431893
;LAYER:35
;TYPE:WALL-INNER
;MESH:BusConnAssyAid.stl
G1 F2700 E1936.2829
G1 F1500 X126.5 Y226.5 E1936.54233
G0 F9000 X126.1 Y226.9
G1 F1500 X126.9 Y226.9 E1936.55829
G1 X126.9 Y213.1 E1936.83369
G1 X126.1 Y213.1 E1936.84965
G1 X126.1 Y226.9 E1937.12505
G0 F9000 X125.7 Y227.3
;TYPE:WALL-OUTER
G1 F1500 X127.3 Y227.3 E1937.15698
G1 X127.3 Y212.7 E1937.44833
G1 X125.7 Y212.7 E1937.48026
G1 X125.7 Y227.3 E1937.77162
G1 F2700 E1932.77162
G0 F9000 X125.98 Y227.02
G0 X127.07 Y226.5
G0 X128.165 Y226.5
G0 X129.335 Y226.5
G0 X130.43 Y226.5
G0 X131 Y226.5
;TYPE:WALL-INNER
G1 F2700 E1937.77162
G1 F1500 X131 Y213.5 E1938.03105
G0 F9000 X130.88 Y226.62
G0 X130.6 Y226.9
G1 F1500 X131.4 Y226.9 E1938.04702
G1 X131.4 Y213.1 E1938.32241
G1 X130.6 Y213.1 E1938.33838
G1 X130.6 Y226.9 E1938.61377
G0 F9000 X130.2 Y227.3
;TYPE:WALL-OUTER
G1 F1500 X131.8 Y227.3 E1938.6457
G1 X131.8 Y212.7 E1938.93706
G1 X130.2 Y212.7 E1938.96899
G1 X130.2 Y227.3 E1939.26035
G1 F2700 E1934.26035
G0 F9000 X130.48 Y227.02
G0 X131.57 Y226.5
G0 X132.665 Y226.5
G0 X139.835 Y226.5
G0 X140.93 Y226.5
G0 X141.5 Y226.5
;TYPE:WALL-INNER
G1 F2700 E1939.26035
G1 F1500 X141.5 Y213.5 E1939.51978
G0 F9000 X141.38 Y226.62
G0 X141.1 Y226.9
G1 F1500 X141.9 Y226.9 E1939.53574
G1 X141.9 Y213.1 E1939.81113
G1 X141.1 Y213.1 E1939.8271
G1 X141.1 Y226.9 E1940.10249
G0 F9000 X140.7 Y227.3
;TYPE:WALL-OUTER
G1 F1500 X142.3 Y227.3 E1940.13442
G1 X142.3 Y212.7 E1940.42578
G1 X140.7 Y212.7 E1940.45771
G1 X140.7 Y227.3 E1940.74907
G1 F2700 E1935.74907
G0 F9000 X140.98 Y227.02
G0 X142.07 Y226.5
G0 X143.165 Y226.5
G0 X144.335 Y226.5
G0 X145.43 Y226.5
G0 X146 Y226.5
;TYPE:WALL-INNER
G1 F2700 E1940.74907
G1 F1500 X146 Y213.5 E1941.0085
G0 F9000 X145.88 Y226.62
G0 X145.6 Y226.9
G1 F1500 X146.4 Y226.9 E1941.02446
G1 X146.4 Y213.1 E1941.29986
G1 X145.6 Y213.1 E1941.31582
G1 X145.6 Y226.9 E1941.59122
G0 F9000 X145.2 Y227.3
;TYPE:WALL-OUTER
G1 F1500 X146.8 Y227.3 E1941.62315
G1 X146.8 Y212.7 E1941.9145
G1 X145.2 Y212.7 E1941.94643
G1 X145.2 Y227.3 E1942.23779
G1 F2700 E1937.23779
G0 F9000 X145.48 Y227.02
G0 X146.57 Y226.5
G0 X147.665 Y226.5
G0 X154.835 Y226.5
G0 X155.93 Y226.5
G0 X156.5 Y226.5
;TYPE:WALL-INNER
G1 F2700 E1942.23779
G1 F1500 X156.5 Y213.5 E1942.49722
G0 F9000 X156.38 Y226.62
G0 X156.1 Y226.9
G1 F1500 X156.9 Y226.9 E1942.51319
G1 X156.9 Y213.1 E1942.78858
G1 X156.1 Y213.1 E1942.80455
G1 X156.1 Y226.9 E1943.07994
G0 F9000 X155.7 Y227.3
;TYPE:WALL-OUTER
G1 F1500 X157.3 Y227.3 E1943.11187
G1 X157.3 Y212.7 E1943.40323
G1 X155.7 Y212.7 E1943.43516
G1 X155.7 Y227.3 E1943.72652
G1 F2700 E1938.72652
G0 F9000 X155.98 Y227.02
G0 X157.07 Y226.5
G0 X158.165 Y226.5
G0 X159.335 Y226.5
G0 X160.43 Y226.5
G0 X161 Y226.5
;TYPE:WALL-INNER
G1 F2700 E1943.72652
G1 F1500 X161 Y213.5 E1943.98595
G0 F9000 X160.88 Y226.62
G0 X160.6 Y226.9
G1 F1500 X161.4 Y226.9 E1944.00191
G1 X161.4 Y213.1 E1944.2773
G1 X160.6 Y213.1 E1944.29327
G1 X160.6 Y226.9 E1944.56866
G0 F9000 X160.2 Y227.3
;TYPE:WALL-OUTER
G1 F1500 X161.8 Y227.3 E1944.60059
G1 X161.8 Y212.7 E1944.89195
G1 X160.2 Y212.7 E1944.92388
G1 X160.2 Y227.3 E1945.21524
G1 F2700 E1940.21524
G0 F9000 X160.48 Y227.02
G0 X161.57 Y226.5
G0 X162.665 Y226.5
G0 X169.835 Y226.5
G0 X170.93 Y226.5
G0 X171.5 Y226.5
;TYPE:WALL-INNER
G1 F2700 E1945.21524
G1 F1500 X171.5 Y213.5 E1945.47467
G0 F9000 X171.38 Y226.62
G0 X171.1 Y226.9
G1 F1500 X171.9 Y226.9 E1945.49063
G1 X171.9 Y213.1 E1945.76603
G1 X171.1 Y213.1 E1945.78199
G1 X171.1 Y226.9 E1946.05739
G0 F9000 X170.7 Y227.3
;TYPE:WALL-OUTER
G1 F1500 X172.3 Y227.3 E1946.08932
G1 X172.3 Y212.7 E1946.38068
G1 X170.7 Y212.7 E1946.41261
G1 X170.7 Y227.3 E1946.70396
G1 F2700 E1941.70396
G0 F9000 X170.98 Y227.02
G0 X172.07 Y226.5
G0 X173.165 Y226.5
G0 X174.335 Y226.5
G0 X175.43 Y226.5
G0 X176 Y226.5
;TYPE:WALL-INNER
G1 F2700 E1946.70396
G1 F1500 X176 Y213.5 E1946.96339
G0 F9000 X175.88 Y226.62
G0 X175.6 Y226.9
G1 F1500 X176.4 Y226.9 E1946.97936
G1 X176.4 Y213.1 E1947.25475
G1 X175.6 Y213.1 E1947.27072
G1 X175.6 Y226.9 E1947.54611
G0 F9000 X175.2 Y227.3
;TYPE:WALL-OUTER
G1 F1500 X176.8 Y227.3 E1947.57804
G1 X176.8 Y212.7 E1947.8694
G1 X175.2 Y212.7 E1947.90133
G1 X175.2 Y227.3 E1948.19269
G1 F2700 E1943.19269
G0 F9000 X175.48 Y227.02
G0 X176.57 Y226.5
G0 X177.665 Y226.5
G0 X184.835 Y226.5
G0 X185.93 Y226.5
G0 X186.5 Y226.5
;TYPE:WALL-INNER
G1 F2700 E1948.19269
G1 F1500 X186.5 Y213.5 E1948.45212
G0 F9000 X186.38 Y226.62
G0 X186.1 Y226.9
G1 F1500 X186.9 Y226.9 E1948.46808
G1 X186.9 Y213.1 E1948.74348
G1 X186.1 Y213.1 E1948.75944
G1 X186.1 Y226.9 E1949.03483
G0 F9000 X185.7 Y227.3
;TYPE:WALL-OUTER
G1 F1500 X187.3 Y227.3 E1949.06676
G1 X187.3 Y212.7 E1949.35812
G1 X185.7 Y212.7 E1949.39005
G1 X185.7 Y227.3 E1949.68141
G1 F2700 E1944.68141
G0 F9000 X185.98 Y227.02
G0 X187.07 Y226.5
G0 X188.165 Y226.5
G0 X189.335 Y226.5
G0 X190.43 Y226.5
G0 X191 Y226.5
;TYPE:WALL-INNER
G1 F2700 E1949.68141
G1 F1500 X191 Y213.5 E1949.94084
G0 F9000 X190.88 Y226.62
G0 X190.6 Y226.9
G1 F1500 X191.4 Y226.9 E1949.95681
G1 X191.4 Y213.1 E1950.2322
G1 X190.6 Y213.1 E1950.24816
G1 X190.6 Y226.9 E1950.52356
G0 F9000 X190.2 Y227.3
;TYPE:WALL-OUTER
G1 F1500 X191.8 Y227.3 E1950.55549
G1 X191.8 Y212.7 E1950.84685
G1 X190.2 Y212.7 E1950.87878
G1 X190.2 Y227.3 E1951.17014
G1 F2700 E1946.17014
G0 F9000 X190.48 Y227.02
G0 X191.57 Y226.5
G0 X192.665 Y226.5
G0 X199.835 Y226.5
G0 X200.93 Y226.5
G0 X201.5 Y226.5
;TYPE:WALL-INNER
G1 F2700 E1951.17014
G1 F1500 X201.5 Y213.5 E1951.42956
G0 F9000 X201.38 Y226.62
G0 X201.1 Y226.9
G1 F1500 X201.9 Y226.9 E1951.44553
G1 X201.9 Y213.1 E1951.72092
G1 X201.1 Y213.1 E1951.73689
G1 X201.1 Y226.9 E1952.01228
G0 F9000 X200.7 Y227.3
;TYPE:WALL-OUTER
G1 F1500 X202.3 Y227.3 E1952.04421
G1 X202.3 Y212.7 E1952.33557
G1 X200.7 Y212.7 E1952.3675
G1 X200.7 Y227.3 E1952.65886
G1 F2700 E1947.65886
G0 F9000 X200.98 Y227.02
G0 X202.07 Y226.5
G0 X203.165 Y226.5
G0 X204.335 Y226.5
G0 X205.43 Y226.5
G0 X206 Y226.5
;TYPE:WALL-INNER
G1 F2700 E1952.65886
G1 F1500 X206 Y213.5 E1952.91829
G0 F9000 X205.88 Y226.62
G0 X205.6 Y226.9
G1 F1500 X206.4 Y226.9 E1952.93425
G1 X206.4 Y213.1 E1953.20965
G1 X205.6 Y213.1 E1953.22561
G1 X205.6 Y226.9 E1953.50101
G0 F9000 X205.2 Y227.3
;TYPE:WALL-OUTER
G1 F1500 X206.8 Y227.3 E1953.53294
G1 X206.8 Y212.7 E1953.82429
G1 X205.2 Y212.7 E1953.85622
G1 X205.2 Y227.3 E1954.14758
G1 F2700 E1949.14758
G0 F9000 X205.48 Y227.02
G0 X206.57 Y226.5
G0 X207.665 Y226.5
G0 X214.835 Y226.5
G0 X215.93 Y226.5
G0 X216.5 Y226.5
;TYPE:WALL-INNER
G1 F2700 E1954.14758
G1 F1500 X216.5 Y213.5 E1954.40701
G0 F9000 X216.38 Y226.62
G0 X216.1 Y226.9
G1 F1500 X216.9 Y226.9 E1954.42298
G1 X216.9 Y213.1 E1954.69837
G1 X216.1 Y213.1 E1954.71434
G1 X216.1 Y226.9 E1954.98973
G0 F9000 X215.7 Y227.3
;TYPE:WALL-OUTER
G1 F1500 X217.3 Y227.3 E1955.02166
G1 X217.3 Y212.7 E1955.31302
G1 X215.7 Y212.7 E1955.34495
G1 X215.7 Y227.3 E1955.63631
G1 F2700 E1950.63631
G0 F9000 X215.98 Y227.02
G0 X217.07 Y226.5
G0 X218.165 Y226.5
G0 X219.335 Y226.5
G0 X220.43 Y226.5
G0 X221 Y226.5
;TYPE:WALL-INNER
G1 F2700 E1955.63631
G1 F1500 X221 Y213.5 E1955.89574
G0 F9000 X220.88 Y226.62
G0 X220.6 Y226.9
G1 F1500 X221.4 Y226.9 E1955.9117
G1 X221.4 Y213.1 E1956.18709
G1 X220.6 Y213.1 E1956.20306
G1 X220.6 Y226.9 E1956.47845
G0 F9000 X220.2 Y227.3
;TYPE:WALL-OUTER
G1 F1500 X221.8 Y227.3 E1956.51038
G1 X221.8 Y212.7 E1956.80174
G1 X220.2 Y212.7 E1956.83367
G1 X220.2 Y227.3 E1957.12503
G1 F2700 E1952.12503
G0 F9000 X220.48 Y227.02
G0 X221.57 Y226.5
G0 X222.665 Y226.5
G0 X229.835 Y226.5
G0 X230.93 Y226.5
G0 X231.5 Y226.5
;TYPE:WALL-INNER
G1 F2700 E1957.12503
G1 F1500 X231.5 Y213.5 E1957.38446
G0 F9000 X231.38 Y226.62
G0 X231.1 Y226.9
G1 F1500 X231.9 Y226.9 E1957.40042
G1 X231.9 Y213.1 E1957.67582
G1 X231.1 Y213.1 E1957.69178
G1 X231.1 Y226.9 E1957.96718
G0 F9000 X230.7 Y227.3
;TYPE:WALL-OUTER
G1 F1500 X232.3 Y227.3 E1957.99911
G1 X232.3 Y212.7 E1958.29046
G1 X230.7 Y212.7 E1958.32239
G1 X230.7 Y227.3 E1958.61375
G1 F2700 E1953.61375
G0 F9000 X230.98 Y227.02
G0 X232.07 Y226.475
G0 X233.165 Y226.475
G0 X234.335 Y226.475
G0 X235.43 Y226.475
G0 X236.025 Y226.475
;TYPE:WALL-INNER
G1 F2700 E1958.61375
G1 F1333.3 X236.475 Y226.475 E1958.62386
G1 X236.475 Y213.525 E1958.91459
G1 X236.025 Y213.525 E1958.92469
G1 X236.025 Y226.475 E1959.21543
G0 F9000 X235.6 Y226.9
G1 F1500 X236.9 Y226.9 E1959.24137
G1 X236.9 Y213.1 E1959.51677
G1 X235.6 Y213.1 E1959.54271
G1 X235.6 Y226.9 E1959.8181
G0 F9000 X235.2 Y227.3
;TYPE:WALL-OUTER
G1 F1500 X237.3 Y227.3 E1959.86001
G1 X237.3 Y212.7 E1960.15137
G1 X235.2 Y212.7 E1960.19328
G1 X235.2 Y227.3 E1960.48464
G0 F9000 X236.092 Y226.29
G1 F2700 E1955.48464
;MESH:NONMESH
G0 F300 X236.092 Y226.29 Z4.44
G0 F9000 X235.43 Y213.5
G0 X234.335 Y213.5
G0 X233.153 Y211.847
G0 X129.347 Y211.847
G0 X128.165 Y213.5
G0 X127.07 Y213.5
G0 X126.5 Y213.5
;TIME_ELAPSED:4659.722127
;LAYER:36
;TYPE:WALL-INNER
;MESH:BusConnAssyAid.stl
G1 F2700 E1960.48464
G1 F1500 X126.5 Y226.5 E1960.74407
G0 F9000 X126.1 Y226.9
G1 F1500 X126.9 Y226.9 E1960.76003
G1 X126.9 Y213.1 E1961.03542
G1 X126.1 Y213.1 E1961.05139
G1 X126.1 Y226.9 E1961.32678
G0 F9000 X125.7 Y227.3
;TYPE:WALL-OUTER
G1 F1500 X127.3 Y227.3 E1961.35871
G1 X127.3 Y212.7 E1961.65007
G1 X125.7 Y212.7 E1961.682
G1 X125.7 Y227.3 E1961.97336
G1 F2700 E1956.97336
G0 F9000 X125.98 Y227.02
G0 X127.07 Y226.5
G0 X128.165 Y226.5
G0 X129.335 Y226.5
G0 X130.43 Y226.5
G0 X131 Y226.5
;TYPE:WALL-INNER
G1 F2700 E1961.97336
G1 F1500 X131 Y213.5 E1962.23279
G0 F9000 X130.88 Y226.62
G0 X130.6 Y226.9
G1 F1500 X131.4 Y226.9 E1962.24875
G1 X131.4 Y213.1 E1962.52415
G1 X130.6 Y213.1 E1962.54011
G1 X130.6 Y226.9 E1962.81551
G0 F9000 X130.2 Y227.3
;TYPE:WALL-OUTER
G1 F1500 X131.8 Y227.3 E1962.84744
G1 X131.8 Y212.7 E1963.13879
G1 X130.2 Y212.7 E1963.17072
G1 X130.2 Y227.3 E1963.46208
G1 F2700 E1958.46208
G0 F9000 X130.48 Y227.02
G0 X131.57 Y226.5
G0 X132.665 Y226.5
G0 X139.835 Y226.5
G0 X140.93 Y226.5
G0 X141.5 Y226.5
;TYPE:WALL-INNER
G1 F2700 E1963.46208
G1 F1500 X141.5 Y213.5 E1963.72151
G0 F9000 X141.38 Y226.62
G0 X141.1 Y226.9
G1 F1500 X141.9 Y226.9 E1963.73748
G1 X141.9 Y213.1 E1964.01287
G1 X141.1 Y213.1 E1964.02884
G1 X141.1 Y226.9 E1964.30423
G0 F9000 X140.7 Y227.3
;TYPE:WALL-OUTER
G1 F1500 X142.3 Y227.3 E1964.33616
G1 X142.3 Y212.7 E1964.62752
G1 X140.7 Y212.7 E1964.65945
G1 X140.7 Y227.3 E1964.95081
G1 F2700 E1959.95081
G0 F9000 X140.98 Y227.02
G0 X142.07 Y226.5
G0 X143.165 Y226.5
G0 X144.335 Y226.5
G0 X145.43 Y226.5
G0 X146 Y226.5
;TYPE:WALL-INNER
G1 F2700 E1964.95081
G1 F1500 X146 Y213.5 E1965.21024
G0 F9000 X145.88 Y226.62
G0 X145.6 Y226.9
G1 F1500 X146.4 Y226.9 E1965.2262
G1 X146.4 Y213.1 E1965.50159
G1 X145.6 Y213.1 E1965.51756
G1 X145.6 Y226.9 E1965.79295
G0 F9000 X145.2 Y227.3
;TYPE:WALL-OUTER
G1 F1500 X146.8 Y227.3 E1965.82488
G1 X146.8 Y212.7 E1966.11624
G1 X145.2 Y212.7 E1966.14817
G1 X145.2 Y227.3 E1966.43953
G1 F2700 E1961.43953
G0 F9000 X145.48 Y227.02
G0 X146.57 Y226.5
G0 X147.665 Y226.5
G0 X154.835 Y226.5
G0 X155.93 Y226.5
G0 X156.5 Y226.5
;TYPE:WALL-INNER
G1 F2700 E1966.43953
G1 F1500 X156.5 Y213.5 E1966.69896
G0 F9000 X156.38 Y226.62
G0 X156.1 Y226.9
G1 F1500 X156.9 Y226.9 E1966.71492
G1 X156.9 Y213.1 E1966.99032
G1 X156.1 Y213.1 E1967.00628
G1 X156.1 Y226.9 E1967.28168
G0 F9000 X155.7 Y227.3
;TYPE:WALL-OUTER
G1 F1500 X157.3 Y227.3 E1967.31361
G1 X157.3 Y212.7 E1967.60497
G1 X155.7 Y212.7 E1967.6369
G1 X155.7 Y227.3 E1967.92825
G1 F2700 E1962.92825
G0 F9000 X155.98 Y227.02
G0 X157.07 Y226.5
G0 X158.165 Y226.5
G0 X159.335 Y226.5
G0 X160.43 Y226.5
G0 X161 Y226.5
;TYPE:WALL-INNER
G1 F2700 E1967.92825
G1 F1500 X161 Y213.5 E1968.18768
G0 F9000 X160.88 Y226.62
G0 X160.6 Y226.9
G1 F1500 X161.4 Y226.9 E1968.20365
G1 X161.4 Y213.1 E1968.47904
G1 X160.6 Y213.1 E1968.49501
G1 X160.6 Y226.9 E1968.7704
G0 F9000 X160.2 Y227.3
;TYPE:WALL-OUTER
G1 F1500 X161.8 Y227.3 E1968.80233
G1 X161.8 Y212.7 E1969.09369
G1 X160.2 Y212.7 E1969.12562
G1 X160.2 Y227.3 E1969.41698
G1 F2700 E1964.41698
G0 F9000 X160.48 Y227.02
G0 X161.57 Y226.5
G0 X162.665 Y226.5
G0 X169.835 Y226.5
G0 X170.93 Y226.5
G0 X171.5 Y226.5
;TYPE:WALL-INNER
G1 F2700 E1969.41698
G1 F1500 X171.5 Y213.5 E1969.67641
G0 F9000 X171.38 Y226.62
G0 X171.1 Y226.9
G1 F1500 X171.9 Y226.9 E1969.69237
G1 X171.9 Y213.1 E1969.96777
G1 X171.1 Y213.1 E1969.98373
G1 X171.1 Y226.9 E1970.25912
G0 F9000 X170.7 Y227.3
;TYPE:WALL-OUTER
G1 F1500 X172.3 Y227.3 E1970.29105
G1 X172.3 Y212.7 E1970.58241
G1 X170.7 Y212.7 E1970.61434
G1 X170.7 Y227.3 E1970.9057
G1 F2700 E1965.9057
G0 F9000 X170.98 Y227.02
G0 X172.07 Y226.5
G0 X173.165 Y226.5
G0 X174.335 Y226.5
G0 X175.43 Y226.5
G0 X176 Y226.5
;TYPE:WALL-INNER
G1 F2700 E1970.9057
G1 F1500 X176 Y213.5 E1971.16513
G0 F9000 X175.88 Y226.62
G0 X175.6 Y226.9
G1 F1500 X176.4 Y226.9 E1971.1811
G1 X176.4 Y213.1 E1971.45649
G1 X175.6 Y213.1 E1971.47245
G1 X175.6 Y226.9 E1971.74785
G0 F9000 X175.2 Y227.3
;TYPE:WALL-OUTER
G1 F1500 X176.8 Y227.3 E1971.77978
G1 X176.8 Y212.7 E1972.07114
G1 X175.2 Y212.7 E1972.10307
G1 X175.2 Y227.3 E1972.39443
G1 F2700 E1967.39443
G0 F9000 X175.48 Y227.02
G0 X176.57 Y226.5
G0 X177.665 Y226.5
G0 X184.835 Y226.5
G0 X185.93 Y226.5
G0 X186.5 Y226.5
;TYPE:WALL-INNER
G1 F2700 E1972.39443
G1 F1500 X186.5 Y213.5 E1972.65385
G0 F9000 X186.38 Y226.62
G0 X186.1 Y226.9
G1 F1500 X186.9 Y226.9 E1972.66982
G1 X186.9 Y213.1 E1972.94521
G1 X186.1 Y213.1 E1972.96118
G1 X186.1 Y226.9 E1973.23657
G0 F9000 X185.7 Y227.3
;TYPE:WALL-OUTER
G1 F1500 X187.3 Y227.3 E1973.2685
G1 X187.3 Y212.7 E1973.55986
G1 X185.7 Y212.7 E1973.59179
G1 X185.7 Y227.3 E1973.88315
G1 F2700 E1968.88315
G0 F9000 X185.98 Y227.02
G0 X187.07 Y226.5
G0 X188.165 Y226.5
G0 X189.335 Y226.5
G0 X190.43 Y226.5
G0 X191 Y226.5
;TYPE:WALL-INNER
G1 F2700 E1973.88315
G1 F1500 X191 Y213.5 E1974.14258
G0 F9000 X190.88 Y226.62
G0 X190.6 Y226.9
G1 F1500 X191.4 Y226.9 E1974.15854
G1 X191.4 Y213.1 E1974.43394
G1 X190.6 Y213.1 E1974.4499
G1 X190.6 Y226.9 E1974.7253
G0 F9000 X190.2 Y227.3
;TYPE:WALL-OUTER
G1 F1500 X191.8 Y227.3 E1974.75723
G1 X191.8 Y212.7 E1975.04858
G1 X190.2 Y212.7 E1975.08051
G1 X190.2 Y227.3 E1975.37187
G1 F2700 E1970.37187
G0 F9000 X190.48 Y227.02
G0 X191.57 Y226.5
G0 X192.665 Y226.5
G0 X199.835 Y226.5
G0 X200.93 Y226.5
G0 X201.5 Y226.5
;TYPE:WALL-INNER
G1 F2700 E1975.37187
G1 F1500 X201.5 Y213.5 E1975.6313
G0 F9000 X201.38 Y226.62
G0 X201.1 Y226.9
G1 F1500 X201.9 Y226.9 E1975.64727
G1 X201.9 Y213.1 E1975.92266
G1 X201.1 Y213.1 E1975.93863
G1 X201.1 Y226.9 E1976.21402
G0 F9000 X200.7 Y227.3
;TYPE:WALL-OUTER
G1 F1500 X202.3 Y227.3 E1976.24595
G1 X202.3 Y212.7 E1976.53731
G1 X200.7 Y212.7 E1976.56924
G1 X200.7 Y227.3 E1976.8606
G1 F2700 E1971.8606
G0 F9000 X200.98 Y227.02
G0 X202.07 Y226.5
G0 X203.165 Y226.5
G0 X204.335 Y226.5
G0 X205.43 Y226.5
G0 X206 Y226.5
;TYPE:WALL-INNER
G1 F2700 E1976.8606
G1 F1500 X206 Y213.5 E1977.12003
G0 F9000 X205.88 Y226.62
G0 X205.6 Y226.9
G1 F1500 X206.4 Y226.9 E1977.13599
G1 X206.4 Y213.1 E1977.41138
G1 X205.6 Y213.1 E1977.42735
G1 X205.6 Y226.9 E1977.70274
G0 F9000 X205.2 Y227.3
;TYPE:WALL-OUTER
G1 F1500 X206.8 Y227.3 E1977.73467
G1 X206.8 Y212.7 E1978.02603
G1 X205.2 Y212.7 E1978.05796
G1 X205.2 Y227.3 E1978.34932
G1 F2700 E1973.34932
G0 F9000 X205.48 Y227.02
G0 X206.57 Y226.5
G0 X207.665 Y226.5
G0 X214.835 Y226.5
G0 X215.93 Y226.5
G0 X216.5 Y226.5
;TYPE:WALL-INNER
G1 F2700 E1978.34932
G1 F1500 X216.5 Y213.5 E1978.60875
G0 F9000 X216.38 Y226.62
G0 X216.1 Y226.9
G1 F1500 X216.9 Y226.9 E1978.62471
G1 X216.9 Y213.1 E1978.90011
G1 X216.1 Y213.1 E1978.91607
G1 X216.1 Y226.9 E1979.19147
G0 F9000 X215.7 Y227.3
;TYPE:WALL-OUTER
G1 F1500 X217.3 Y227.3 E1979.2234
G1 X217.3 Y212.7 E1979.51475
G1 X215.7 Y212.7 E1979.54668
G1 X215.7 Y227.3 E1979.83804
G1 F2700 E1974.83804
G0 F9000 X215.98 Y227.02
G0 X217.07 Y226.5
G0 X218.165 Y226.5
G0 X219.335 Y226.5
G0 X220.43 Y226.5
G0 X221 Y226.5
;TYPE:WALL-INNER
G1 F2700 E1979.83804
G1 F1500 X221 Y213.5 E1980.09747
G0 F9000 X220.88 Y226.62
G0 X220.6 Y226.9
G1 F1500 X221.4 Y226.9 E1980.11344
G1 X221.4 Y213.1 E1980.38883
G1 X220.6 Y213.1 E1980.4048
G1 X220.6 Y226.9 E1980.68019
G0 F9000 X220.2 Y227.3
;TYPE:WALL-OUTER
G1 F1500 X221.8 Y227.3 E1980.71212
G1 X221.8 Y212.7 E1981.00348
G1 X220.2 Y212.7 E1981.03541
G1 X220.2 Y227.3 E1981.32677
G1 F2700 E1976.32677
G0 F9000 X220.48 Y227.02
G0 X221.57 Y226.5
G0 X222.665 Y226.5
G0 X229.835 Y226.5
G0 X230.93 Y226.5
G0 X231.5 Y226.5
;TYPE:WALL-INNER
G1 F2700 E1981.32677
G1 F1500 X231.5 Y213.5 E1981.5862
G0 F9000 X231.38 Y226.62
G0 X231.1 Y226.9
G1 F1500 X231.9 Y226.9 E1981.60216
G1 X231.9 Y213.1 E1981.87755
G1 X231.1 Y213.1 E1981.89352
G1 X231.1 Y226.9 E1982.16891
G0 F9000 X230.7 Y227.3
;TYPE:WALL-OUTER
G1 F1500 X232.3 Y227.3 E1982.20084
G1 X232.3 Y212.7 E1982.4922
G1 X230.7 Y212.7 E1982.52413
G1 X230.7 Y227.3 E1982.81549
G1 F2700 E1977.81549
G0 F9000 X230.98 Y227.02
G0 X232.07 Y226.475
G0 X233.165 Y226.475
G0 X234.335 Y226.475
G0 X235.43 Y226.475
G0 X236.025 Y226.475
;TYPE:WALL-INNER
G1 F2700 E1982.81549
G1 F1333.3 X236.475 Y226.475 E1982.82559
G1 X236.475 Y213.525 E1983.11633
G1 X236.025 Y213.525 E1983.12643
G1 X236.025 Y226.475 E1983.41717
G0 F9000 X235.6 Y226.9
G1 F1500 X236.9 Y226.9 E1983.44311
G1 X236.9 Y213.1 E1983.7185
G1 X235.6 Y213.1 E1983.74445
G1 X235.6 Y226.9 E1984.01984
G0 F9000 X235.2 Y227.3
;TYPE:WALL-OUTER
G1 F1500 X237.3 Y227.3 E1984.06175
G1 X237.3 Y212.7 E1984.35311
G1 X235.2 Y212.7 E1984.39501
G1 X235.2 Y227.3 E1984.68637
G0 F9000 X236.092 Y226.29
G1 F2700 E1979.68637
;MESH:NONMESH
G0 F300 X236.092 Y226.29 Z4.56
G0 F9000 X235.43 Y213.5
G0 X234.335 Y213.5
G0 X233.153 Y211.847
G0 X129.347 Y211.847
G0 X128.165 Y213.5
G0 X127.07 Y213.5
G0 X126.5 Y213.5
;TIME_ELAPSED:4729.012361
;LAYER:37
;TYPE:WALL-INNER
;MESH:BusConnAssyAid.stl
G1 F2700 E1984.68637
G1 F1500 X126.5 Y226.5 E1984.9458
G0 F9000 X126.1 Y226.9
G1 F1500 X126.9 Y226.9 E1984.96177
G1 X126.9 Y213.1 E1985.23716
G1 X126.1 Y213.1 E1985.25313
G1 X126.1 Y226.9 E1985.52852
G0 F9000 X125.7 Y227.3
;TYPE:WALL-OUTER
G1 F1500 X127.3 Y227.3 E1985.56045
G1 X127.3 Y212.7 E1985.85181
G1 X125.7 Y212.7 E1985.88374
G1 X125.7 Y227.3 E1986.1751
G1 F2700 E1981.1751
G0 F9000 X125.98 Y227.02
G0 X127.07 Y226.5
G0 X128.165 Y226.5
G0 X129.335 Y226.5
G0 X130.43 Y226.5
G0 X131 Y226.5
;TYPE:WALL-INNER
G1 F2700 E1986.1751
G1 F1500 X131 Y213.5 E1986.43453
G0 F9000 X130.88 Y226.62
G0 X130.6 Y226.9
G1 F1500 X131.4 Y226.9 E1986.45049
G1 X131.4 Y213.1 E1986.72588
G1 X130.6 Y213.1 E1986.74185
G1 X130.6 Y226.9 E1987.01724
G0 F9000 X130.2 Y227.3
;TYPE:WALL-OUTER
G1 F1500 X131.8 Y227.3 E1987.04917
G1 X131.8 Y212.7 E1987.34053
G1 X130.2 Y212.7 E1987.37246
G1 X130.2 Y227.3 E1987.66382
G1 F2700 E1982.66382
G0 F9000 X130.48 Y227.02
G0 X131.57 Y226.5
G0 X132.665 Y226.5
G0 X139.835 Y226.5
G0 X140.93 Y226.5
G0 X141.5 Y226.5
;TYPE:WALL-INNER
G1 F2700 E1987.66382
G1 F1500 X141.5 Y213.5 E1987.92325
G0 F9000 X141.38 Y226.62
G0 X141.1 Y226.9
G1 F1500 X141.9 Y226.9 E1987.93921
G1 X141.9 Y213.1 E1988.21461
G1 X141.1 Y213.1 E1988.23057
G1 X141.1 Y226.9 E1988.50597
G0 F9000 X140.7 Y227.3
;TYPE:WALL-OUTER
G1 F1500 X142.3 Y227.3 E1988.5379
G1 X142.3 Y212.7 E1988.82926
G1 X140.7 Y212.7 E1988.86119
G1 X140.7 Y227.3 E1989.15254
G1 F2700 E1984.15254
G0 F9000 X140.98 Y227.02
G0 X142.07 Y226.5
G0 X143.165 Y226.5
G0 X144.335 Y226.5
G0 X145.43 Y226.5
G0 X146 Y226.5
;TYPE:WALL-INNER
G1 F2700 E1989.15254
G1 F1500 X146 Y213.5 E1989.41197
G0 F9000 X145.88 Y226.62
G0 X145.6 Y226.9
G1 F1500 X146.4 Y226.9 E1989.42794
G1 X146.4 Y213.1 E1989.70333
G1 X145.6 Y213.1 E1989.7193
G1 X145.6 Y226.9 E1989.99469
G0 F9000 X145.2 Y227.3
;TYPE:WALL-OUTER
G1 F1500 X146.8 Y227.3 E1990.02662
G1 X146.8 Y212.7 E1990.31798
G1 X145.2 Y212.7 E1990.34991
G1 X145.2 Y227.3 E1990.64127
G1 F2700 E1985.64127
G0 F9000 X145.48 Y227.02
G0 X146.57 Y226.5
G0 X147.665 Y226.5
G0 X154.835 Y226.5
G0 X155.93 Y226.5
G0 X156.5 Y226.5
;TYPE:WALL-INNER
G1 F2700 E1990.64127
G1 F1500 X156.5 Y213.5 E1990.9007
G0 F9000 X156.38 Y226.62
G0 X156.1 Y226.9
G1 F1500 X156.9 Y226.9 E1990.91666
G1 X156.9 Y213.1 E1991.19206
G1 X156.1 Y213.1 E1991.20802
G1 X156.1 Y226.9 E1991.48341
G0 F9000 X155.7 Y227.3
;TYPE:WALL-OUTER
G1 F1500 X157.3 Y227.3 E1991.51534
G1 X157.3 Y212.7 E1991.8067
G1 X155.7 Y212.7 E1991.83863
G1 X155.7 Y227.3 E1992.12999
G1 F2700 E1987.12999
G0 F9000 X155.98 Y227.02
G0 X157.07 Y226.5
G0 X158.165 Y226.5
G0 X159.335 Y226.5
G0 X160.43 Y226.5
G0 X161 Y226.5
;TYPE:WALL-INNER
G1 F2700 E1992.12999
G1 F1500 X161 Y213.5 E1992.38942
G0 F9000 X160.88 Y226.62
G0 X160.6 Y226.9
G1 F1500 X161.4 Y226.9 E1992.40539
G1 X161.4 Y213.1 E1992.68078
G1 X160.6 Y213.1 E1992.69674
G1 X160.6 Y226.9 E1992.97214
G0 F9000 X160.2 Y227.3
;TYPE:WALL-OUTER
G1 F1500 X161.8 Y227.3 E1993.00407
G1 X161.8 Y212.7 E1993.29543
G1 X160.2 Y212.7 E1993.32736
G1 X160.2 Y227.3 E1993.61872
G1 F2700 E1988.61872
G0 F9000 X160.48 Y227.02
G0 X161.57 Y226.5
G0 X162.665 Y226.5
G0 X169.835 Y226.5
G0 X170.93 Y226.5
G0 X171.5 Y226.5
;TYPE:WALL-INNER
G1 F2700 E1993.61872
G1 F1500 X171.5 Y213.5 E1993.87814
G0 F9000 X171.38 Y226.62
G0 X171.1 Y226.9
G1 F1500 X171.9 Y226.9 E1993.89411
G1 X171.9 Y213.1 E1994.1695
G1 X171.1 Y213.1 E1994.18547
G1 X171.1 Y226.9 E1994.46086
G0 F9000 X170.7 Y227.3
;TYPE:WALL-OUTER
G1 F1500 X172.3 Y227.3 E1994.49279
G1 X172.3 Y212.7 E1994.78415
G1 X170.7 Y212.7 E1994.81608
G1 X170.7 Y227.3 E1995.10744
G1 F2700 E1990.10744
G0 F9000 X170.98 Y227.02
G0 X172.07 Y226.5
G0 X173.165 Y226.5
G0 X174.335 Y226.5
G0 X175.43 Y226.5
G0 X176 Y226.5
;TYPE:WALL-INNER
G1 F2700 E1995.10744
G1 F1500 X176 Y213.5 E1995.36687
G0 F9000 X175.88 Y226.62
G0 X175.6 Y226.9
G1 F1500 X176.4 Y226.9 E1995.38283
G1 X176.4 Y213.1 E1995.65823
G1 X175.6 Y213.1 E1995.67419
G1 X175.6 Y226.9 E1995.94959
G0 F9000 X175.2 Y227.3
;TYPE:WALL-OUTER
G1 F1500 X176.8 Y227.3 E1995.98152
G1 X176.8 Y212.7 E1996.27287
G1 X175.2 Y212.7 E1996.3048
G1 X175.2 Y227.3 E1996.59616
G1 F2700 E1991.59616
G0 F9000 X175.48 Y227.02
G0 X176.57 Y226.5
G0 X177.665 Y226.5
G0 X184.835 Y226.5
G0 X185.93 Y226.5
G0 X186.5 Y226.5
;TYPE:WALL-INNER
G1 F2700 E1996.59616
G1 F1500 X186.5 Y213.5 E1996.85559
G0 F9000 X186.38 Y226.62
G0 X186.1 Y226.9
G1 F1500 X186.9 Y226.9 E1996.87156
G1 X186.9 Y213.1 E1997.14695
G1 X186.1 Y213.1 E1997.16292
G1 X186.1 Y226.9 E1997.43831
G0 F9000 X185.7 Y227.3
;TYPE:WALL-OUTER
G1 F1500 X187.3 Y227.3 E1997.47024
G1 X187.3 Y212.7 E1997.7616
G1 X185.7 Y212.7 E1997.79353
G1 X185.7 Y227.3 E1998.08489
G1 F2700 E1993.08489
G0 F9000 X185.98 Y227.02
G0 X187.07 Y226.5
G0 X188.165 Y226.5
G0 X189.335 Y226.5
G0 X190.43 Y226.5
G0 X191 Y226.5
;TYPE:WALL-INNER
G1 F2700 E1998.08489
G1 F1500 X191 Y213.5 E1998.34432
G0 F9000 X190.88 Y226.62
G0 X190.6 Y226.9
G1 F1500 X191.4 Y226.9 E1998.36028
G1 X191.4 Y213.1 E1998.63567
G1 X190.6 Y213.1 E1998.65164
G1 X190.6 Y226.9 E1998.92703
G0 F9000 X190.2 Y227.3
;TYPE:WALL-OUTER
G1 F1500 X191.8 Y227.3 E1998.95896
G1 X191.8 Y212.7 E1999.25032
G1 X190.2 Y212.7 E1999.28225
G1 X190.2 Y227.3 E1999.57361
G1 F2700 E1994.57361
G0 F9000 X190.48 Y227.02
G0 X191.57 Y226.5
G0 X192.665 Y226.5
G0 X199.835 Y226.5
G0 X200.93 Y226.5
G0 X201.5 Y226.5
;TYPE:WALL-INNER
G1 F2700 E1999.57361
G1 F1500 X201.5 Y213.5 E1999.83304
G0 F9000 X201.38 Y226.62
G0 X201.1 Y226.9
G1 F1500 X201.9 Y226.9 E1999.849
G1 X201.9 Y213.1 E2000.1244
G1 X201.1 Y213.1 E2000.14036
G1 X201.1 Y226.9 E2000.41576
G0 F9000 X200.7 Y227.3
;TYPE:WALL-OUTER
G1 F1500 X202.3 Y227.3 E2000.44769
G1 X202.3 Y212.7 E2000.73904
G1 X200.7 Y212.7 E2000.77097
G1 X200.7 Y227.3 E2001.06233
G1 F2700 E1996.06233
G0 F9000 X200.98 Y227.02
G0 X202.07 Y226.5
G0 X203.165 Y226.5
G0 X204.335 Y226.5
G0 X205.43 Y226.5
G0 X206 Y226.5
;TYPE:WALL-INNER
G1 F2700 E2001.06233
G1 F1500 X206 Y213.5 E2001.32176
G0 F9000 X205.88 Y226.62
G0 X205.6 Y226.9
G1 F1500 X206.4 Y226.9 E2001.33773
G1 X206.4 Y213.1 E2001.61312
G1 X205.6 Y213.1 E2001.62909
G1 X205.6 Y226.9 E2001.90448
G0 F9000 X205.2 Y227.3
;TYPE:WALL-OUTER
G1 F1500 X206.8 Y227.3 E2001.93641
G1 X206.8 Y212.7 E2002.22777
G1 X205.2 Y212.7 E2002.2597
G1 X205.2 Y227.3 E2002.55106
G1 F2700 E1997.55106
G0 F9000 X205.48 Y227.02
G0 X206.57 Y226.5
G0 X207.665 Y226.5
G0 X214.835 Y226.5
G0 X215.93 Y226.5
G0 X216.5 Y226.5
;TYPE:WALL-INNER
G1 F2700 E2002.55106
G1 F1500 X216.5 Y213.5 E2002.81049
G0 F9000 X216.38 Y226.62
G0 X216.1 Y226.9
G1 F1500 X216.9 Y226.9 E2002.82645
G1 X216.9 Y213.1 E2003.10184
G1 X216.1 Y213.1 E2003.11781
G1 X216.1 Y226.9 E2003.3932
G0 F9000 X215.7 Y227.3
;TYPE:WALL-OUTER
G1 F1500 X217.3 Y227.3 E2003.42513
G1 X217.3 Y212.7 E2003.71649
G1 X215.7 Y212.7 E2003.74842
G1 X215.7 Y227.3 E2004.03978
G1 F2700 E1999.03978
G0 F9000 X215.98 Y227.02
G0 X217.07 Y226.5
G0 X218.165 Y226.5
G0 X219.335 Y226.5
G0 X220.43 Y226.5
G0 X221 Y226.5
;TYPE:WALL-INNER
G1 F2700 E2004.03978
G1 F1500 X221 Y213.5 E2004.29921
G0 F9000 X220.88 Y226.62
G0 X220.6 Y226.9
G1 F1500 X221.4 Y226.9 E2004.31517
G1 X221.4 Y213.1 E2004.59057
G1 X220.6 Y213.1 E2004.60653
G1 X220.6 Y226.9 E2004.88193
G0 F9000 X220.2 Y227.3
;TYPE:WALL-OUTER
G1 F1500 X221.8 Y227.3 E2004.91386
G1 X221.8 Y212.7 E2005.20522
G1 X220.2 Y212.7 E2005.23715
G1 X220.2 Y227.3 E2005.5285
G1 F2700 E2000.5285
G0 F9000 X220.48 Y227.02
G0 X221.57 Y226.5
G0 X222.665 Y226.5
G0 X229.835 Y226.5
G0 X230.93 Y226.5
G0 X231.5 Y226.5
;TYPE:WALL-INNER
G1 F2700 E2005.5285
G1 F1500 X231.5 Y213.5 E2005.78793
G0 F9000 X231.38 Y226.62
G0 X231.1 Y226.9
G1 F1500 X231.9 Y226.9 E2005.8039
G1 X231.9 Y213.1 E2006.07929
G1 X231.1 Y213.1 E2006.09526
G1 X231.1 Y226.9 E2006.37065
G0 F9000 X230.7 Y227.3
;TYPE:WALL-OUTER
G1 F1500 X232.3 Y227.3 E2006.40258
G1 X232.3 Y212.7 E2006.69394
G1 X230.7 Y212.7 E2006.72587
G1 X230.7 Y227.3 E2007.01723
G1 F2700 E2002.01723
G0 F9000 X230.98 Y227.02
G0 X232.07 Y226.475
G0 X233.165 Y226.475
G0 X234.335 Y226.475
G0 X235.43 Y226.475
G0 X236.025 Y226.475
;TYPE:WALL-INNER
G1 F2700 E2007.01723
G1 F1333.3 X236.475 Y226.475 E2007.02733
G1 X236.475 Y213.525 E2007.31807
G1 X236.025 Y213.525 E2007.32817
G1 X236.025 Y226.475 E2007.6189
G0 F9000 X235.6 Y226.9
G1 F1500 X236.9 Y226.9 E2007.64485
G1 X236.9 Y213.1 E2007.92024
G1 X235.6 Y213.1 E2007.94618
G1 X235.6 Y226.9 E2008.22158
G0 F9000 X235.2 Y227.3
;TYPE:WALL-OUTER
G1 F1500 X237.3 Y227.3 E2008.26349
G1 X237.3 Y212.7 E2008.55484
G1 X235.2 Y212.7 E2008.59675
G1 X235.2 Y227.3 E2008.88811
G0 F9000 X236.092 Y226.29
G1 F2700 E2003.88811
;MESH:NONMESH
G0 F300 X236.092 Y226.29 Z4.68
G0 F9000 X235.43 Y213.5
G0 X234.335 Y213.5
G0 X233.153 Y211.847
G0 X129.347 Y211.847
G0 X128.165 Y213.5
G0 X127.07 Y213.5
G0 X126.5 Y213.5
;TIME_ELAPSED:4798.302595
;LAYER:38
;TYPE:WALL-INNER
;MESH:BusConnAssyAid.stl
G1 F2700 E2008.88811
G1 F1500 X126.5 Y226.5 E2009.14754
G0 F9000 X126.1 Y226.9
G1 F1500 X126.9 Y226.9 E2009.1635
G1 X126.9 Y213.1 E2009.4389
G1 X126.1 Y213.1 E2009.45486
G1 X126.1 Y226.9 E2009.73026
G0 F9000 X125.7 Y227.3
;TYPE:WALL-OUTER
G1 F1500 X127.3 Y227.3 E2009.76219
G1 X127.3 Y212.7 E2010.05355
G1 X125.7 Y212.7 E2010.08548
G1 X125.7 Y227.3 E2010.37683
G1 F2700 E2005.37683
G0 F9000 X125.98 Y227.02
G0 X127.07 Y226.5
G0 X128.165 Y226.5
G0 X129.335 Y226.5
G0 X130.43 Y226.5
G0 X131 Y226.5
;TYPE:WALL-INNER
G1 F2700 E2010.37683
G1 F1500 X131 Y213.5 E2010.63626
G0 F9000 X130.88 Y226.62
G0 X130.6 Y226.9
G1 F1500 X131.4 Y226.9 E2010.65223
G1 X131.4 Y213.1 E2010.92762
G1 X130.6 Y213.1 E2010.94359
G1 X130.6 Y226.9 E2011.21898
G0 F9000 X130.2 Y227.3
;TYPE:WALL-OUTER
G1 F1500 X131.8 Y227.3 E2011.25091
G1 X131.8 Y212.7 E2011.54227
G1 X130.2 Y212.7 E2011.5742
G1 X130.2 Y227.3 E2011.86556
G1 F2700 E2006.86556
G0 F9000 X130.48 Y227.02
G0 X131.57 Y226.5
G0 X132.665 Y226.5
G0 X139.835 Y226.5
G0 X140.93 Y226.5
G0 X141.5 Y226.5
;TYPE:WALL-INNER
G1 F2700 E2011.86556
G1 F1500 X141.5 Y213.5 E2012.12499
G0 F9000 X141.38 Y226.62
G0 X141.1 Y226.9
G1 F1500 X141.9 Y226.9 E2012.14095
G1 X141.9 Y213.1 E2012.41635
G1 X141.1 Y213.1 E2012.43231
G1 X141.1 Y226.9 E2012.7077
G0 F9000 X140.7 Y227.3
;TYPE:WALL-OUTER
G1 F1500 X142.3 Y227.3 E2012.73963
G1 X142.3 Y212.7 E2013.03099
G1 X140.7 Y212.7 E2013.06292
G1 X140.7 Y227.3 E2013.35428
G1 F2700 E2008.35428
G0 F9000 X140.98 Y227.02
G0 X142.07 Y226.5
G0 X143.165 Y226.5
G0 X144.335 Y226.5
G0 X145.43 Y226.5
G0 X146 Y226.5
;TYPE:WALL-INNER
G1 F2700 E2013.35428
G1 F1500 X146 Y213.5 E2013.61371
G0 F9000 X145.88 Y226.62
G0 X145.6 Y226.9
G1 F1500 X146.4 Y226.9 E2013.62968
G1 X146.4 Y213.1 E2013.90507
G1 X145.6 Y213.1 E2013.92103
G1 X145.6 Y226.9 E2014.19643
G0 F9000 X145.2 Y227.3
;TYPE:WALL-OUTER
G1 F1500 X146.8 Y227.3 E2014.22836
G1 X146.8 Y212.7 E2014.51972
G1 X145.2 Y212.7 E2014.55165
G1 X145.2 Y227.3 E2014.84301
G1 F2700 E2009.84301
G0 F9000 X145.48 Y227.02
G0 X146.57 Y226.5
G0 X147.665 Y226.5
G0 X154.835 Y226.5
G0 X155.93 Y226.5
G0 X156.5 Y226.5
;TYPE:WALL-INNER
G1 F2700 E2014.84301
G1 F1500 X156.5 Y213.5 E2015.10243
G0 F9000 X156.38 Y226.62
G0 X156.1 Y226.9
G1 F1500 X156.9 Y226.9 E2015.1184
G1 X156.9 Y213.1 E2015.39379
G1 X156.1 Y213.1 E2015.40976
G1 X156.1 Y226.9 E2015.68515
G0 F9000 X155.7 Y227.3
;TYPE:WALL-OUTER
G1 F1500 X157.3 Y227.3 E2015.71708
G1 X157.3 Y212.7 E2016.00844
G1 X155.7 Y212.7 E2016.04037
G1 X155.7 Y227.3 E2016.33173
G1 F2700 E2011.33173
G0 F9000 X155.98 Y227.02
G0 X157.07 Y226.5
G0 X158.165 Y226.5
G0 X159.335 Y226.5
G0 X160.43 Y226.5
G0 X161 Y226.5
;TYPE:WALL-INNER
G1 F2700 E2016.33173
G1 F1500 X161 Y213.5 E2016.59116
G0 F9000 X160.88 Y226.62
G0 X160.6 Y226.9
G1 F1500 X161.4 Y226.9 E2016.60712
G1 X161.4 Y213.1 E2016.88252
G1 X160.6 Y213.1 E2016.89848
G1 X160.6 Y226.9 E2017.17388
G0 F9000 X160.2 Y227.3
;TYPE:WALL-OUTER
G1 F1500 X161.8 Y227.3 E2017.20581
G1 X161.8 Y212.7 E2017.49716
G1 X160.2 Y212.7 E2017.52909
G1 X160.2 Y227.3 E2017.82045
G1 F2700 E2012.82045
G0 F9000 X160.48 Y227.02
G0 X161.57 Y226.5
G0 X162.665 Y226.5
G0 X169.835 Y226.5
G0 X170.93 Y226.5
G0 X171.5 Y226.5
;TYPE:WALL-INNER
G1 F2700 E2017.82045
G1 F1500 X171.5 Y213.5 E2018.07988
G0 F9000 X171.38 Y226.62
G0 X171.1 Y226.9
G1 F1500 X171.9 Y226.9 E2018.09585
G1 X171.9 Y213.1 E2018.37124
G1 X171.1 Y213.1 E2018.38721
G1 X171.1 Y226.9 E2018.6626
G0 F9000 X170.7 Y227.3
;TYPE:WALL-OUTER
G1 F1500 X172.3 Y227.3 E2018.69453
G1 X172.3 Y212.7 E2018.98589
G1 X170.7 Y212.7 E2019.01782
G1 X170.7 Y227.3 E2019.30918
G1 F2700 E2014.30918
G0 F9000 X170.98 Y227.02
G0 X172.07 Y226.5
G0 X173.165 Y226.5
G0 X174.335 Y226.5
G0 X175.43 Y226.5
G0 X176 Y226.5
;TYPE:WALL-INNER
G1 F2700 E2019.30918
G1 F1500 X176 Y213.5 E2019.56861
G0 F9000 X175.88 Y226.62
G0 X175.6 Y226.9
G1 F1500 X176.4 Y226.9 E2019.58457
G1 X176.4 Y213.1 E2019.85996
G1 X175.6 Y213.1 E2019.87593
G1 X175.6 Y226.9 E2020.15132
G0 F9000 X175.2 Y227.3
;TYPE:WALL-OUTER
G1 F1500 X176.8 Y227.3 E2020.18325
G1 X176.8 Y212.7 E2020.47461
G1 X175.2 Y212.7 E2020.50654
G1 X175.2 Y227.3 E2020.7979
G1 F2700 E2015.7979
G0 F9000 X175.48 Y227.02
G0 X176.57 Y226.5
G0 X177.665 Y226.5
G0 X184.835 Y226.5
G0 X185.93 Y226.5
G0 X186.5 Y226.5
;TYPE:WALL-INNER
G1 F2700 E2020.7979
G1 F1500 X186.5 Y213.5 E2021.05733
G0 F9000 X186.38 Y226.62
G0 X186.1 Y226.9
G1 F1500 X186.9 Y226.9 E2021.07329
G1 X186.9 Y213.1 E2021.34869
G1 X186.1 Y213.1 E2021.36465
G1 X186.1 Y226.9 E2021.64005
G0 F9000 X185.7 Y227.3
;TYPE:WALL-OUTER
G1 F1500 X187.3 Y227.3 E2021.67198
G1 X187.3 Y212.7 E2021.96333
G1 X185.7 Y212.7 E2021.99526
G1 X185.7 Y227.3 E2022.28662
G1 F2700 E2017.28662
G0 F9000 X185.98 Y227.02
G0 X187.07 Y226.5
G0 X188.165 Y226.5
G0 X189.335 Y226.5
G0 X190.43 Y226.5
G0 X191 Y226.5
;TYPE:WALL-INNER
G1 F2700 E2022.28662
G1 F1500 X191 Y213.5 E2022.54605
G0 F9000 X190.88 Y226.62
G0 X190.6 Y226.9
G1 F1500 X191.4 Y226.9 E2022.56202
G1 X191.4 Y213.1 E2022.83741
G1 X190.6 Y213.1 E2022.85338
G1 X190.6 Y226.9 E2023.12877
G0 F9000 X190.2 Y227.3
;TYPE:WALL-OUTER
G1 F1500 X191.8 Y227.3 E2023.1607
G1 X191.8 Y212.7 E2023.45206
G1 X190.2 Y212.7 E2023.48399
G1 X190.2 Y227.3 E2023.77535
G1 F2700 E2018.77535
G0 F9000 X190.48 Y227.02
G0 X191.57 Y226.5
G0 X192.665 Y226.5
G0 X199.835 Y226.5
G0 X200.93 Y226.5
G0 X201.5 Y226.5
;TYPE:WALL-INNER
G1 F2700 E2023.77535
G1 F1500 X201.5 Y213.5 E2024.03478
G0 F9000 X201.38 Y226.62
G0 X201.1 Y226.9
G1 F1500 X201.9 Y226.9 E2024.05074
G1 X201.9 Y213.1 E2024.32613
G1 X201.1 Y213.1 E2024.3421
G1 X201.1 Y226.9 E2024.61749
G0 F9000 X200.7 Y227.3
;TYPE:WALL-OUTER
G1 F1500 X202.3 Y227.3 E2024.64942
G1 X202.3 Y212.7 E2024.94078
G1 X200.7 Y212.7 E2024.97271
G1 X200.7 Y227.3 E2025.26407
G1 F2700 E2020.26407
G0 F9000 X200.98 Y227.02
G0 X202.07 Y226.5
G0 X203.165 Y226.5
G0 X204.335 Y226.5
G0 X205.43 Y226.5
G0 X206 Y226.5
;TYPE:WALL-INNER
G1 F2700 E2025.26407
G1 F1500 X206 Y213.5 E2025.5235
G0 F9000 X205.88 Y226.62
G0 X205.6 Y226.9
G1 F1500 X206.4 Y226.9 E2025.53946
G1 X206.4 Y213.1 E2025.81486
G1 X205.6 Y213.1 E2025.83082
G1 X205.6 Y226.9 E2026.10622
G0 F9000 X205.2 Y227.3
;TYPE:WALL-OUTER
G1 F1500 X206.8 Y227.3 E2026.13815
G1 X206.8 Y212.7 E2026.42951
G1 X205.2 Y212.7 E2026.46144
G1 X205.2 Y227.3 E2026.75279
G1 F2700 E2021.75279
G0 F9000 X205.48 Y227.02
G0 X206.57 Y226.5
G0 X207.665 Y226.5
G0 X214.835 Y226.5
G0 X215.93 Y226.5
G0 X216.5 Y226.5
;TYPE:WALL-INNER
G1 F2700 E2026.75279
G1 F1500 X216.5 Y213.5 E2027.01222
G0 F9000 X216.38 Y226.62
G0 X216.1 Y226.9
G1 F1500 X216.9 Y226.9 E2027.02819
G1 X216.9 Y213.1 E2027.30358
G1 X216.1 Y213.1 E2027.31955
G1 X216.1 Y226.9 E2027.59494
G0 F9000 X215.7 Y227.3
;TYPE:WALL-OUTER
G1 F1500 X217.3 Y227.3 E2027.62687
G1 X217.3 Y212.7 E2027.91823
G1 X215.7 Y212.7 E2027.95016
G1 X215.7 Y227.3 E2028.24152
G1 F2700 E2023.24152
G0 F9000 X215.98 Y227.02
G0 X217.07 Y226.5
G0 X218.165 Y226.5
G0 X219.335 Y226.5
G0 X220.43 Y226.5
G0 X221 Y226.5
;TYPE:WALL-INNER
G1 F2700 E2028.24152
G1 F1500 X221 Y213.5 E2028.50095
G0 F9000 X220.88 Y226.62
G0 X220.6 Y226.9
G1 F1500 X221.4 Y226.9 E2028.51691
G1 X221.4 Y213.1 E2028.79231
G1 X220.6 Y213.1 E2028.80827
G1 X220.6 Y226.9 E2029.08366
G0 F9000 X220.2 Y227.3
;TYPE:WALL-OUTER
G1 F1500 X221.8 Y227.3 E2029.11559
G1 X221.8 Y212.7 E2029.40695
G1 X220.2 Y212.7 E2029.43888
G1 X220.2 Y227.3 E2029.73024
G1 F2700 E2024.73024
G0 F9000 X220.48 Y227.02
G0 X221.57 Y226.5
G0 X222.665 Y226.5
G0 X229.835 Y226.5
G0 X230.93 Y226.5
G0 X231.5 Y226.5
;TYPE:WALL-INNER
G1 F2700 E2029.73024
G1 F1500 X231.5 Y213.5 E2029.98967
G0 F9000 X231.38 Y226.62
G0 X231.1 Y226.9
G1 F1500 X231.9 Y226.9 E2030.00564
G1 X231.9 Y213.1 E2030.28103
G1 X231.1 Y213.1 E2030.29699
G1 X231.1 Y226.9 E2030.57239
G0 F9000 X230.7 Y227.3
;TYPE:WALL-OUTER
G1 F1500 X232.3 Y227.3 E2030.60432
G1 X232.3 Y212.7 E2030.89568
G1 X230.7 Y212.7 E2030.92761
G1 X230.7 Y227.3 E2031.21897
G1 F2700 E2026.21897
G0 F9000 X230.98 Y227.02
G0 X232.07 Y226.475
G0 X233.165 Y226.475
G0 X234.335 Y226.475
G0 X235.43 Y226.475
G0 X236.025 Y226.475
;TYPE:WALL-INNER
G1 F2700 E2031.21897
G1 F1333.3 X236.475 Y226.475 E2031.22907
G1 X236.475 Y213.525 E2031.5198
G1 X236.025 Y213.525 E2031.52991
G1 X236.025 Y226.475 E2031.82064
G0 F9000 X235.6 Y226.9
G1 F1500 X236.9 Y226.9 E2031.84658
G1 X236.9 Y213.1 E2032.12198
G1 X235.6 Y213.1 E2032.14792
G1 X235.6 Y226.9 E2032.42331
G0 F9000 X235.2 Y227.3
;TYPE:WALL-OUTER
G1 F1500 X237.3 Y227.3 E2032.46522
G1 X237.3 Y212.7 E2032.75658
G1 X235.2 Y212.7 E2032.79849
G1 X235.2 Y227.3 E2033.08985
G0 F9000 X236.092 Y226.29
G1 F2700 E2028.08985
;MESH:NONMESH
G0 F300 X236.092 Y226.29 Z4.8
G0 F9000 X235.43 Y213.5
G0 X234.335 Y213.5
G0 X233.153 Y211.847
G0 X129.347 Y211.847
G0 X128.165 Y213.5
G0 X127.07 Y213.5
G0 X126.5 Y213.5
;TIME_ELAPSED:4867.592829
;LAYER:39
;TYPE:WALL-INNER
;MESH:BusConnAssyAid.stl
G1 F2700 E2033.08985
G1 F1500 X126.5 Y226.5 E2033.34928
G0 F9000 X126.1 Y226.9
G1 F1500 X126.9 Y226.9 E2033.36524
G1 X126.9 Y213.1 E2033.64064
G1 X126.1 Y213.1 E2033.6566
G1 X126.1 Y226.9 E2033.93199
G0 F9000 X125.7 Y227.3
;TYPE:WALL-OUTER
G1 F1500 X127.3 Y227.3 E2033.96392
G1 X127.3 Y212.7 E2034.25528
G1 X125.7 Y212.7 E2034.28721
G1 X125.7 Y227.3 E2034.57857
G1 F2700 E2029.57857
G0 F9000 X125.98 Y227.02
G0 X127.07 Y226.5
G0 X128.165 Y226.5
G0 X129.335 Y226.5
G0 X130.43 Y226.5
G0 X131 Y226.5
;TYPE:WALL-INNER
G1 F2700 E2034.57857
G1 F1500 X131 Y213.5 E2034.838
G0 F9000 X130.88 Y226.62
G0 X130.6 Y226.9
G1 F1500 X131.4 Y226.9 E2034.85397
G1 X131.4 Y213.1 E2035.12936
G1 X130.6 Y213.1 E2035.14532
G1 X130.6 Y226.9 E2035.42072
G0 F9000 X130.2 Y227.3
;TYPE:WALL-OUTER
G1 F1500 X131.8 Y227.3 E2035.45265
G1 X131.8 Y212.7 E2035.74401
G1 X130.2 Y212.7 E2035.77594
G1 X130.2 Y227.3 E2036.0673
G1 F2700 E2031.0673
G0 F9000 X130.48 Y227.02
G0 X131.57 Y226.5
G0 X132.665 Y226.5
G0 X139.835 Y226.5
G0 X140.93 Y226.5
G0 X141.5 Y226.5
;TYPE:WALL-INNER
G1 F2700 E2036.0673
G1 F1500 X141.5 Y213.5 E2036.32672
G0 F9000 X141.38 Y226.62
G0 X141.1 Y226.9
G1 F1500 X141.9 Y226.9 E2036.34269
G1 X141.9 Y213.1 E2036.61808
G1 X141.1 Y213.1 E2036.63405
G1 X141.1 Y226.9 E2036.90944
G0 F9000 X140.7 Y227.3
;TYPE:WALL-OUTER
G1 F1500 X142.3 Y227.3 E2036.94137
G1 X142.3 Y212.7 E2037.23273
G1 X140.7 Y212.7 E2037.26466
G1 X140.7 Y227.3 E2037.55602
G1 F2700 E2032.55602
G0 F9000 X140.98 Y227.02
G0 X142.07 Y226.5
G0 X143.165 Y226.5
G0 X144.335 Y226.5
G0 X145.43 Y226.5
G0 X146 Y226.5
;TYPE:WALL-INNER
G1 F2700 E2037.55602
G1 F1500 X146 Y213.5 E2037.81545
G0 F9000 X145.88 Y226.62
G0 X145.6 Y226.9
G1 F1500 X146.4 Y226.9 E2037.83141
G1 X146.4 Y213.1 E2038.10681
G1 X145.6 Y213.1 E2038.12277
G1 X145.6 Y226.9 E2038.39817
G0 F9000 X145.2 Y227.3
;TYPE:WALL-OUTER
G1 F1500 X146.8 Y227.3 E2038.4301
G1 X146.8 Y212.7 E2038.72145
G1 X145.2 Y212.7 E2038.75338
G1 X145.2 Y227.3 E2039.04474
G1 F2700 E2034.04474
G0 F9000 X145.48 Y227.02
G0 X146.57 Y226.5
G0 X147.665 Y226.5
G0 X154.835 Y226.5
G0 X155.93 Y226.5
G0 X156.5 Y226.5
;TYPE:WALL-INNER
G1 F2700 E2039.04474
G1 F1500 X156.5 Y213.5 E2039.30417
G0 F9000 X156.38 Y226.62
G0 X156.1 Y226.9
G1 F1500 X156.9 Y226.9 E2039.32014
G1 X156.9 Y213.1 E2039.59553
G1 X156.1 Y213.1 E2039.6115
G1 X156.1 Y226.9 E2039.88689
G0 F9000 X155.7 Y227.3
;TYPE:WALL-OUTER
G1 F1500 X157.3 Y227.3 E2039.91882
G1 X157.3 Y212.7 E2040.21018
G1 X155.7 Y212.7 E2040.24211
G1 X155.7 Y227.3 E2040.53347
G1 F2700 E2035.53347
G0 F9000 X155.98 Y227.02
G0 X157.07 Y226.5
G0 X158.165 Y226.5
G0 X159.335 Y226.5
G0 X160.43 Y226.5
G0 X161 Y226.5
;TYPE:WALL-INNER
G1 F2700 E2040.53347
G1 F1500 X161 Y213.5 E2040.7929
G0 F9000 X160.88 Y226.62
G0 X160.6 Y226.9
G1 F1500 X161.4 Y226.9 E2040.80886
G1 X161.4 Y213.1 E2041.08425
G1 X160.6 Y213.1 E2041.10022
G1 X160.6 Y226.9 E2041.37561
G0 F9000 X160.2 Y227.3
;TYPE:WALL-OUTER
G1 F1500 X161.8 Y227.3 E2041.40754
G1 X161.8 Y212.7 E2041.6989
G1 X160.2 Y212.7 E2041.73083
G1 X160.2 Y227.3 E2042.02219
G1 F2700 E2037.02219
G0 F9000 X160.48 Y227.02
G0 X161.57 Y226.5
G0 X162.665 Y226.5
G0 X169.835 Y226.5
G0 X170.93 Y226.5
G0 X171.5 Y226.5
;TYPE:WALL-INNER
G1 F2700 E2042.02219
G1 F1500 X171.5 Y213.5 E2042.28162
G0 F9000 X171.38 Y226.62
G0 X171.1 Y226.9
G1 F1500 X171.9 Y226.9 E2042.29758
G1 X171.9 Y213.1 E2042.57298
G1 X171.1 Y213.1 E2042.58894
G1 X171.1 Y226.9 E2042.86434
G0 F9000 X170.7 Y227.3
;TYPE:WALL-OUTER
G1 F1500 X172.3 Y227.3 E2042.89627
G1 X172.3 Y212.7 E2043.18762
G1 X170.7 Y212.7 E2043.21955
G1 X170.7 Y227.3 E2043.51091
G1 F2700 E2038.51091
G0 F9000 X170.98 Y227.02
G0 X172.07 Y226.5
G0 X173.165 Y226.5
G0 X174.335 Y226.5
G0 X175.43 Y226.5
G0 X176 Y226.5
;TYPE:WALL-INNER
G1 F2700 E2043.51091
G1 F1500 X176 Y213.5 E2043.77034
G0 F9000 X175.88 Y226.62
G0 X175.6 Y226.9
G1 F1500 X176.4 Y226.9 E2043.78631
G1 X176.4 Y213.1 E2044.0617
G1 X175.6 Y213.1 E2044.07767
G1 X175.6 Y226.9 E2044.35306
G0 F9000 X175.2 Y227.3
;TYPE:WALL-OUTER
G1 F1500 X176.8 Y227.3 E2044.38499
G1 X176.8 Y212.7 E2044.67635
G1 X175.2 Y212.7 E2044.70828
G1 X175.2 Y227.3 E2044.99964
G1 F2700 E2039.99964
G0 F9000 X175.48 Y227.02
G0 X176.57 Y226.5
G0 X177.665 Y226.5
G0 X184.835 Y226.5
G0 X185.93 Y226.5
G0 X186.5 Y226.5
;TYPE:WALL-INNER
G1 F2700 E2044.99964
G1 F1500 X186.5 Y213.5 E2045.25907
G0 F9000 X186.38 Y226.62
G0 X186.1 Y226.9
G1 F1500 X186.9 Y226.9 E2045.27503
G1 X186.9 Y213.1 E2045.55042
G1 X186.1 Y213.1 E2045.56639
G1 X186.1 Y226.9 E2045.84178
G0 F9000 X185.7 Y227.3
;TYPE:WALL-OUTER
G1 F1500 X187.3 Y227.3 E2045.87371
G1 X187.3 Y212.7 E2046.16507
G1 X185.7 Y212.7 E2046.197
G1 X185.7 Y227.3 E2046.48836
G1 F2700 E2041.48836
G0 F9000 X185.98 Y227.02
G0 X187.07 Y226.5
G0 X188.165 Y226.5
G0 X189.335 Y226.5
G0 X190.43 Y226.5
G0 X191 Y226.5
;TYPE:WALL-INNER
G1 F2700 E2046.48836
G1 F1500 X191 Y213.5 E2046.74779
G0 F9000 X190.88 Y226.62
G0 X190.6 Y226.9
G1 F1500 X191.4 Y226.9 E2046.76375
G1 X191.4 Y213.1 E2047.03915
G1 X190.6 Y213.1 E2047.05511
G1 X190.6 Y226.9 E2047.33051
G0 F9000 X190.2 Y227.3
;TYPE:WALL-OUTER
G1 F1500 X191.8 Y227.3 E2047.36244
G1 X191.8 Y212.7 E2047.6538
G1 X190.2 Y212.7 E2047.68573
G1 X190.2 Y227.3 E2047.97708
G1 F2700 E2042.97708
G0 F9000 X190.48 Y227.02
G0 X191.57 Y226.5
G0 X192.665 Y226.5
G0 X199.835 Y226.5
G0 X200.93 Y226.5
G0 X201.5 Y226.5
;TYPE:WALL-INNER
G1 F2700 E2047.97708
G1 F1500 X201.5 Y213.5 E2048.23651
G0 F9000 X201.38 Y226.62
G0 X201.1 Y226.9
G1 F1500 X201.9 Y226.9 E2048.25248
G1 X201.9 Y213.1 E2048.52787
G1 X201.1 Y213.1 E2048.54384
G1 X201.1 Y226.9 E2048.81923
G0 F9000 X200.7 Y227.3
;TYPE:WALL-OUTER
G1 F1500 X202.3 Y227.3 E2048.85116
G1 X202.3 Y212.7 E2049.14252
G1 X200.7 Y212.7 E2049.17445
G1 X200.7 Y227.3 E2049.46581
G1 F2700 E2044.46581
G0 F9000 X200.98 Y227.02
G0 X202.07 Y226.5
G0 X203.165 Y226.5
G0 X204.335 Y226.5
G0 X205.43 Y226.5
G0 X206 Y226.5
;TYPE:WALL-INNER
G1 F2700 E2049.46581
G1 F1500 X206 Y213.5 E2049.72524
G0 F9000 X205.88 Y226.62
G0 X205.6 Y226.9
G1 F1500 X206.4 Y226.9 E2049.7412
G1 X206.4 Y213.1 E2050.0166
G1 X205.6 Y213.1 E2050.03256
G1 X205.6 Y226.9 E2050.30795
G0 F9000 X205.2 Y227.3
;TYPE:WALL-OUTER
G1 F1500 X206.8 Y227.3 E2050.33988
G1 X206.8 Y212.7 E2050.63124
G1 X205.2 Y212.7 E2050.66317
G1 X205.2 Y227.3 E2050.95453
G1 F2700 E2045.95453
G0 F9000 X205.48 Y227.02
G0 X206.57 Y226.5
G0 X207.665 Y226.5
G0 X214.835 Y226.5
G0 X215.93 Y226.5
G0 X216.5 Y226.5
;TYPE:WALL-INNER
G1 F2700 E2050.95453
G1 F1500 X216.5 Y213.5 E2051.21396
G0 F9000 X216.38 Y226.62
G0 X216.1 Y226.9
G1 F1500 X216.9 Y226.9 E2051.22993
G1 X216.9 Y213.1 E2051.50532
G1 X216.1 Y213.1 E2051.52128
G1 X216.1 Y226.9 E2051.79668
G0 F9000 X215.7 Y227.3
;TYPE:WALL-OUTER
G1 F1500 X217.3 Y227.3 E2051.82861
G1 X217.3 Y212.7 E2052.11997
G1 X215.7 Y212.7 E2052.1519
G1 X215.7 Y227.3 E2052.44326
G1 F2700 E2047.44326
G0 F9000 X215.98 Y227.02
G0 X217.07 Y226.5
G0 X218.165 Y226.5
G0 X219.335 Y226.5
G0 X220.43 Y226.5
G0 X221 Y226.5
;TYPE:WALL-INNER
G1 F2700 E2052.44326
G1 F1500 X221 Y213.5 E2052.70268
G0 F9000 X220.88 Y226.62
G0 X220.6 Y226.9
G1 F1500 X221.4 Y226.9 E2052.71865
G1 X221.4 Y213.1 E2052.99404
G1 X220.6 Y213.1 E2053.01001
G1 X220.6 Y226.9 E2053.2854
G0 F9000 X220.2 Y227.3
;TYPE:WALL-OUTER
G1 F1500 X221.8 Y227.3 E2053.31733
G1 X221.8 Y212.7 E2053.60869
G1 X220.2 Y212.7 E2053.64062
G1 X220.2 Y227.3 E2053.93198
G1 F2700 E2048.93198
G0 F9000 X220.48 Y227.02
G0 X221.57 Y226.5
G0 X222.665 Y226.5
G0 X229.835 Y226.5
G0 X230.93 Y226.5
G0 X231.5 Y226.5
;TYPE:WALL-INNER
G1 F2700 E2053.93198
G1 F1500 X231.5 Y213.5 E2054.19141
G0 F9000 X231.38 Y226.62
G0 X231.1 Y226.9
G1 F1500 X231.9 Y226.9 E2054.20737
G1 X231.9 Y213.1 E2054.48277
G1 X231.1 Y213.1 E2054.49873
G1 X231.1 Y226.9 E2054.77413
G0 F9000 X230.7 Y227.3
;TYPE:WALL-OUTER
G1 F1500 X232.3 Y227.3 E2054.80606
G1 X232.3 Y212.7 E2055.09741
G1 X230.7 Y212.7 E2055.12934
G1 X230.7 Y227.3 E2055.4207
G1 F2700 E2050.4207
G0 F9000 X230.98 Y227.02
G0 X232.07 Y226.475
G0 X233.165 Y226.475
G0 X234.335 Y226.475
G0 X235.43 Y226.475
G0 X236.025 Y226.475
;TYPE:WALL-INNER
G1 F2700 E2055.4207
G1 F1333.3 X236.475 Y226.475 E2055.43081
G1 X236.475 Y213.525 E2055.72154
G1 X236.025 Y213.525 E2055.73164
G1 X236.025 Y226.475 E2056.02238
G0 F9000 X235.6 Y226.9
G1 F1500 X236.9 Y226.9 E2056.04832
G1 X236.9 Y213.1 E2056.32372
G1 X235.6 Y213.1 E2056.34966
G1 X235.6 Y226.9 E2056.62505
G0 F9000 X235.2 Y227.3
;TYPE:WALL-OUTER
G1 F1500 X237.3 Y227.3 E2056.66696
G1 X237.3 Y212.7 E2056.95832
G1 X235.2 Y212.7 E2057.00023
G1 X235.2 Y227.3 E2057.29159
G0 F9000 X236.092 Y226.29
G1 F2700 E2052.29159
;MESH:NONMESH
G0 F300 X236.092 Y226.29 Z4.92
G0 F9000 X235.43 Y213.5
G0 X234.335 Y213.5
G0 X233.153 Y211.847
G0 X129.347 Y211.847
G0 X128.165 Y213.5
G0 X127.07 Y213.5
G0 X126.5 Y213.5
;TIME_ELAPSED:4936.883063
;LAYER:40
;TYPE:WALL-INNER
;MESH:BusConnAssyAid.stl
G1 F2700 E2057.29159
G1 F1500 X126.5 Y226.5 E2057.55101
G0 F9000 X126.1 Y226.9
G1 F1500 X126.9 Y226.9 E2057.56698
G1 X126.9 Y213.1 E2057.84237
G1 X126.1 Y213.1 E2057.85834
G1 X126.1 Y226.9 E2058.13373
G0 F9000 X125.7 Y227.3
;TYPE:WALL-OUTER
G1 F1500 X127.3 Y227.3 E2058.16566
G1 X127.3 Y212.7 E2058.45702
G1 X125.7 Y212.7 E2058.48895
G1 X125.7 Y227.3 E2058.78031
G1 F2700 E2053.78031
G0 F9000 X125.98 Y227.02
G0 X127.07 Y226.5
G0 X128.165 Y226.5
G0 X129.335 Y226.5
G0 X130.43 Y226.5
G0 X131 Y226.5
;TYPE:WALL-INNER
G1 F2700 E2058.78031
G1 F1500 X131 Y213.5 E2059.03974
G0 F9000 X130.88 Y226.62
G0 X130.6 Y226.9
G1 F1500 X131.4 Y226.9 E2059.0557
G1 X131.4 Y213.1 E2059.3311
G1 X130.6 Y213.1 E2059.34706
G1 X130.6 Y226.9 E2059.62246
G0 F9000 X130.2 Y227.3
;TYPE:WALL-OUTER
G1 F1500 X131.8 Y227.3 E2059.65439
G1 X131.8 Y212.7 E2059.94574
G1 X130.2 Y212.7 E2059.97767
G1 X130.2 Y227.3 E2060.26903
G1 F2700 E2055.26903
G0 F9000 X130.48 Y227.02
G0 X131.57 Y226.5
G0 X132.665 Y226.5
G0 X139.835 Y226.5
G0 X140.93 Y226.5
G0 X141.5 Y226.5
;TYPE:WALL-INNER
G1 F2700 E2060.26903
G1 F1500 X141.5 Y213.5 E2060.52846
G0 F9000 X141.38 Y226.62
G0 X141.1 Y226.9
G1 F1500 X141.9 Y226.9 E2060.54443
G1 X141.9 Y213.1 E2060.81982
G1 X141.1 Y213.1 E2060.83579
G1 X141.1 Y226.9 E2061.11118
G0 F9000 X140.7 Y227.3
;TYPE:WALL-OUTER
G1 F1500 X142.3 Y227.3 E2061.14311
G1 X142.3 Y212.7 E2061.43447
G1 X140.7 Y212.7 E2061.4664
G1 X140.7 Y227.3 E2061.75776
G1 F2700 E2056.75776
G0 F9000 X140.98 Y227.02
G0 X142.07 Y226.5
G0 X143.165 Y226.5
G0 X144.335 Y226.5
G0 X145.43 Y226.5
G0 X146 Y226.5
;TYPE:WALL-INNER
G1 F2700 E2061.75776
G1 F1500 X146 Y213.5 E2062.01719
G0 F9000 X145.88 Y226.62
G0 X145.6 Y226.9
G1 F1500 X146.4 Y226.9 E2062.03315
G1 X146.4 Y213.1 E2062.30854
G1 X145.6 Y213.1 E2062.32451
G1 X145.6 Y226.9 E2062.5999
G0 F9000 X145.2 Y227.3
;TYPE:WALL-OUTER
G1 F1500 X146.8 Y227.3 E2062.63183
G1 X146.8 Y212.7 E2062.92319
G1 X145.2 Y212.7 E2062.95512
G1 X145.2 Y227.3 E2063.24648
G1 F2700 E2058.24648
G0 F9000 X145.48 Y227.02
G0 X146.57 Y226.5
G0 X147.665 Y226.5
G0 X154.835 Y226.5
G0 X155.93 Y226.5
G0 X156.5 Y226.5
;TYPE:WALL-INNER
G1 F2700 E2063.24648
G1 F1500 X156.5 Y213.5 E2063.50591
G0 F9000 X156.38 Y226.62
G0 X156.1 Y226.9
G1 F1500 X156.9 Y226.9 E2063.52187
G1 X156.9 Y213.1 E2063.79727
G1 X156.1 Y213.1 E2063.81323
G1 X156.1 Y226.9 E2064.08863
G0 F9000 X155.7 Y227.3
;TYPE:WALL-OUTER
G1 F1500 X157.3 Y227.3 E2064.12056
G1 X157.3 Y212.7 E2064.41191
G1 X155.7 Y212.7 E2064.44384
G1 X155.7 Y227.3 E2064.7352
G1 F2700 E2059.7352
G0 F9000 X155.98 Y227.02
G0 X157.07 Y226.5
G0 X158.165 Y226.5
G0 X159.335 Y226.5
G0 X160.43 Y226.5
G0 X161 Y226.5
;TYPE:WALL-INNER
G1 F2700 E2064.7352
G1 F1500 X161 Y213.5 E2064.99463
G0 F9000 X160.88 Y226.62
G0 X160.6 Y226.9
G1 F1500 X161.4 Y226.9 E2065.0106
G1 X161.4 Y213.1 E2065.28599
G1 X160.6 Y213.1 E2065.30196
G1 X160.6 Y226.9 E2065.57735
G0 F9000 X160.2 Y227.3
;TYPE:WALL-OUTER
G1 F1500 X161.8 Y227.3 E2065.60928
G1 X161.8 Y212.7 E2065.90064
G1 X160.2 Y212.7 E2065.93257
G1 X160.2 Y227.3 E2066.22393
G1 F2700 E2061.22393
G0 F9000 X160.48 Y227.02
G0 X161.57 Y226.5
G0 X162.665 Y226.5
G0 X169.835 Y226.5
G0 X170.93 Y226.5
G0 X171.5 Y226.5
;TYPE:WALL-INNER
G1 F2700 E2066.22393
G1 F1500 X171.5 Y213.5 E2066.48336
G0 F9000 X171.38 Y226.62
G0 X171.1 Y226.9
G1 F1500 X171.9 Y226.9 E2066.49932
G1 X171.9 Y213.1 E2066.77471
G1 X171.1 Y213.1 E2066.79068
G1 X171.1 Y226.9 E2067.06607
G0 F9000 X170.7 Y227.3
;TYPE:WALL-OUTER
G1 F1500 X172.3 Y227.3 E2067.098
G1 X172.3 Y212.7 E2067.38936
G1 X170.7 Y212.7 E2067.42129
G1 X170.7 Y227.3 E2067.71265
G1 F2700 E2062.71265
G0 F9000 X170.98 Y227.02
G0 X172.07 Y226.5
G0 X173.165 Y226.5
G0 X174.335 Y226.5
G0 X175.43 Y226.5
G0 X176 Y226.5
;TYPE:WALL-INNER
G1 F2700 E2067.71265
G1 F1500 X176 Y213.5 E2067.97208
G0 F9000 X175.88 Y226.62
G0 X175.6 Y226.9
G1 F1500 X176.4 Y226.9 E2067.98804
G1 X176.4 Y213.1 E2068.26344
G1 X175.6 Y213.1 E2068.2794
G1 X175.6 Y226.9 E2068.5548
G0 F9000 X175.2 Y227.3
;TYPE:WALL-OUTER
G1 F1500 X176.8 Y227.3 E2068.58673
G1 X176.8 Y212.7 E2068.87809
G1 X175.2 Y212.7 E2068.91002
G1 X175.2 Y227.3 E2069.20137
G1 F2700 E2064.20137
G0 F9000 X175.48 Y227.02
G0 X176.57 Y226.5
G0 X177.665 Y226.5
G0 X184.835 Y226.5
G0 X185.93 Y226.5
G0 X186.5 Y226.5
;TYPE:WALL-INNER
G1 F2700 E2069.20137
G1 F1500 X186.5 Y213.5 E2069.4608
G0 F9000 X186.38 Y226.62
G0 X186.1 Y226.9
G1 F1500 X186.9 Y226.9 E2069.47677
G1 X186.9 Y213.1 E2069.75216
G1 X186.1 Y213.1 E2069.76813
G1 X186.1 Y226.9 E2070.04352
G0 F9000 X185.7 Y227.3
;TYPE:WALL-OUTER
G1 F1500 X187.3 Y227.3 E2070.07545
G1 X187.3 Y212.7 E2070.36681
G1 X185.7 Y212.7 E2070.39874
G1 X185.7 Y227.3 E2070.6901
G1 F2700 E2065.6901
G0 F9000 X185.98 Y227.02
G0 X187.07 Y226.5
G0 X188.165 Y226.5
G0 X189.335 Y226.5
G0 X190.43 Y226.5
G0 X191 Y226.5
;TYPE:WALL-INNER
G1 F2700 E2070.6901
G1 F1500 X191 Y213.5 E2070.94953
G0 F9000 X190.88 Y226.62
G0 X190.6 Y226.9
G1 F1500 X191.4 Y226.9 E2070.96549
G1 X191.4 Y213.1 E2071.24089
G1 X190.6 Y213.1 E2071.25685
G1 X190.6 Y226.9 E2071.53224
G0 F9000 X190.2 Y227.3
;TYPE:WALL-OUTER
G1 F1500 X191.8 Y227.3 E2071.56417
G1 X191.8 Y212.7 E2071.85553
G1 X190.2 Y212.7 E2071.88746
G1 X190.2 Y227.3 E2072.17882
G1 F2700 E2067.17882
G0 F9000 X190.48 Y227.02
G0 X191.57 Y226.5
G0 X192.665 Y226.5
G0 X199.835 Y226.5
G0 X200.93 Y226.5
G0 X201.5 Y226.5
;TYPE:WALL-INNER
G1 F2700 E2072.17882
G1 F1500 X201.5 Y213.5 E2072.43825
G0 F9000 X201.38 Y226.62
G0 X201.1 Y226.9
G1 F1500 X201.9 Y226.9 E2072.45422
G1 X201.9 Y213.1 E2072.72961
G1 X201.1 Y213.1 E2072.74557
G1 X201.1 Y226.9 E2073.02097
G0 F9000 X200.7 Y227.3
;TYPE:WALL-OUTER
G1 F1500 X202.3 Y227.3 E2073.0529
G1 X202.3 Y212.7 E2073.34426
G1 X200.7 Y212.7 E2073.37619
G1 X200.7 Y227.3 E2073.66755
G1 F2700 E2068.66755
G0 F9000 X200.98 Y227.02
G0 X202.07 Y226.5
G0 X203.165 Y226.5
G0 X204.335 Y226.5
G0 X205.43 Y226.5
G0 X206 Y226.5
;TYPE:WALL-INNER
G1 F2700 E2073.66755
G1 F1500 X206 Y213.5 E2073.92697
G0 F9000 X205.88 Y226.62
G0 X205.6 Y226.9
G1 F1500 X206.4 Y226.9 E2073.94294
G1 X206.4 Y213.1 E2074.21833
G1 X205.6 Y213.1 E2074.2343
G1 X205.6 Y226.9 E2074.50969
G0 F9000 X205.2 Y227.3
;TYPE:WALL-OUTER
G1 F1500 X206.8 Y227.3 E2074.54162
G1 X206.8 Y212.7 E2074.83298
G1 X205.2 Y212.7 E2074.86491
G1 X205.2 Y227.3 E2075.15627
G1 F2700 E2070.15627
G0 F9000 X205.48 Y227.02
G0 X206.57 Y226.5
G0 X207.665 Y226.5
G0 X214.835 Y226.5
G0 X215.93 Y226.5
G0 X216.5 Y226.5
;TYPE:WALL-INNER
G1 F2700 E2075.15627
G1 F1500 X216.5 Y213.5 E2075.4157
G0 F9000 X216.38 Y226.62
G0 X216.1 Y226.9
G1 F1500 X216.9 Y226.9 E2075.43166
G1 X216.9 Y213.1 E2075.70706
G1 X216.1 Y213.1 E2075.72302
G1 X216.1 Y226.9 E2075.99842
G0 F9000 X215.7 Y227.3
;TYPE:WALL-OUTER
G1 F1500 X217.3 Y227.3 E2076.03035
G1 X217.3 Y212.7 E2076.3217
G1 X215.7 Y212.7 E2076.35363
G1 X215.7 Y227.3 E2076.64499
G1 F2700 E2071.64499
G0 F9000 X215.98 Y227.02
G0 X217.07 Y226.5
G0 X218.165 Y226.5
G0 X219.335 Y226.5
G0 X220.43 Y226.5
G0 X221 Y226.5
;TYPE:WALL-INNER
G1 F2700 E2076.64499
G1 F1500 X221 Y213.5 E2076.90442
G0 F9000 X220.88 Y226.62
G0 X220.6 Y226.9
G1 F1500 X221.4 Y226.9 E2076.92039
G1 X221.4 Y213.1 E2077.19578
G1 X220.6 Y213.1 E2077.21175
G1 X220.6 Y226.9 E2077.48714
G0 F9000 X220.2 Y227.3
;TYPE:WALL-OUTER
G1 F1500 X221.8 Y227.3 E2077.51907
G1 X221.8 Y212.7 E2077.81043
G1 X220.2 Y212.7 E2077.84236
G1 X220.2 Y227.3 E2078.13372
G1 F2700 E2073.13372
G0 F9000 X220.48 Y227.02
G0 X221.57 Y226.5
G0 X222.665 Y226.5
G0 X229.835 Y226.5
G0 X230.93 Y226.5
G0 X231.5 Y226.5
;TYPE:WALL-INNER
G1 F2700 E2078.13372
G1 F1500 X231.5 Y213.5 E2078.39315
G0 F9000 X231.38 Y226.62
G0 X231.1 Y226.9
G1 F1500 X231.9 Y226.9 E2078.40911
G1 X231.9 Y213.1 E2078.6845
G1 X231.1 Y213.1 E2078.70047
G1 X231.1 Y226.9 E2078.97586
G0 F9000 X230.7 Y227.3
;TYPE:WALL-OUTER
G1 F1500 X232.3 Y227.3 E2079.00779
G1 X232.3 Y212.7 E2079.29915
G1 X230.7 Y212.7 E2079.33108
G1 X230.7 Y227.3 E2079.62244
G1 F2700 E2074.62244
G0 F9000 X230.98 Y227.02
G0 X232.07 Y226.475
G0 X233.165 Y226.475
G0 X234.335 Y226.475
G0 X235.43 Y226.475
G0 X236.025 Y226.475
;TYPE:WALL-INNER
G1 F2700 E2079.62244
G1 F1333.3 X236.475 Y226.475 E2079.63254
G1 X236.475 Y213.525 E2079.92328
G1 X236.025 Y213.525 E2079.93338
G1 X236.025 Y226.475 E2080.22412
G0 F9000 X235.6 Y226.9
G1 F1500 X236.9 Y226.9 E2080.25006
G1 X236.9 Y213.1 E2080.52545
G1 X235.6 Y213.1 E2080.5514
G1 X235.6 Y226.9 E2080.82679
G0 F9000 X235.2 Y227.3
;TYPE:WALL-OUTER
G1 F1500 X237.3 Y227.3 E2080.8687
G1 X237.3 Y212.7 E2081.16006
G1 X235.2 Y212.7 E2081.20196
G1 X235.2 Y227.3 E2081.49332
G0 F9000 X236.092 Y226.29
G1 F2700 E2076.49332
;MESH:NONMESH
G0 F300 X236.092 Y226.29 Z5.04
G0 F9000 X235.43 Y213.5
G0 X234.335 Y213.5
G0 X233.153 Y211.847
G0 X129.347 Y211.847
G0 X128.165 Y213.5
G0 X127.07 Y213.5
G0 X126.5 Y213.5
;TIME_ELAPSED:5006.173297
;LAYER:41
;TYPE:WALL-INNER
;MESH:BusConnAssyAid.stl
G1 F2700 E2081.49332
G1 F1500 X126.5 Y226.5 E2081.75275
G0 F9000 X126.1 Y226.9
G1 F1500 X126.9 Y226.9 E2081.76872
G1 X126.9 Y213.1 E2082.04411
G1 X126.1 Y213.1 E2082.06008
G1 X126.1 Y226.9 E2082.33547
G0 F9000 X125.7 Y227.3
;TYPE:WALL-OUTER
G1 F1500 X127.3 Y227.3 E2082.3674
G1 X127.3 Y212.7 E2082.65876
G1 X125.7 Y212.7 E2082.69069
G1 X125.7 Y227.3 E2082.98205
G1 F2700 E2077.98205
G0 F9000 X125.98 Y227.02
G0 X127.07 Y226.5
G0 X128.165 Y226.5
G0 X129.335 Y226.5
G0 X130.43 Y226.5
G0 X131 Y226.5
;TYPE:WALL-INNER
G1 F2700 E2082.98205
G1 F1500 X131 Y213.5 E2083.24148
G0 F9000 X130.88 Y226.62
G0 X130.6 Y226.9
G1 F1500 X131.4 Y226.9 E2083.25744
G1 X131.4 Y213.1 E2083.53283
G1 X130.6 Y213.1 E2083.5488
G1 X130.6 Y226.9 E2083.82419
G0 F9000 X130.2 Y227.3
;TYPE:WALL-OUTER
G1 F1500 X131.8 Y227.3 E2083.85612
G1 X131.8 Y212.7 E2084.14748
G1 X130.2 Y212.7 E2084.17941
G1 X130.2 Y227.3 E2084.47077
G1 F2700 E2079.47077
G0 F9000 X130.48 Y227.02
G0 X131.57 Y226.5
G0 X132.665 Y226.5
G0 X139.835 Y226.5
G0 X140.93 Y226.5
G0 X141.5 Y226.5
;TYPE:WALL-INNER
G1 F2700 E2084.47077
G1 F1500 X141.5 Y213.5 E2084.7302
G0 F9000 X141.38 Y226.62
G0 X141.1 Y226.9
G1 F1500 X141.9 Y226.9 E2084.74616
G1 X141.9 Y213.1 E2085.02156
G1 X141.1 Y213.1 E2085.03752
G1 X141.1 Y226.9 E2085.31292
G0 F9000 X140.7 Y227.3
;TYPE:WALL-OUTER
G1 F1500 X142.3 Y227.3 E2085.34485
G1 X142.3 Y212.7 E2085.6362
G1 X140.7 Y212.7 E2085.66813
G1 X140.7 Y227.3 E2085.95949
G1 F2700 E2080.95949
G0 F9000 X140.98 Y227.02
G0 X142.07 Y226.5
G0 X143.165 Y226.5
G0 X144.335 Y226.5
G0 X145.43 Y226.5
G0 X146 Y226.5
;TYPE:WALL-INNER
G1 F2700 E2085.95949
G1 F1500 X146 Y213.5 E2086.21892
G0 F9000 X145.88 Y226.62
G0 X145.6 Y226.9
G1 F1500 X146.4 Y226.9 E2086.23489
G1 X146.4 Y213.1 E2086.51028
G1 X145.6 Y213.1 E2086.52625
G1 X145.6 Y226.9 E2086.80164
G0 F9000 X145.2 Y227.3
;TYPE:WALL-OUTER
G1 F1500 X146.8 Y227.3 E2086.83357
G1 X146.8 Y212.7 E2087.12493
G1 X145.2 Y212.7 E2087.15686
G1 X145.2 Y227.3 E2087.44822
G1 F2700 E2082.44822
G0 F9000 X145.48 Y227.02
G0 X146.57 Y226.5
G0 X147.665 Y226.5
G0 X154.835 Y226.5
G0 X155.93 Y226.5
G0 X156.5 Y226.5
;TYPE:WALL-INNER
G1 F2700 E2087.44822
G1 F1500 X156.5 Y213.5 E2087.70765
G0 F9000 X156.38 Y226.62
G0 X156.1 Y226.9
G1 F1500 X156.9 Y226.9 E2087.72361
G1 X156.9 Y213.1 E2087.999
G1 X156.1 Y213.1 E2088.01497
G1 X156.1 Y226.9 E2088.29036
G0 F9000 X155.7 Y227.3
;TYPE:WALL-OUTER
G1 F1500 X157.3 Y227.3 E2088.32229
G1 X157.3 Y212.7 E2088.61365
G1 X155.7 Y212.7 E2088.64558
G1 X155.7 Y227.3 E2088.93694
G1 F2700 E2083.93694
G0 F9000 X155.98 Y227.02
G0 X157.07 Y226.5
G0 X158.165 Y226.5
G0 X159.335 Y226.5
G0 X160.43 Y226.5
G0 X161 Y226.5
;TYPE:WALL-INNER
G1 F2700 E2088.93694
G1 F1500 X161 Y213.5 E2089.19637
G0 F9000 X160.88 Y226.62
G0 X160.6 Y226.9
G1 F1500 X161.4 Y226.9 E2089.21233
G1 X161.4 Y213.1 E2089.48773
G1 X160.6 Y213.1 E2089.50369
G1 X160.6 Y226.9 E2089.77909
G0 F9000 X160.2 Y227.3
;TYPE:WALL-OUTER
G1 F1500 X161.8 Y227.3 E2089.81102
G1 X161.8 Y212.7 E2090.10238
G1 X160.2 Y212.7 E2090.13431
G1 X160.2 Y227.3 E2090.42566
G1 F2700 E2085.42566
G0 F9000 X160.48 Y227.02
G0 X161.57 Y226.5
G0 X162.665 Y226.5
G0 X169.835 Y226.5
G0 X170.93 Y226.5
G0 X171.5 Y226.5
;TYPE:WALL-INNER
G1 F2700 E2090.42566
G1 F1500 X171.5 Y213.5 E2090.68509
G0 F9000 X171.38 Y226.62
G0 X171.1 Y226.9
G1 F1500 X171.9 Y226.9 E2090.70106
G1 X171.9 Y213.1 E2090.97645
G1 X171.1 Y213.1 E2090.99242
G1 X171.1 Y226.9 E2091.26781
G0 F9000 X170.7 Y227.3
;TYPE:WALL-OUTER
G1 F1500 X172.3 Y227.3 E2091.29974
G1 X172.3 Y212.7 E2091.5911
G1 X170.7 Y212.7 E2091.62303
G1 X170.7 Y227.3 E2091.91439
G1 F2700 E2086.91439
G0 F9000 X170.98 Y227.02
G0 X172.07 Y226.5
G0 X173.165 Y226.5
G0 X174.335 Y226.5
G0 X175.43 Y226.5
G0 X176 Y226.5
;TYPE:WALL-INNER
G1 F2700 E2091.91439
G1 F1500 X176 Y213.5 E2092.17382
G0 F9000 X175.88 Y226.62
G0 X175.6 Y226.9
G1 F1500 X176.4 Y226.9 E2092.18978
G1 X176.4 Y213.1 E2092.46518
G1 X175.6 Y213.1 E2092.48114
G1 X175.6 Y226.9 E2092.75653
G0 F9000 X175.2 Y227.3
;TYPE:WALL-OUTER
G1 F1500 X176.8 Y227.3 E2092.78846
G1 X176.8 Y212.7 E2093.07982
G1 X175.2 Y212.7 E2093.11175
G1 X175.2 Y227.3 E2093.40311
G1 F2700 E2088.40311
G0 F9000 X175.48 Y227.02
G0 X176.57 Y226.5
G0 X177.665 Y226.5
G0 X184.835 Y226.5
G0 X185.93 Y226.5
G0 X186.5 Y226.5
;TYPE:WALL-INNER
G1 F2700 E2093.40311
G1 F1500 X186.5 Y213.5 E2093.66254
G0 F9000 X186.38 Y226.62
G0 X186.1 Y226.9
G1 F1500 X186.9 Y226.9 E2093.67851
G1 X186.9 Y213.1 E2093.9539
G1 X186.1 Y213.1 E2093.96986
G1 X186.1 Y226.9 E2094.24526
G0 F9000 X185.7 Y227.3
;TYPE:WALL-OUTER
G1 F1500 X187.3 Y227.3 E2094.27719
G1 X187.3 Y212.7 E2094.56855
G1 X185.7 Y212.7 E2094.60048
G1 X185.7 Y227.3 E2094.89184
G1 F2700 E2089.89184
G0 F9000 X185.98 Y227.02
G0 X187.07 Y226.5
G0 X188.165 Y226.5
G0 X189.335 Y226.5
G0 X190.43 Y226.5
G0 X191 Y226.5
;TYPE:WALL-INNER
G1 F2700 E2094.89184
G1 F1500 X191 Y213.5 E2095.15126
G0 F9000 X190.88 Y226.62
G0 X190.6 Y226.9
G1 F1500 X191.4 Y226.9 E2095.16723
G1 X191.4 Y213.1 E2095.44262
G1 X190.6 Y213.1 E2095.45859
G1 X190.6 Y226.9 E2095.73398
G0 F9000 X190.2 Y227.3
;TYPE:WALL-OUTER
G1 F1500 X191.8 Y227.3 E2095.76591
G1 X191.8 Y212.7 E2096.05727
G1 X190.2 Y212.7 E2096.0892
G1 X190.2 Y227.3 E2096.38056
G1 F2700 E2091.38056
G0 F9000 X190.48 Y227.02
G0 X191.57 Y226.5
G0 X192.665 Y226.5
G0 X199.835 Y226.5
G0 X200.93 Y226.5
G0 X201.5 Y226.5
;TYPE:WALL-INNER
G1 F2700 E2096.38056
G1 F1500 X201.5 Y213.5 E2096.63999
G0 F9000 X201.38 Y226.62
G0 X201.1 Y226.9
G1 F1500 X201.9 Y226.9 E2096.65595
G1 X201.9 Y213.1 E2096.93135
G1 X201.1 Y213.1 E2096.94731
G1 X201.1 Y226.9 E2097.22271
G0 F9000 X200.7 Y227.3
;TYPE:WALL-OUTER
G1 F1500 X202.3 Y227.3 E2097.25464
G1 X202.3 Y212.7 E2097.54599
G1 X200.7 Y212.7 E2097.57792
G1 X200.7 Y227.3 E2097.86928
G1 F2700 E2092.86928
G0 F9000 X200.98 Y227.02
G0 X202.07 Y226.5
G0 X203.165 Y226.5
G0 X204.335 Y226.5
G0 X205.43 Y226.5
G0 X206 Y226.5
;TYPE:WALL-INNER
G1 F2700 E2097.86928
G1 F1500 X206 Y213.5 E2098.12871
G0 F9000 X205.88 Y226.62
G0 X205.6 Y226.9
G1 F1500 X206.4 Y226.9 E2098.14468
G1 X206.4 Y213.1 E2098.42007
G1 X205.6 Y213.1 E2098.43604
G1 X205.6 Y226.9 E2098.71143
G0 F9000 X205.2 Y227.3
;TYPE:WALL-OUTER
G1 F1500 X206.8 Y227.3 E2098.74336
G1 X206.8 Y212.7 E2099.03472
G1 X205.2 Y212.7 E2099.06665
G1 X205.2 Y227.3 E2099.35801
G1 F2700 E2094.35801
G0 F9000 X205.48 Y227.02
G0 X206.57 Y226.5
G0 X207.665 Y226.5
G0 X214.835 Y226.5
G0 X215.93 Y226.5
G0 X216.5 Y226.5
;TYPE:WALL-INNER
G1 F2700 E2099.35801
G1 F1500 X216.5 Y213.5 E2099.61744
G0 F9000 X216.38 Y226.62
G0 X216.1 Y226.9
G1 F1500 X216.9 Y226.9 E2099.6334
G1 X216.9 Y213.1 E2099.90879
G1 X216.1 Y213.1 E2099.92476
G1 X216.1 Y226.9 E2100.20015
G0 F9000 X215.7 Y227.3
;TYPE:WALL-OUTER
G1 F1500 X217.3 Y227.3 E2100.23208
G1 X217.3 Y212.7 E2100.52344
G1 X215.7 Y212.7 E2100.55537
G1 X215.7 Y227.3 E2100.84673
G1 F2700 E2095.84673
G0 F9000 X215.98 Y227.02
G0 X217.07 Y226.5
G0 X218.165 Y226.5
G0 X219.335 Y226.5
G0 X220.43 Y226.5
G0 X221 Y226.5
;TYPE:WALL-INNER
G1 F2700 E2100.84673
G1 F1500 X221 Y213.5 E2101.10616
G0 F9000 X220.88 Y226.62
G0 X220.6 Y226.9
G1 F1500 X221.4 Y226.9 E2101.12212
G1 X221.4 Y213.1 E2101.39752
G1 X220.6 Y213.1 E2101.41348
G1 X220.6 Y226.9 E2101.68888
G0 F9000 X220.2 Y227.3
;TYPE:WALL-OUTER
G1 F1500 X221.8 Y227.3 E2101.72081
G1 X221.8 Y212.7 E2102.01216
G1 X220.2 Y212.7 E2102.04409
G1 X220.2 Y227.3 E2102.33545
G1 F2700 E2097.33545
G0 F9000 X220.48 Y227.02
G0 X221.57 Y226.5
G0 X222.665 Y226.5
G0 X229.835 Y226.5
G0 X230.93 Y226.5
G0 X231.5 Y226.5
;TYPE:WALL-INNER
G1 F2700 E2102.33545
G1 F1500 X231.5 Y213.5 E2102.59488
G0 F9000 X231.38 Y226.62
G0 X231.1 Y226.9
G1 F1500 X231.9 Y226.9 E2102.61085
G1 X231.9 Y213.1 E2102.88624
G1 X231.1 Y213.1 E2102.90221
G1 X231.1 Y226.9 E2103.1776
G0 F9000 X230.7 Y227.3
;TYPE:WALL-OUTER
G1 F1500 X232.3 Y227.3 E2103.20953
G1 X232.3 Y212.7 E2103.50089
G1 X230.7 Y212.7 E2103.53282
G1 X230.7 Y227.3 E2103.82418
G1 F2700 E2098.82418
G0 F9000 X230.98 Y227.02
G0 X232.07 Y226.475
G0 X233.165 Y226.475
G0 X234.335 Y226.475
G0 X235.43 Y226.475
G0 X236.025 Y226.475
;TYPE:WALL-INNER
G1 F2700 E2103.82418
G1 F1333.3 X236.475 Y226.475 E2103.83428
G1 X236.475 Y213.525 E2104.12501
G1 X236.025 Y213.525 E2104.13512
G1 X236.025 Y226.475 E2104.42585
G0 F9000 X235.6 Y226.9
G1 F1500 X236.9 Y226.9 E2104.4518
G1 X236.9 Y213.1 E2104.72719
G1 X235.6 Y213.1 E2104.75313
G1 X235.6 Y226.9 E2105.02853
G0 F9000 X235.2 Y227.3
;TYPE:WALL-OUTER
G1 F1500 X237.3 Y227.3 E2105.07043
G1 X237.3 Y212.7 E2105.36179
G1 X235.2 Y212.7 E2105.4037
G1 X235.2 Y227.3 E2105.69506
G0 F9000 X236.092 Y226.29
G1 F2700 E2100.69506
;MESH:NONMESH
G0 F300 X236.092 Y226.29 Z5.16
G0 F9000 X235.43 Y213.5
G0 X234.335 Y213.5
G0 X233.153 Y211.847
G0 X129.347 Y211.847
G0 X128.165 Y213.5
G0 X127.07 Y213.5
G0 X126.5 Y213.5
;TIME_ELAPSED:5075.463531
;LAYER:42
;TYPE:WALL-INNER
;MESH:BusConnAssyAid.stl
G1 F2700 E2105.69506
G1 F1500 X126.5 Y226.5 E2105.95449
G0 F9000 X126.1 Y226.9
G1 F1500 X126.9 Y226.9 E2105.97045
G1 X126.9 Y213.1 E2106.24585
G1 X126.1 Y213.1 E2106.26181
G1 X126.1 Y226.9 E2106.53721
G0 F9000 X125.7 Y227.3
;TYPE:WALL-OUTER
G1 F1500 X127.3 Y227.3 E2106.56914
G1 X127.3 Y212.7 E2106.86049
G1 X125.7 Y212.7 E2106.89242
G1 X125.7 Y227.3 E2107.18378
G1 F2700 E2102.18378
G0 F9000 X125.98 Y227.02
G0 X127.07 Y226.5
G0 X128.165 Y226.5
G0 X129.335 Y226.5
G0 X130.43 Y226.5
G0 X131 Y226.5
;TYPE:WALL-INNER
G1 F2700 E2107.18378
G1 F1500 X131 Y213.5 E2107.44321
G0 F9000 X130.88 Y226.62
G0 X130.6 Y226.9
G1 F1500 X131.4 Y226.9 E2107.45918
G1 X131.4 Y213.1 E2107.73457
G1 X130.6 Y213.1 E2107.75054
G1 X130.6 Y226.9 E2108.02593
G0 F9000 X130.2 Y227.3
;TYPE:WALL-OUTER
G1 F1500 X131.8 Y227.3 E2108.05786
G1 X131.8 Y212.7 E2108.34922
G1 X130.2 Y212.7 E2108.38115
G1 X130.2 Y227.3 E2108.67251
G1 F2700 E2103.67251
G0 F9000 X130.48 Y227.02
G0 X131.57 Y226.5
G0 X132.665 Y226.5
G0 X139.835 Y226.5
G0 X140.93 Y226.5
G0 X141.5 Y226.5
;TYPE:WALL-INNER
G1 F2700 E2108.67251
G1 F1500 X141.5 Y213.5 E2108.93194
G0 F9000 X141.38 Y226.62
G0 X141.1 Y226.9
G1 F1500 X141.9 Y226.9 E2108.9479
G1 X141.9 Y213.1 E2109.22329
G1 X141.1 Y213.1 E2109.23926
G1 X141.1 Y226.9 E2109.51465
G0 F9000 X140.7 Y227.3
;TYPE:WALL-OUTER
G1 F1500 X142.3 Y227.3 E2109.54658
G1 X142.3 Y212.7 E2109.83794
G1 X140.7 Y212.7 E2109.86987
G1 X140.7 Y227.3 E2110.16123
G1 F2700 E2105.16123
G0 F9000 X140.98 Y227.02
G0 X142.07 Y226.5
G0 X143.165 Y226.5
G0 X144.335 Y226.5
G0 X145.43 Y226.5
G0 X146 Y226.5
;TYPE:WALL-INNER
G1 F2700 E2110.16123
G1 F1500 X146 Y213.5 E2110.42066
G0 F9000 X145.88 Y226.62
G0 X145.6 Y226.9
G1 F1500 X146.4 Y226.9 E2110.43662
G1 X146.4 Y213.1 E2110.71202
G1 X145.6 Y213.1 E2110.72798
G1 X145.6 Y226.9 E2111.00338
G0 F9000 X145.2 Y227.3
;TYPE:WALL-OUTER
G1 F1500 X146.8 Y227.3 E2111.03531
G1 X146.8 Y212.7 E2111.32667
G1 X145.2 Y212.7 E2111.3586
G1 X145.2 Y227.3 E2111.64995
G1 F2700 E2106.64995
G0 F9000 X145.48 Y227.02
G0 X146.57 Y226.5
G0 X147.665 Y226.5
G0 X154.835 Y226.5
G0 X155.93 Y226.5
G0 X156.5 Y226.5
;TYPE:WALL-INNER
G1 F2700 E2111.64995
G1 F1500 X156.5 Y213.5 E2111.90938
G0 F9000 X156.38 Y226.62
G0 X156.1 Y226.9
G1 F1500 X156.9 Y226.9 E2111.92535
G1 X156.9 Y213.1 E2112.20074
G1 X156.1 Y213.1 E2112.21671
G1 X156.1 Y226.9 E2112.4921
G0 F9000 X155.7 Y227.3
;TYPE:WALL-OUTER
G1 F1500 X157.3 Y227.3 E2112.52403
G1 X157.3 Y212.7 E2112.81539
G1 X155.7 Y212.7 E2112.84732
G1 X155.7 Y227.3 E2113.13868
G1 F2700 E2108.13868
G0 F9000 X155.98 Y227.02
G0 X157.07 Y226.5
G0 X158.165 Y226.5
G0 X159.335 Y226.5
G0 X160.43 Y226.5
G0 X161 Y226.5
;TYPE:WALL-INNER
G1 F2700 E2113.13868
G1 F1500 X161 Y213.5 E2113.39811
G0 F9000 X160.88 Y226.62
G0 X160.6 Y226.9
G1 F1500 X161.4 Y226.9 E2113.41407
G1 X161.4 Y213.1 E2113.68947
G1 X160.6 Y213.1 E2113.70543
G1 X160.6 Y226.9 E2113.98082
G0 F9000 X160.2 Y227.3
;TYPE:WALL-OUTER
G1 F1500 X161.8 Y227.3 E2114.01275
G1 X161.8 Y212.7 E2114.30411
G1 X160.2 Y212.7 E2114.33604
G1 X160.2 Y227.3 E2114.6274
G1 F2700 E2109.6274
G0 F9000 X160.48 Y227.02
G0 X161.57 Y226.5
G0 X162.665 Y226.5
G0 X169.835 Y226.5
G0 X170.93 Y226.5
G0 X171.5 Y226.5
;TYPE:WALL-INNER
G1 F2700 E2114.6274
G1 F1500 X171.5 Y213.5 E2114.88683
G0 F9000 X171.38 Y226.62
G0 X171.1 Y226.9
G1 F1500 X171.9 Y226.9 E2114.9028
G1 X171.9 Y213.1 E2115.17819
G1 X171.1 Y213.1 E2115.19415
G1 X171.1 Y226.9 E2115.46955
G0 F9000 X170.7 Y227.3
;TYPE:WALL-OUTER
G1 F1500 X172.3 Y227.3 E2115.50148
G1 X172.3 Y212.7 E2115.79284
G1 X170.7 Y212.7 E2115.82477
G1 X170.7 Y227.3 E2116.11613
G1 F2700 E2111.11613
G0 F9000 X170.98 Y227.02
G0 X172.07 Y226.5
G0 X173.165 Y226.5
G0 X174.335 Y226.5
G0 X175.43 Y226.5
G0 X176 Y226.5
;TYPE:WALL-INNER
G1 F2700 E2116.11613
G1 F1500 X176 Y213.5 E2116.37555
G0 F9000 X175.88 Y226.62
G0 X175.6 Y226.9
G1 F1500 X176.4 Y226.9 E2116.39152
G1 X176.4 Y213.1 E2116.66691
G1 X175.6 Y213.1 E2116.68288
G1 X175.6 Y226.9 E2116.95827
G0 F9000 X175.2 Y227.3
;TYPE:WALL-OUTER
G1 F1500 X176.8 Y227.3 E2116.9902
G1 X176.8 Y212.7 E2117.28156
G1 X175.2 Y212.7 E2117.31349
G1 X175.2 Y227.3 E2117.60485
G1 F2700 E2112.60485
G0 F9000 X175.48 Y227.02
G0 X176.57 Y226.5
G0 X177.665 Y226.5
G0 X184.835 Y226.5
G0 X185.93 Y226.5
G0 X186.5 Y226.5
;TYPE:WALL-INNER
G1 F2700 E2117.60485
G1 F1500 X186.5 Y213.5 E2117.86428
G0 F9000 X186.38 Y226.62
G0 X186.1 Y226.9
G1 F1500 X186.9 Y226.9 E2117.88024
G1 X186.9 Y213.1 E2118.15564
G1 X186.1 Y213.1 E2118.1716
G1 X186.1 Y226.9 E2118.447
G0 F9000 X185.7 Y227.3
;TYPE:WALL-OUTER
G1 F1500 X187.3 Y227.3 E2118.47893
G1 X187.3 Y212.7 E2118.77028
G1 X185.7 Y212.7 E2118.80221
G1 X185.7 Y227.3 E2119.09357
G1 F2700 E2114.09357
G0 F9000 X185.98 Y227.02
G0 X187.07 Y226.5
G0 X188.165 Y226.5
G0 X189.335 Y226.5
G0 X190.43 Y226.5
G0 X191 Y226.5
;TYPE:WALL-INNER
G1 F2700 E2119.09357
G1 F1500 X191 Y213.5 E2119.353
G0 F9000 X190.88 Y226.62
G0 X190.6 Y226.9
G1 F1500 X191.4 Y226.9 E2119.36897
G1 X191.4 Y213.1 E2119.64436
G1 X190.6 Y213.1 E2119.66033
G1 X190.6 Y226.9 E2119.93572
G0 F9000 X190.2 Y227.3
;TYPE:WALL-OUTER
G1 F1500 X191.8 Y227.3 E2119.96765
G1 X191.8 Y212.7 E2120.25901
G1 X190.2 Y212.7 E2120.29094
G1 X190.2 Y227.3 E2120.5823
G1 F2700 E2115.5823
G0 F9000 X190.48 Y227.02
G0 X191.57 Y226.5
G0 X192.665 Y226.5
G0 X199.835 Y226.5
G0 X200.93 Y226.5
G0 X201.5 Y226.5
;TYPE:WALL-INNER
G1 F2700 E2120.5823
G1 F1500 X201.5 Y213.5 E2120.84173
G0 F9000 X201.38 Y226.62
G0 X201.1 Y226.9
G1 F1500 X201.9 Y226.9 E2120.85769
G1 X201.9 Y213.1 E2121.13308
G1 X201.1 Y213.1 E2121.14905
G1 X201.1 Y226.9 E2121.42444
G0 F9000 X200.7 Y227.3
;TYPE:WALL-OUTER
G1 F1500 X202.3 Y227.3 E2121.45637
G1 X202.3 Y212.7 E2121.74773
G1 X200.7 Y212.7 E2121.77966
G1 X200.7 Y227.3 E2122.07102
G1 F2700 E2117.07102
G0 F9000 X200.98 Y227.02
G0 X202.07 Y226.5
G0 X203.165 Y226.5
G0 X204.335 Y226.5
G0 X205.43 Y226.5
G0 X206 Y226.5
;TYPE:WALL-INNER
G1 F2700 E2122.07102
G1 F1500 X206 Y213.5 E2122.33045
G0 F9000 X205.88 Y226.62
G0 X205.6 Y226.9
G1 F1500 X206.4 Y226.9 E2122.34641
G1 X206.4 Y213.1 E2122.62181
G1 X205.6 Y213.1 E2122.63777
G1 X205.6 Y226.9 E2122.91317
G0 F9000 X205.2 Y227.3
;TYPE:WALL-OUTER
G1 F1500 X206.8 Y227.3 E2122.9451
G1 X206.8 Y212.7 E2123.23645
G1 X205.2 Y212.7 E2123.26838
G1 X205.2 Y227.3 E2123.55974
G1 F2700 E2118.55974
G0 F9000 X205.48 Y227.02
G0 X206.57 Y226.5
G0 X207.665 Y226.5
G0 X214.835 Y226.5
G0 X215.93 Y226.5
G0 X216.5 Y226.5
;TYPE:WALL-INNER
G1 F2700 E2123.55974
G1 F1500 X216.5 Y213.5 E2123.81917
G0 F9000 X216.38 Y226.62
G0 X216.1 Y226.9
G1 F1500 X216.9 Y226.9 E2123.83514
G1 X216.9 Y213.1 E2124.11053
G1 X216.1 Y213.1 E2124.1265
G1 X216.1 Y226.9 E2124.40189
G0 F9000 X215.7 Y227.3
;TYPE:WALL-OUTER
G1 F1500 X217.3 Y227.3 E2124.43382
G1 X217.3 Y212.7 E2124.72518
G1 X215.7 Y212.7 E2124.75711
G1 X215.7 Y227.3 E2125.04847
G1 F2700 E2120.04847
G0 F9000 X215.98 Y227.02
G0 X217.07 Y226.5
G0 X218.165 Y226.5
G0 X219.335 Y226.5
G0 X220.43 Y226.5
G0 X221 Y226.5
;TYPE:WALL-INNER
G1 F2700 E2125.04847
G1 F1500 X221 Y213.5 E2125.3079
G0 F9000 X220.88 Y226.62
G0 X220.6 Y226.9
G1 F1500 X221.4 Y226.9 E2125.32386
G1 X221.4 Y213.1 E2125.59925
G1 X220.6 Y213.1 E2125.61522
G1 X220.6 Y226.9 E2125.89061
G0 F9000 X220.2 Y227.3
;TYPE:WALL-OUTER
G1 F1500 X221.8 Y227.3 E2125.92254
G1 X221.8 Y212.7 E2126.2139
G1 X220.2 Y212.7 E2126.24583
G1 X220.2 Y227.3 E2126.53719
G1 F2700 E2121.53719
G0 F9000 X220.48 Y227.02
G0 X221.57 Y226.5
G0 X222.665 Y226.5
G0 X229.835 Y226.5
G0 X230.93 Y226.5
G0 X231.5 Y226.5
;TYPE:WALL-INNER
G1 F2700 E2126.53719
G1 F1500 X231.5 Y213.5 E2126.79662
G0 F9000 X231.38 Y226.62
G0 X231.1 Y226.9
G1 F1500 X231.9 Y226.9 E2126.81258
G1 X231.9 Y213.1 E2127.08798
G1 X231.1 Y213.1 E2127.10394
G1 X231.1 Y226.9 E2127.37934
G0 F9000 X230.7 Y227.3
;TYPE:WALL-OUTER
G1 F1500 X232.3 Y227.3 E2127.41127
G1 X232.3 Y212.7 E2127.70263
G1 X230.7 Y212.7 E2127.73456
G1 X230.7 Y227.3 E2128.02591
G1 F2700 E2123.02591
G0 F9000 X230.98 Y227.02
G0 X232.07 Y226.475
G0 X233.165 Y226.475
G0 X234.335 Y226.475
G0 X235.43 Y226.475
G0 X236.025 Y226.475
;TYPE:WALL-INNER
G1 F2700 E2128.02591
G1 F1333.3 X236.475 Y226.475 E2128.03602
G1 X236.475 Y213.525 E2128.32675
G1 X236.025 Y213.525 E2128.33685
G1 X236.025 Y226.475 E2128.62759
G0 F9000 X235.6 Y226.9
G1 F1500 X236.9 Y226.9 E2128.65353
G1 X236.9 Y213.1 E2128.92893
G1 X235.6 Y213.1 E2128.95487
G1 X235.6 Y226.9 E2129.23026
G0 F9000 X235.2 Y227.3
;TYPE:WALL-OUTER
G1 F1500 X237.3 Y227.3 E2129.27217
G1 X237.3 Y212.7 E2129.56353
G1 X235.2 Y212.7 E2129.60544
G1 X235.2 Y227.3 E2129.8968
G0 F9000 X236.092 Y226.29
G1 F2700 E2124.8968
;MESH:NONMESH
G0 F300 X236.092 Y226.29 Z5.28
G0 F9000 X235.43 Y213.5
G0 X234.335 Y213.5
G0 X233.153 Y211.847
G0 X129.347 Y211.847
G0 X128.165 Y213.5
G0 X127.07 Y213.5
G0 X126.5 Y213.5
;TIME_ELAPSED:5144.753765
;LAYER:43
;TYPE:WALL-INNER
;MESH:BusConnAssyAid.stl
G1 F2700 E2129.8968
G1 F1500 X126.5 Y226.5 E2130.15623
G0 F9000 X126.1 Y226.9
G1 F1500 X126.9 Y226.9 E2130.17219
G1 X126.9 Y213.1 E2130.44758
G1 X126.1 Y213.1 E2130.46355
G1 X126.1 Y226.9 E2130.73894
G0 F9000 X125.7 Y227.3
;TYPE:WALL-OUTER
G1 F1500 X127.3 Y227.3 E2130.77087
G1 X127.3 Y212.7 E2131.06223
G1 X125.7 Y212.7 E2131.09416
G1 X125.7 Y227.3 E2131.38552
G1 F2700 E2126.38552
G0 F9000 X125.98 Y227.02
G0 X127.07 Y226.5
G0 X128.165 Y226.5
G0 X129.335 Y226.5
G0 X130.43 Y226.5
G0 X131 Y226.5
;TYPE:WALL-INNER
G1 F2700 E2131.38552
G1 F1500 X131 Y213.5 E2131.64495
G0 F9000 X130.88 Y226.62
G0 X130.6 Y226.9
G1 F1500 X131.4 Y226.9 E2131.66091
G1 X131.4 Y213.1 E2131.93631
G1 X130.6 Y213.1 E2131.95227
G1 X130.6 Y226.9 E2132.22767
G0 F9000 X130.2 Y227.3
;TYPE:WALL-OUTER
G1 F1500 X131.8 Y227.3 E2132.2596
G1 X131.8 Y212.7 E2132.55096
G1 X130.2 Y212.7 E2132.58289
G1 X130.2 Y227.3 E2132.87424
G1 F2700 E2127.87424
G0 F9000 X130.48 Y227.02
G0 X131.57 Y226.5
G0 X132.665 Y226.5
G0 X139.835 Y226.5
G0 X140.93 Y226.5
G0 X141.5 Y226.5
;TYPE:WALL-INNER
G1 F2700 E2132.87424
G1 F1500 X141.5 Y213.5 E2133.13367
G0 F9000 X141.38 Y226.62
G0 X141.1 Y226.9
G1 F1500 X141.9 Y226.9 E2133.14964
G1 X141.9 Y213.1 E2133.42503
G1 X141.1 Y213.1 E2133.441
G1 X141.1 Y226.9 E2133.71639
G0 F9000 X140.7 Y227.3
;TYPE:WALL-OUTER
G1 F1500 X142.3 Y227.3 E2133.74832
G1 X142.3 Y212.7 E2134.03968
G1 X140.7 Y212.7 E2134.07161
G1 X140.7 Y227.3 E2134.36297
G1 F2700 E2129.36297
G0 F9000 X140.98 Y227.02
G0 X142.07 Y226.5
G0 X143.165 Y226.5
G0 X144.335 Y226.5
G0 X145.43 Y226.5
G0 X146 Y226.5
;TYPE:WALL-INNER
G1 F2700 E2134.36297
G1 F1500 X146 Y213.5 E2134.6224
G0 F9000 X145.88 Y226.62
G0 X145.6 Y226.9
G1 F1500 X146.4 Y226.9 E2134.63836
G1 X146.4 Y213.1 E2134.91376
G1 X145.6 Y213.1 E2134.92972
G1 X145.6 Y226.9 E2135.20511
G0 F9000 X145.2 Y227.3
;TYPE:WALL-OUTER
G1 F1500 X146.8 Y227.3 E2135.23704
G1 X146.8 Y212.7 E2135.5284
G1 X145.2 Y212.7 E2135.56033
G1 X145.2 Y227.3 E2135.85169
G1 F2700 E2130.85169
G0 F9000 X145.48 Y227.02
G0 X146.57 Y226.5
G0 X147.665 Y226.5
G0 X154.835 Y226.5
G0 X155.93 Y226.5
G0 X156.5 Y226.5
;TYPE:WALL-INNER
G1 F2700 E2135.85169
G1 F1500 X156.5 Y213.5 E2136.11112
G0 F9000 X156.38 Y226.62
G0 X156.1 Y226.9
G1 F1500 X156.9 Y226.9 E2136.12709
G1 X156.9 Y213.1 E2136.40248
G1 X156.1 Y213.1 E2136.41844
G1 X156.1 Y226.9 E2136.69384
G0 F9000 X155.7 Y227.3
;TYPE:WALL-OUTER
G1 F1500 X157.3 Y227.3 E2136.72577
G1 X157.3 Y212.7 E2137.01713
G1 X155.7 Y212.7 E2137.04906
G1 X155.7 Y227.3 E2137.34042
G1 F2700 E2132.34042
G0 F9000 X155.98 Y227.02
G0 X157.07 Y226.5
G0 X158.165 Y226.5
G0 X159.335 Y226.5
G0 X160.43 Y226.5
G0 X161 Y226.5
;TYPE:WALL-INNER
G1 F2700 E2137.34042
G1 F1500 X161 Y213.5 E2137.59984
G0 F9000 X160.88 Y226.62
G0 X160.6 Y226.9
G1 F1500 X161.4 Y226.9 E2137.61581
G1 X161.4 Y213.1 E2137.8912
G1 X160.6 Y213.1 E2137.90717
G1 X160.6 Y226.9 E2138.18256
G0 F9000 X160.2 Y227.3
;TYPE:WALL-OUTER
G1 F1500 X161.8 Y227.3 E2138.21449
G1 X161.8 Y212.7 E2138.50585
G1 X160.2 Y212.7 E2138.53778
G1 X160.2 Y227.3 E2138.82914
G1 F2700 E2133.82914
G0 F9000 X160.48 Y227.02
G0 X161.57 Y226.5
G0 X162.665 Y226.5
G0 X169.835 Y226.5
G0 X170.93 Y226.5
G0 X171.5 Y226.5
;TYPE:WALL-INNER
G1 F2700 E2138.82914
G1 F1500 X171.5 Y213.5 E2139.08857
G0 F9000 X171.38 Y226.62
G0 X171.1 Y226.9
G1 F1500 X171.9 Y226.9 E2139.10453
G1 X171.9 Y213.1 E2139.37993
G1 X171.1 Y213.1 E2139.39589
G1 X171.1 Y226.9 E2139.67129
G0 F9000 X170.7 Y227.3
;TYPE:WALL-OUTER
G1 F1500 X172.3 Y227.3 E2139.70322
G1 X172.3 Y212.7 E2139.99457
G1 X170.7 Y212.7 E2140.0265
G1 X170.7 Y227.3 E2140.31786
G1 F2700 E2135.31786
G0 F9000 X170.98 Y227.02
G0 X172.07 Y226.5
G0 X173.165 Y226.5
G0 X174.335 Y226.5
G0 X175.43 Y226.5
G0 X176 Y226.5
;TYPE:WALL-INNER
G1 F2700 E2140.31786
G1 F1500 X176 Y213.5 E2140.57729
G0 F9000 X175.88 Y226.62
G0 X175.6 Y226.9
G1 F1500 X176.4 Y226.9 E2140.59326
G1 X176.4 Y213.1 E2140.86865
G1 X175.6 Y213.1 E2140.88462
G1 X175.6 Y226.9 E2141.16001
G0 F9000 X175.2 Y227.3
;TYPE:WALL-OUTER
G1 F1500 X176.8 Y227.3 E2141.19194
G1 X176.8 Y212.7 E2141.4833
G1 X175.2 Y212.7 E2141.51523
G1 X175.2 Y227.3 E2141.80659
G1 F2700 E2136.80659
G0 F9000 X175.48 Y227.02
G0 X176.57 Y226.5
G0 X177.665 Y226.5
G0 X184.835 Y226.5
G0 X185.93 Y226.5
G0 X186.5 Y226.5
;TYPE:WALL-INNER
G1 F2700 E2141.80659
G1 F1500 X186.5 Y213.5 E2142.06602
G0 F9000 X186.38 Y226.62
G0 X186.1 Y226.9
G1 F1500 X186.9 Y226.9 E2142.08198
G1 X186.9 Y213.1 E2142.35737
G1 X186.1 Y213.1 E2142.37334
G1 X186.1 Y226.9 E2142.64873
G0 F9000 X185.7 Y227.3
;TYPE:WALL-OUTER
G1 F1500 X187.3 Y227.3 E2142.68066
G1 X187.3 Y212.7 E2142.97202
G1 X185.7 Y212.7 E2143.00395
G1 X185.7 Y227.3 E2143.29531
G1 F2700 E2138.29531
G0 F9000 X185.98 Y227.02
G0 X187.07 Y226.5
G0 X188.165 Y226.5
G0 X189.335 Y226.5
G0 X190.43 Y226.5
G0 X191 Y226.5
;TYPE:WALL-INNER
G1 F2700 E2143.29531
G1 F1500 X191 Y213.5 E2143.55474
G0 F9000 X190.88 Y226.62
G0 X190.6 Y226.9
G1 F1500 X191.4 Y226.9 E2143.5707
G1 X191.4 Y213.1 E2143.8461
G1 X190.6 Y213.1 E2143.86206
G1 X190.6 Y226.9 E2144.13746
G0 F9000 X190.2 Y227.3
;TYPE:WALL-OUTER
G1 F1500 X191.8 Y227.3 E2144.16939
G1 X191.8 Y212.7 E2144.46074
G1 X190.2 Y212.7 E2144.49267
G1 X190.2 Y227.3 E2144.78403
G1 F2700 E2139.78403
G0 F9000 X190.48 Y227.02
G0 X191.57 Y226.5
G0 X192.665 Y226.5
G0 X199.835 Y226.5
G0 X200.93 Y226.5
G0 X201.5 Y226.5
;TYPE:WALL-INNER
G1 F2700 E2144.78403
G1 F1500 X201.5 Y213.5 E2145.04346
G0 F9000 X201.38 Y226.62
G0 X201.1 Y226.9
G1 F1500 X201.9 Y226.9 E2145.05943
G1 X201.9 Y213.1 E2145.33482
G1 X201.1 Y213.1 E2145.35079
G1 X201.1 Y226.9 E2145.62618
G0 F9000 X200.7 Y227.3
;TYPE:WALL-OUTER
G1 F1500 X202.3 Y227.3 E2145.65811
G1 X202.3 Y212.7 E2145.94947
G1 X200.7 Y212.7 E2145.9814
G1 X200.7 Y227.3 E2146.27276
G1 F2700 E2141.27276
G0 F9000 X200.98 Y227.02
G0 X202.07 Y226.5
G0 X203.165 Y226.5
G0 X204.335 Y226.5
G0 X205.43 Y226.5
G0 X206 Y226.5
;TYPE:WALL-INNER
G1 F2700 E2146.27276
G1 F1500 X206 Y213.5 E2146.53219
G0 F9000 X205.88 Y226.62
G0 X205.6 Y226.9
G1 F1500 X206.4 Y226.9 E2146.54815
G1 X206.4 Y213.1 E2146.82354
G1 X205.6 Y213.1 E2146.83951
G1 X205.6 Y226.9 E2147.1149
G0 F9000 X205.2 Y227.3
;TYPE:WALL-OUTER
G1 F1500 X206.8 Y227.3 E2147.14683
G1 X206.8 Y212.7 E2147.43819
G1 X205.2 Y212.7 E2147.47012
G1 X205.2 Y227.3 E2147.76148
G1 F2700 E2142.76148
G0 F9000 X205.48 Y227.02
G0 X206.57 Y226.5
G0 X207.665 Y226.5
G0 X214.835 Y226.5
G0 X215.93 Y226.5
G0 X216.5 Y226.5
;TYPE:WALL-INNER
G1 F2700 E2147.76148
G1 F1500 X216.5 Y213.5 E2148.02091
G0 F9000 X216.38 Y226.62
G0 X216.1 Y226.9
G1 F1500 X216.9 Y226.9 E2148.03687
G1 X216.9 Y213.1 E2148.31227
G1 X216.1 Y213.1 E2148.32823
G1 X216.1 Y226.9 E2148.60363
G0 F9000 X215.7 Y227.3
;TYPE:WALL-OUTER
G1 F1500 X217.3 Y227.3 E2148.63556
G1 X217.3 Y212.7 E2148.92692
G1 X215.7 Y212.7 E2148.95885
G1 X215.7 Y227.3 E2149.2502
G1 F2700 E2144.2502
G0 F9000 X215.98 Y227.02
G0 X217.07 Y226.5
G0 X218.165 Y226.5
G0 X219.335 Y226.5
G0 X220.43 Y226.5
G0 X221 Y226.5
;TYPE:WALL-INNER
G1 F2700 E2149.2502
G1 F1500 X221 Y213.5 E2149.50963
G0 F9000 X220.88 Y226.62
G0 X220.6 Y226.9
G1 F1500 X221.4 Y226.9 E2149.5256
G1 X221.4 Y213.1 E2149.80099
G1 X220.6 Y213.1 E2149.81696
G1 X220.6 Y226.9 E2150.09235
G0 F9000 X220.2 Y227.3
;TYPE:WALL-OUTER
G1 F1500 X221.8 Y227.3 E2150.12428
G1 X221.8 Y212.7 E2150.41564
G1 X220.2 Y212.7 E2150.44757
G1 X220.2 Y227.3 E2150.73893
G1 F2700 E2145.73893
G0 F9000 X220.48 Y227.02
G0 X221.57 Y226.5
G0 X222.665 Y226.5
G0 X229.835 Y226.5
G0 X230.93 Y226.5
G0 X231.5 Y226.5
;TYPE:WALL-INNER
G1 F2700 E2150.73893
G1 F1500 X231.5 Y213.5 E2150.99836
G0 F9000 X231.38 Y226.62
G0 X231.1 Y226.9
G1 F1500 X231.9 Y226.9 E2151.01432
G1 X231.9 Y213.1 E2151.28972
G1 X231.1 Y213.1 E2151.30568
G1 X231.1 Y226.9 E2151.58107
G0 F9000 X230.7 Y227.3
;TYPE:WALL-OUTER
G1 F1500 X232.3 Y227.3 E2151.613
G1 X232.3 Y212.7 E2151.90436
G1 X230.7 Y212.7 E2151.93629
G1 X230.7 Y227.3 E2152.22765
G1 F2700 E2147.22765
G0 F9000 X230.98 Y227.02
G0 X232.07 Y226.475
G0 X233.165 Y226.475
G0 X234.335 Y226.475
G0 X235.43 Y226.475
G0 X236.025 Y226.475
;TYPE:WALL-INNER
G1 F2700 E2152.22765
G1 F1333.3 X236.475 Y226.475 E2152.23775
G1 X236.475 Y213.525 E2152.52849
G1 X236.025 Y213.525 E2152.53859
G1 X236.025 Y226.475 E2152.82933
G0 F9000 X235.6 Y226.9
G1 F1500 X236.9 Y226.9 E2152.85527
G1 X236.9 Y213.1 E2153.13066
G1 X235.6 Y213.1 E2153.15661
G1 X235.6 Y226.9 E2153.432
G0 F9000 X235.2 Y227.3
;TYPE:WALL-OUTER
G1 F1500 X237.3 Y227.3 E2153.47391
G1 X237.3 Y212.7 E2153.76527
G1 X235.2 Y212.7 E2153.80718
G1 X235.2 Y227.3 E2154.09853
G0 F9000 X236.092 Y226.29
G1 F2700 E2149.09853
;MESH:NONMESH
G0 F300 X236.092 Y226.29 Z5.4
G0 F9000 X235.43 Y213.5
G0 X234.335 Y213.5
G0 X233.153 Y211.847
G0 X129.347 Y211.847
G0 X128.165 Y213.5
G0 X127.07 Y213.5
G0 X126.5 Y213.5
;TIME_ELAPSED:5214.043999
;LAYER:44
;TYPE:WALL-INNER
;MESH:BusConnAssyAid.stl
G1 F2700 E2154.09853
G1 F1500 X126.5 Y226.5 E2154.35796
G0 F9000 X126.1 Y226.9
G1 F1500 X126.9 Y226.9 E2154.37393
G1 X126.9 Y213.1 E2154.64932
G1 X126.1 Y213.1 E2154.66529
G1 X126.1 Y226.9 E2154.94068
G0 F9000 X125.7 Y227.3
;TYPE:WALL-OUTER
G1 F1500 X127.3 Y227.3 E2154.97261
G1 X127.3 Y212.7 E2155.26397
G1 X125.7 Y212.7 E2155.2959
G1 X125.7 Y227.3 E2155.58726
G1 F2700 E2150.58726
G0 F9000 X125.98 Y227.02
G0 X127.07 Y226.5
G0 X128.165 Y226.5
G0 X129.335 Y226.5
G0 X130.43 Y226.5
G0 X131 Y226.5
;TYPE:WALL-INNER
G1 F2700 E2155.58726
G1 F1500 X131 Y213.5 E2155.84669
G0 F9000 X130.88 Y226.62
G0 X130.6 Y226.9
G1 F1500 X131.4 Y226.9 E2155.86265
G1 X131.4 Y213.1 E2156.13805
G1 X130.6 Y213.1 E2156.15401
G1 X130.6 Y226.9 E2156.4294
G0 F9000 X130.2 Y227.3
;TYPE:WALL-OUTER
G1 F1500 X131.8 Y227.3 E2156.46133
G1 X131.8 Y212.7 E2156.75269
G1 X130.2 Y212.7 E2156.78462
G1 X130.2 Y227.3 E2157.07598
G1 F2700 E2152.07598
G0 F9000 X130.48 Y227.02
G0 X131.57 Y226.5
G0 X132.665 Y226.5
G0 X139.835 Y226.5
G0 X140.93 Y226.5
G0 X141.5 Y226.5
;TYPE:WALL-INNER
G1 F2700 E2157.07598
G1 F1500 X141.5 Y213.5 E2157.33541
G0 F9000 X141.38 Y226.62
G0 X141.1 Y226.9
G1 F1500 X141.9 Y226.9 E2157.35138
G1 X141.9 Y213.1 E2157.62677
G1 X141.1 Y213.1 E2157.64273
G1 X141.1 Y226.9 E2157.91813
G0 F9000 X140.7 Y227.3
;TYPE:WALL-OUTER
G1 F1500 X142.3 Y227.3 E2157.95006
G1 X142.3 Y212.7 E2158.24142
G1 X140.7 Y212.7 E2158.27335
G1 X140.7 Y227.3 E2158.56471
G1 F2700 E2153.56471
G0 F9000 X140.98 Y227.02
G0 X142.07 Y226.5
G0 X143.165 Y226.5
G0 X144.335 Y226.5
G0 X145.43 Y226.5
G0 X146 Y226.5
;TYPE:WALL-INNER
G1 F2700 E2158.56471
G1 F1500 X146 Y213.5 E2158.82413
G0 F9000 X145.88 Y226.62
G0 X145.6 Y226.9
G1 F1500 X146.4 Y226.9 E2158.8401
G1 X146.4 Y213.1 E2159.11549
G1 X145.6 Y213.1 E2159.13146
G1 X145.6 Y226.9 E2159.40685
G0 F9000 X145.2 Y227.3
;TYPE:WALL-OUTER
G1 F1500 X146.8 Y227.3 E2159.43878
G1 X146.8 Y212.7 E2159.73014
G1 X145.2 Y212.7 E2159.76207
G1 X145.2 Y227.3 E2160.05343
G1 F2700 E2155.05343
G0 F9000 X145.48 Y227.02
G0 X146.57 Y226.5
G0 X147.665 Y226.5
G0 X154.835 Y226.5
G0 X155.93 Y226.5
G0 X156.5 Y226.5
;TYPE:WALL-INNER
G1 F2700 E2160.05343
G1 F1500 X156.5 Y213.5 E2160.31286
G0 F9000 X156.38 Y226.62
G0 X156.1 Y226.9
G1 F1500 X156.9 Y226.9 E2160.32882
G1 X156.9 Y213.1 E2160.60422
G1 X156.1 Y213.1 E2160.62018
G1 X156.1 Y226.9 E2160.89558
G0 F9000 X155.7 Y227.3
;TYPE:WALL-OUTER
G1 F1500 X157.3 Y227.3 E2160.92751
G1 X157.3 Y212.7 E2161.21886
G1 X155.7 Y212.7 E2161.25079
G1 X155.7 Y227.3 E2161.54215
G1 F2700 E2156.54215
G0 F9000 X155.98 Y227.02
G0 X157.07 Y226.5
G0 X158.165 Y226.5
G0 X159.335 Y226.5
G0 X160.43 Y226.5
G0 X161 Y226.5
;TYPE:WALL-INNER
G1 F2700 E2161.54215
G1 F1500 X161 Y213.5 E2161.80158
G0 F9000 X160.88 Y226.62
G0 X160.6 Y226.9
G1 F1500 X161.4 Y226.9 E2161.81755
G1 X161.4 Y213.1 E2162.09294
G1 X160.6 Y213.1 E2162.10891
G1 X160.6 Y226.9 E2162.3843
G0 F9000 X160.2 Y227.3
;TYPE:WALL-OUTER
G1 F1500 X161.8 Y227.3 E2162.41623
G1 X161.8 Y212.7 E2162.70759
G1 X160.2 Y212.7 E2162.73952
G1 X160.2 Y227.3 E2163.03088
G1 F2700 E2158.03088
G0 F9000 X160.48 Y227.02
G0 X161.57 Y226.5
G0 X162.665 Y226.5
G0 X169.835 Y226.5
G0 X170.93 Y226.5
G0 X171.5 Y226.5
;TYPE:WALL-INNER
G1 F2700 E2163.03088
G1 F1500 X171.5 Y213.5 E2163.29031
G0 F9000 X171.38 Y226.62
G0 X171.1 Y226.9
G1 F1500 X171.9 Y226.9 E2163.30627
G1 X171.9 Y213.1 E2163.58166
G1 X171.1 Y213.1 E2163.59763
G1 X171.1 Y226.9 E2163.87302
G0 F9000 X170.7 Y227.3
;TYPE:WALL-OUTER
G1 F1500 X172.3 Y227.3 E2163.90495
G1 X172.3 Y212.7 E2164.19631
G1 X170.7 Y212.7 E2164.22824
G1 X170.7 Y227.3 E2164.5196
G1 F2700 E2159.5196
G0 F9000 X170.98 Y227.02
G0 X172.07 Y226.5
G0 X173.165 Y226.5
G0 X174.335 Y226.5
G0 X175.43 Y226.5
G0 X176 Y226.5
;TYPE:WALL-INNER
G1 F2700 E2164.5196
G1 F1500 X176 Y213.5 E2164.77903
G0 F9000 X175.88 Y226.62
G0 X175.6 Y226.9
G1 F1500 X176.4 Y226.9 E2164.79499
G1 X176.4 Y213.1 E2165.07039
G1 X175.6 Y213.1 E2165.08635
G1 X175.6 Y226.9 E2165.36175
G0 F9000 X175.2 Y227.3
;TYPE:WALL-OUTER
G1 F1500 X176.8 Y227.3 E2165.39368
G1 X176.8 Y212.7 E2165.68503
G1 X175.2 Y212.7 E2165.71696
G1 X175.2 Y227.3 E2166.00832
G1 F2700 E2161.00832
G0 F9000 X175.48 Y227.02
G0 X176.57 Y226.5
G0 X177.665 Y226.5
G0 X184.835 Y226.5
G0 X185.93 Y226.5
G0 X186.5 Y226.5
;TYPE:WALL-INNER
G1 F2700 E2166.00832
G1 F1500 X186.5 Y213.5 E2166.26775
G0 F9000 X186.38 Y226.62
G0 X186.1 Y226.9
G1 F1500 X186.9 Y226.9 E2166.28372
G1 X186.9 Y213.1 E2166.55911
G1 X186.1 Y213.1 E2166.57508
G1 X186.1 Y226.9 E2166.85047
G0 F9000 X185.7 Y227.3
;TYPE:WALL-OUTER
G1 F1500 X187.3 Y227.3 E2166.8824
G1 X187.3 Y212.7 E2167.17376
G1 X185.7 Y212.7 E2167.20569
G1 X185.7 Y227.3 E2167.49705
G1 F2700 E2162.49705
G0 F9000 X185.98 Y227.02
G0 X187.07 Y226.5
G0 X188.165 Y226.5
G0 X189.335 Y226.5
G0 X190.43 Y226.5
G0 X191 Y226.5
;TYPE:WALL-INNER
G1 F2700 E2167.49705
G1 F1500 X191 Y213.5 E2167.75648
G0 F9000 X190.88 Y226.62
G0 X190.6 Y226.9
G1 F1500 X191.4 Y226.9 E2167.77244
G1 X191.4 Y213.1 E2168.04783
G1 X190.6 Y213.1 E2168.0638
G1 X190.6 Y226.9 E2168.33919
G0 F9000 X190.2 Y227.3
;TYPE:WALL-OUTER
G1 F1500 X191.8 Y227.3 E2168.37112
G1 X191.8 Y212.7 E2168.66248
G1 X190.2 Y212.7 E2168.69441
G1 X190.2 Y227.3 E2168.98577
G1 F2700 E2163.98577
G0 F9000 X190.48 Y227.02
G0 X191.57 Y226.5
G0 X192.665 Y226.5
G0 X199.835 Y226.5
G0 X200.93 Y226.5
G0 X201.5 Y226.5
;TYPE:WALL-INNER
G1 F2700 E2168.98577
G1 F1500 X201.5 Y213.5 E2169.2452
G0 F9000 X201.38 Y226.62
G0 X201.1 Y226.9
G1 F1500 X201.9 Y226.9 E2169.26116
G1 X201.9 Y213.1 E2169.53656
G1 X201.1 Y213.1 E2169.55252
G1 X201.1 Y226.9 E2169.82792
G0 F9000 X200.7 Y227.3
;TYPE:WALL-OUTER
G1 F1500 X202.3 Y227.3 E2169.85985
G1 X202.3 Y212.7 E2170.15121
G1 X200.7 Y212.7 E2170.18314
G1 X200.7 Y227.3 E2170.47449
G1 F2700 E2165.47449
G0 F9000 X200.98 Y227.02
G0 X202.07 Y226.5
G0 X203.165 Y226.5
G0 X204.335 Y226.5
G0 X205.43 Y226.5
G0 X206 Y226.5
;TYPE:WALL-INNER
G1 F2700 E2170.47449
G1 F1500 X206 Y213.5 E2170.73392
G0 F9000 X205.88 Y226.62
G0 X205.6 Y226.9
G1 F1500 X206.4 Y226.9 E2170.74989
G1 X206.4 Y213.1 E2171.02528
G1 X205.6 Y213.1 E2171.04125
G1 X205.6 Y226.9 E2171.31664
G0 F9000 X205.2 Y227.3
;TYPE:WALL-OUTER
G1 F1500 X206.8 Y227.3 E2171.34857
G1 X206.8 Y212.7 E2171.63993
G1 X205.2 Y212.7 E2171.67186
G1 X205.2 Y227.3 E2171.96322
G1 F2700 E2166.96322
G0 F9000 X205.48 Y227.02
G0 X206.57 Y226.5
G0 X207.665 Y226.5
G0 X214.835 Y226.5
G0 X215.93 Y226.5
G0 X216.5 Y226.5
;TYPE:WALL-INNER
G1 F2700 E2171.96322
G1 F1500 X216.5 Y213.5 E2172.22265
G0 F9000 X216.38 Y226.62
G0 X216.1 Y226.9
G1 F1500 X216.9 Y226.9 E2172.23861
G1 X216.9 Y213.1 E2172.51401
G1 X216.1 Y213.1 E2172.52997
G1 X216.1 Y226.9 E2172.80536
G0 F9000 X215.7 Y227.3
;TYPE:WALL-OUTER
G1 F1500 X217.3 Y227.3 E2172.83729
G1 X217.3 Y212.7 E2173.12865
G1 X215.7 Y212.7 E2173.16058
G1 X215.7 Y227.3 E2173.45194
G1 F2700 E2168.45194
G0 F9000 X215.98 Y227.02
G0 X217.07 Y226.5
G0 X218.165 Y226.5
G0 X219.335 Y226.5
G0 X220.43 Y226.5
G0 X221 Y226.5
;TYPE:WALL-INNER
G1 F2700 E2173.45194
G1 F1500 X221 Y213.5 E2173.71137
G0 F9000 X220.88 Y226.62
G0 X220.6 Y226.9
G1 F1500 X221.4 Y226.9 E2173.72734
G1 X221.4 Y213.1 E2174.00273
G1 X220.6 Y213.1 E2174.01869
G1 X220.6 Y226.9 E2174.29409
G0 F9000 X220.2 Y227.3
;TYPE:WALL-OUTER
G1 F1500 X221.8 Y227.3 E2174.32602
G1 X221.8 Y212.7 E2174.61738
G1 X220.2 Y212.7 E2174.64931
G1 X220.2 Y227.3 E2174.94067
G1 F2700 E2169.94067
G0 F9000 X220.48 Y227.02
G0 X221.57 Y226.5
G0 X222.665 Y226.5
G0 X229.835 Y226.5
G0 X230.93 Y226.5
G0 X231.5 Y226.5
;TYPE:WALL-INNER
G1 F2700 E2174.94067
G1 F1500 X231.5 Y213.5 E2175.20009
G0 F9000 X231.38 Y226.62
G0 X231.1 Y226.9
G1 F1500 X231.9 Y226.9 E2175.21606
G1 X231.9 Y213.1 E2175.49145
G1 X231.1 Y213.1 E2175.50742
G1 X231.1 Y226.9 E2175.78281
G0 F9000 X230.7 Y227.3
;TYPE:WALL-OUTER
G1 F1500 X232.3 Y227.3 E2175.81474
G1 X232.3 Y212.7 E2176.1061
G1 X230.7 Y212.7 E2176.13803
G1 X230.7 Y227.3 E2176.42939
G1 F2700 E2171.42939
G0 F9000 X230.98 Y227.02
G0 X232.07 Y226.475
G0 X233.165 Y226.475
G0 X234.335 Y226.475
G0 X235.43 Y226.475
G0 X236.025 Y226.475
;TYPE:WALL-INNER
G1 F2700 E2176.42939
G1 F1333.3 X236.475 Y226.475 E2176.43949
G1 X236.475 Y213.525 E2176.73023
G1 X236.025 Y213.525 E2176.74033
G1 X236.025 Y226.475 E2177.03106
G0 F9000 X235.6 Y226.9
G1 F1500 X236.9 Y226.9 E2177.05701
G1 X236.9 Y213.1 E2177.3324
G1 X235.6 Y213.1 E2177.35834
G1 X235.6 Y226.9 E2177.63374
G0 F9000 X235.2 Y227.3
;TYPE:WALL-OUTER
G1 F1500 X237.3 Y227.3 E2177.67565
G1 X237.3 Y212.7 E2177.967
G1 X235.2 Y212.7 E2178.00891
G1 X235.2 Y227.3 E2178.30027
G0 F9000 X236.092 Y226.29
G1 F2700 E2173.30027
;MESH:NONMESH
G0 F300 X236.092 Y226.29 Z5.52
G0 F9000 X235.43 Y213.5
G0 X234.335 Y213.5
G0 X233.153 Y211.847
G0 X129.347 Y211.847
G0 X128.165 Y213.5
G0 X127.07 Y213.5
G0 X126.5 Y213.5
;TIME_ELAPSED:5283.334233
;LAYER:45
;TYPE:WALL-INNER
;MESH:BusConnAssyAid.stl
G1 F2700 E2178.30027
G1 F1500 X126.5 Y226.5 E2178.5597
G0 F9000 X126.1 Y226.9
G1 F1500 X126.9 Y226.9 E2178.57567
G1 X126.9 Y213.1 E2178.85106
G1 X126.1 Y213.1 E2178.86702
G1 X126.1 Y226.9 E2179.14242
G0 F9000 X125.7 Y227.3
;TYPE:WALL-OUTER
G1 F1500 X127.3 Y227.3 E2179.17435
G1 X127.3 Y212.7 E2179.46571
G1 X125.7 Y212.7 E2179.49764
G1 X125.7 Y227.3 E2179.789
G1 F2700 E2174.789
G0 F9000 X125.98 Y227.02
G0 X127.07 Y226.5
G0 X128.165 Y226.5
G0 X129.335 Y226.5
G0 X130.43 Y226.5
G0 X131 Y226.5
;TYPE:WALL-INNER
G1 F2700 E2179.789
G1 F1500 X131 Y213.5 E2180.04842
G0 F9000 X130.88 Y226.62
G0 X130.6 Y226.9
G1 F1500 X131.4 Y226.9 E2180.06439
G1 X131.4 Y213.1 E2180.33978
G1 X130.6 Y213.1 E2180.35575
G1 X130.6 Y226.9 E2180.63114
G0 F9000 X130.2 Y227.3
;TYPE:WALL-OUTER
G1 F1500 X131.8 Y227.3 E2180.66307
G1 X131.8 Y212.7 E2180.95443
G1 X130.2 Y212.7 E2180.98636
G1 X130.2 Y227.3 E2181.27772
G1 F2700 E2176.27772
G0 F9000 X130.48 Y227.02
G0 X131.57 Y226.5
G0 X132.665 Y226.5
G0 X139.835 Y226.5
G0 X140.93 Y226.5
G0 X141.5 Y226.5
;TYPE:WALL-INNER
G1 F2700 E2181.27772
G1 F1500 X141.5 Y213.5 E2181.53715
G0 F9000 X141.38 Y226.62
G0 X141.1 Y226.9
G1 F1500 X141.9 Y226.9 E2181.55311
G1 X141.9 Y213.1 E2181.82851
G1 X141.1 Y213.1 E2181.84447
G1 X141.1 Y226.9 E2182.11987
G0 F9000 X140.7 Y227.3
;TYPE:WALL-OUTER
G1 F1500 X142.3 Y227.3 E2182.1518
G1 X142.3 Y212.7 E2182.44315
G1 X140.7 Y212.7 E2182.47508
G1 X140.7 Y227.3 E2182.76644
G1 F2700 E2177.76644
G0 F9000 X140.98 Y227.02
G0 X142.07 Y226.5
G0 X143.165 Y226.5
G0 X144.335 Y226.5
G0 X145.43 Y226.5
G0 X146 Y226.5
;TYPE:WALL-INNER
G1 F2700 E2182.76644
G1 F1500 X146 Y213.5 E2183.02587
G0 F9000 X145.88 Y226.62
G0 X145.6 Y226.9
G1 F1500 X146.4 Y226.9 E2183.04184
G1 X146.4 Y213.1 E2183.31723
G1 X145.6 Y213.1 E2183.3332
G1 X145.6 Y226.9 E2183.60859
G0 F9000 X145.2 Y227.3
;TYPE:WALL-OUTER
G1 F1500 X146.8 Y227.3 E2183.64052
G1 X146.8 Y212.7 E2183.93188
G1 X145.2 Y212.7 E2183.96381
G1 X145.2 Y227.3 E2184.25517
G1 F2700 E2179.25517
G0 F9000 X145.48 Y227.02
G0 X146.57 Y226.5
G0 X147.665 Y226.5
G0 X154.835 Y226.5
G0 X155.93 Y226.5
G0 X156.5 Y226.5
;TYPE:WALL-INNER
G1 F2700 E2184.25517
G1 F1500 X156.5 Y213.5 E2184.5146
G0 F9000 X156.38 Y226.62
G0 X156.1 Y226.9
G1 F1500 X156.9 Y226.9 E2184.53056
G1 X156.9 Y213.1 E2184.80595
G1 X156.1 Y213.1 E2184.82192
G1 X156.1 Y226.9 E2185.09731
G0 F9000 X155.7 Y227.3
;TYPE:WALL-OUTER
G1 F1500 X157.3 Y227.3 E2185.12924
G1 X157.3 Y212.7 E2185.4206
G1 X155.7 Y212.7 E2185.45253
G1 X155.7 Y227.3 E2185.74389
G1 F2700 E2180.74389
G0 F9000 X155.98 Y227.02
G0 X157.07 Y226.5
G0 X158.165 Y226.5
G0 X159.335 Y226.5
G0 X160.43 Y226.5
G0 X161 Y226.5
;TYPE:WALL-INNER
G1 F2700 E2185.74389
G1 F1500 X161 Y213.5 E2186.00332
G0 F9000 X160.88 Y226.62
G0 X160.6 Y226.9
G1 F1500 X161.4 Y226.9 E2186.01928
G1 X161.4 Y213.1 E2186.29468
G1 X160.6 Y213.1 E2186.31064
G1 X160.6 Y226.9 E2186.58604
G0 F9000 X160.2 Y227.3
;TYPE:WALL-OUTER
G1 F1500 X161.8 Y227.3 E2186.61797
G1 X161.8 Y212.7 E2186.90932
G1 X160.2 Y212.7 E2186.94125
G1 X160.2 Y227.3 E2187.23261
G1 F2700 E2182.23261
G0 F9000 X160.48 Y227.02
G0 X161.57 Y226.5
G0 X162.665 Y226.5
G0 X169.835 Y226.5
G0 X170.93 Y226.5
G0 X171.5 Y226.5
;TYPE:WALL-INNER
G1 F2700 E2187.23261
G1 F1500 X171.5 Y213.5 E2187.49204
G0 F9000 X171.38 Y226.62
G0 X171.1 Y226.9
G1 F1500 X171.9 Y226.9 E2187.50801
G1 X171.9 Y213.1 E2187.7834
G1 X171.1 Y213.1 E2187.79937
G1 X171.1 Y226.9 E2188.07476
G0 F9000 X170.7 Y227.3
;TYPE:WALL-OUTER
G1 F1500 X172.3 Y227.3 E2188.10669
G1 X172.3 Y212.7 E2188.39805
G1 X170.7 Y212.7 E2188.42998
G1 X170.7 Y227.3 E2188.72134
G1 F2700 E2183.72134
G0 F9000 X170.98 Y227.02
G0 X172.07 Y226.5
G0 X173.165 Y226.5
G0 X174.335 Y226.5
G0 X175.43 Y226.5
G0 X176 Y226.5
;TYPE:WALL-INNER
G1 F2700 E2188.72134
G1 F1500 X176 Y213.5 E2188.98077
G0 F9000 X175.88 Y226.62
G0 X175.6 Y226.9
G1 F1500 X176.4 Y226.9 E2188.99673
G1 X176.4 Y213.1 E2189.27212
G1 X175.6 Y213.1 E2189.28809
G1 X175.6 Y226.9 E2189.56348
G0 F9000 X175.2 Y227.3
;TYPE:WALL-OUTER
G1 F1500 X176.8 Y227.3 E2189.59541
G1 X176.8 Y212.7 E2189.88677
G1 X175.2 Y212.7 E2189.9187
G1 X175.2 Y227.3 E2190.21006
G1 F2700 E2185.21006
G0 F9000 X175.48 Y227.02
G0 X176.57 Y226.5
G0 X177.665 Y226.5
G0 X184.835 Y226.5
G0 X185.93 Y226.5
G0 X186.5 Y226.5
;TYPE:WALL-INNER
G1 F2700 E2190.21006
G1 F1500 X186.5 Y213.5 E2190.46949
G0 F9000 X186.38 Y226.62
G0 X186.1 Y226.9
G1 F1500 X186.9 Y226.9 E2190.48545
G1 X186.9 Y213.1 E2190.76085
G1 X186.1 Y213.1 E2190.77681
G1 X186.1 Y226.9 E2191.05221
G0 F9000 X185.7 Y227.3
;TYPE:WALL-OUTER
G1 F1500 X187.3 Y227.3 E2191.08414
G1 X187.3 Y212.7 E2191.3755
G1 X185.7 Y212.7 E2191.40743
G1 X185.7 Y227.3 E2191.69878
G1 F2700 E2186.69878
G0 F9000 X185.98 Y227.02
G0 X187.07 Y226.5
G0 X188.165 Y226.5
G0 X189.335 Y226.5
G0 X190.43 Y226.5
G0 X191 Y226.5
;TYPE:WALL-INNER
G1 F2700 E2191.69878
G1 F1500 X191 Y213.5 E2191.95821
G0 F9000 X190.88 Y226.62
G0 X190.6 Y226.9
G1 F1500 X191.4 Y226.9 E2191.97418
G1 X191.4 Y213.1 E2192.24957
G1 X190.6 Y213.1 E2192.26554
G1 X190.6 Y226.9 E2192.54093
G0 F9000 X190.2 Y227.3
;TYPE:WALL-OUTER
G1 F1500 X191.8 Y227.3 E2192.57286
G1 X191.8 Y212.7 E2192.86422
G1 X190.2 Y212.7 E2192.89615
G1 X190.2 Y227.3 E2193.18751
G1 F2700 E2188.18751
G0 F9000 X190.48 Y227.02
G0 X191.57 Y226.5
G0 X192.665 Y226.5
G0 X199.835 Y226.5
G0 X200.93 Y226.5
G0 X201.5 Y226.5
;TYPE:WALL-INNER
G1 F2700 E2193.18751
G1 F1500 X201.5 Y213.5 E2193.44694
G0 F9000 X201.38 Y226.62
G0 X201.1 Y226.9
G1 F1500 X201.9 Y226.9 E2193.4629
G1 X201.9 Y213.1 E2193.7383
G1 X201.1 Y213.1 E2193.75426
G1 X201.1 Y226.9 E2194.02965
G0 F9000 X200.7 Y227.3
;TYPE:WALL-OUTER
G1 F1500 X202.3 Y227.3 E2194.06158
G1 X202.3 Y212.7 E2194.35294
G1 X200.7 Y212.7 E2194.38487
G1 X200.7 Y227.3 E2194.67623
G1 F2700 E2189.67623
G0 F9000 X200.98 Y227.02
G0 X202.07 Y226.5
G0 X203.165 Y226.5
G0 X204.335 Y226.5
G0 X205.43 Y226.5
G0 X206 Y226.5
;TYPE:WALL-INNER
G1 F2700 E2194.67623
G1 F1500 X206 Y213.5 E2194.93566
G0 F9000 X205.88 Y226.62
G0 X205.6 Y226.9
G1 F1500 X206.4 Y226.9 E2194.95163
G1 X206.4 Y213.1 E2195.22702
G1 X205.6 Y213.1 E2195.24298
G1 X205.6 Y226.9 E2195.51838
G0 F9000 X205.2 Y227.3
;TYPE:WALL-OUTER
G1 F1500 X206.8 Y227.3 E2195.55031
G1 X206.8 Y212.7 E2195.84167
G1 X205.2 Y212.7 E2195.8736
G1 X205.2 Y227.3 E2196.16496
G1 F2700 E2191.16496
G0 F9000 X205.48 Y227.02
G0 X206.57 Y226.5
G0 X207.665 Y226.5
G0 X214.835 Y226.5
G0 X215.93 Y226.5
G0 X216.5 Y226.5
;TYPE:WALL-INNER
G1 F2700 E2196.16496
G1 F1500 X216.5 Y213.5 E2196.42438
G0 F9000 X216.38 Y226.62
G0 X216.1 Y226.9
G1 F1500 X216.9 Y226.9 E2196.44035
G1 X216.9 Y213.1 E2196.71574
G1 X216.1 Y213.1 E2196.73171
G1 X216.1 Y226.9 E2197.0071
G0 F9000 X215.7 Y227.3
;TYPE:WALL-OUTER
G1 F1500 X217.3 Y227.3 E2197.03903
G1 X217.3 Y212.7 E2197.33039
G1 X215.7 Y212.7 E2197.36232
G1 X215.7 Y227.3 E2197.65368
G1 F2700 E2192.65368
G0 F9000 X215.98 Y227.02
G0 X217.07 Y226.5
G0 X218.165 Y226.5
G0 X219.335 Y226.5
G0 X220.43 Y226.5
G0 X221 Y226.5
;TYPE:WALL-INNER
G1 F2700 E2197.65368
G1 F1500 X221 Y213.5 E2197.91311
G0 F9000 X220.88 Y226.62
G0 X220.6 Y226.9
G1 F1500 X221.4 Y226.9 E2197.92907
G1 X221.4 Y213.1 E2198.20447
G1 X220.6 Y213.1 E2198.22043
G1 X220.6 Y226.9 E2198.49583
G0 F9000 X220.2 Y227.3
;TYPE:WALL-OUTER
G1 F1500 X221.8 Y227.3 E2198.52776
G1 X221.8 Y212.7 E2198.81911
G1 X220.2 Y212.7 E2198.85104
G1 X220.2 Y227.3 E2199.1424
G1 F2700 E2194.1424
G0 F9000 X220.48 Y227.02
G0 X221.57 Y226.5
G0 X222.665 Y226.5
G0 X229.835 Y226.5
G0 X230.93 Y226.5
G0 X231.5 Y226.5
;TYPE:WALL-INNER
G1 F2700 E2199.1424
G1 F1500 X231.5 Y213.5 E2199.40183
G0 F9000 X231.38 Y226.62
G0 X231.1 Y226.9
G1 F1500 X231.9 Y226.9 E2199.4178
G1 X231.9 Y213.1 E2199.69319
G1 X231.1 Y213.1 E2199.70916
G1 X231.1 Y226.9 E2199.98455
G0 F9000 X230.7 Y227.3
;TYPE:WALL-OUTER
G1 F1500 X232.3 Y227.3 E2200.01648
G1 X232.3 Y212.7 E2200.30784
G1 X230.7 Y212.7 E2200.33977
G1 X230.7 Y227.3 E2200.63113
G1 F2700 E2195.63113
G0 F9000 X230.98 Y227.02
G0 X232.07 Y226.475
G0 X233.165 Y226.475
G0 X234.335 Y226.475
G0 X235.43 Y226.475
G0 X236.025 Y226.475
;TYPE:WALL-INNER
G1 F2700 E2200.63113
G1 F1333.3 X236.475 Y226.475 E2200.64123
G1 X236.475 Y213.525 E2200.93196
G1 X236.025 Y213.525 E2200.94207
G1 X236.025 Y226.475 E2201.2328
G0 F9000 X235.6 Y226.9
G1 F1500 X236.9 Y226.9 E2201.25874
G1 X236.9 Y213.1 E2201.53414
G1 X235.6 Y213.1 E2201.56008
G1 X235.6 Y226.9 E2201.83548
G0 F9000 X235.2 Y227.3
;TYPE:WALL-OUTER
G1 F1500 X237.3 Y227.3 E2201.87738
G1 X237.3 Y212.7 E2202.16874
G1 X235.2 Y212.7 E2202.21065
G1 X235.2 Y227.3 E2202.50201
G0 F9000 X236.092 Y226.29
G1 F2700 E2197.50201
;MESH:NONMESH
G0 F300 X236.092 Y226.29 Z5.64
G0 F9000 X235.43 Y213.5
G0 X234.335 Y213.5
G0 X233.153 Y211.847
G0 X129.347 Y211.847
G0 X128.165 Y213.5
G0 X127.07 Y213.5
G0 X126.5 Y213.5
;TIME_ELAPSED:5352.624467
;LAYER:46
;TYPE:WALL-INNER
;MESH:BusConnAssyAid.stl
G1 F2700 E2202.50201
G1 F1500 X126.5 Y226.5 E2202.76144
G0 F9000 X126.1 Y226.9
G1 F1500 X126.9 Y226.9 E2202.7774
G1 X126.9 Y213.1 E2203.0528
G1 X126.1 Y213.1 E2203.06876
G1 X126.1 Y226.9 E2203.34416
G0 F9000 X125.7 Y227.3
;TYPE:WALL-OUTER
G1 F1500 X127.3 Y227.3 E2203.37609
G1 X127.3 Y212.7 E2203.66744
G1 X125.7 Y212.7 E2203.69937
G1 X125.7 Y227.3 E2203.99073
G1 F2700 E2198.99073
G0 F9000 X125.98 Y227.02
G0 X127.07 Y226.5
G0 X128.165 Y226.5
G0 X129.335 Y226.5
G0 X130.43 Y226.5
G0 X131 Y226.5
;TYPE:WALL-INNER
G1 F2700 E2203.99073
G1 F1500 X131 Y213.5 E2204.25016
G0 F9000 X130.88 Y226.62
G0 X130.6 Y226.9
G1 F1500 X131.4 Y226.9 E2204.26613
G1 X131.4 Y213.1 E2204.54152
G1 X130.6 Y213.1 E2204.55749
G1 X130.6 Y226.9 E2204.83288
G0 F9000 X130.2 Y227.3
;TYPE:WALL-OUTER
G1 F1500 X131.8 Y227.3 E2204.86481
G1 X131.8 Y212.7 E2205.15617
G1 X130.2 Y212.7 E2205.1881
G1 X130.2 Y227.3 E2205.47946
G1 F2700 E2200.47946
G0 F9000 X130.48 Y227.02
G0 X131.57 Y226.5
G0 X132.665 Y226.5
G0 X139.835 Y226.5
G0 X140.93 Y226.5
G0 X141.5 Y226.5
;TYPE:WALL-INNER
G1 F2700 E2205.47946
G1 F1500 X141.5 Y213.5 E2205.73889
G0 F9000 X141.38 Y226.62
G0 X141.1 Y226.9
G1 F1500 X141.9 Y226.9 E2205.75485
G1 X141.9 Y213.1 E2206.03024
G1 X141.1 Y213.1 E2206.04621
G1 X141.1 Y226.9 E2206.3216
G0 F9000 X140.7 Y227.3
;TYPE:WALL-OUTER
G1 F1500 X142.3 Y227.3 E2206.35353
G1 X142.3 Y212.7 E2206.64489
G1 X140.7 Y212.7 E2206.67682
G1 X140.7 Y227.3 E2206.96818
G1 F2700 E2201.96818
G0 F9000 X140.98 Y227.02
G0 X142.07 Y226.5
G0 X143.165 Y226.5
G0 X144.335 Y226.5
G0 X145.43 Y226.5
G0 X146 Y226.5
;TYPE:WALL-INNER
G1 F2700 E2206.96818
G1 F1500 X146 Y213.5 E2207.22761
G0 F9000 X145.88 Y226.62
G0 X145.6 Y226.9
G1 F1500 X146.4 Y226.9 E2207.24357
G1 X146.4 Y213.1 E2207.51897
G1 X145.6 Y213.1 E2207.53493
G1 X145.6 Y226.9 E2207.81033
G0 F9000 X145.2 Y227.3
;TYPE:WALL-OUTER
G1 F1500 X146.8 Y227.3 E2207.84226
G1 X146.8 Y212.7 E2208.13361
G1 X145.2 Y212.7 E2208.16554
G1 X145.2 Y227.3 E2208.4569
G1 F2700 E2203.4569
G0 F9000 X145.48 Y227.02
G0 X146.57 Y226.5
G0 X147.665 Y226.5
G0 X154.835 Y226.5
G0 X155.93 Y226.5
G0 X156.5 Y226.5
;TYPE:WALL-INNER
G1 F2700 E2208.4569
G1 F1500 X156.5 Y213.5 E2208.71633
G0 F9000 X156.38 Y226.62
G0 X156.1 Y226.9
G1 F1500 X156.9 Y226.9 E2208.7323
G1 X156.9 Y213.1 E2209.00769
G1 X156.1 Y213.1 E2209.02366
G1 X156.1 Y226.9 E2209.29905
G0 F9000 X155.7 Y227.3
;TYPE:WALL-OUTER
G1 F1500 X157.3 Y227.3 E2209.33098
G1 X157.3 Y212.7 E2209.62234
G1 X155.7 Y212.7 E2209.65427
G1 X155.7 Y227.3 E2209.94563
G1 F2700 E2204.94563
G0 F9000 X155.98 Y227.02
G0 X157.07 Y226.5
G0 X158.165 Y226.5
G0 X159.335 Y226.5
G0 X160.43 Y226.5
G0 X161 Y226.5
;TYPE:WALL-INNER
G1 F2700 E2209.94563
G1 F1500 X161 Y213.5 E2210.20506
G0 F9000 X160.88 Y226.62
G0 X160.6 Y226.9
G1 F1500 X161.4 Y226.9 E2210.22102
G1 X161.4 Y213.1 E2210.49641
G1 X160.6 Y213.1 E2210.51238
G1 X160.6 Y226.9 E2210.78777
G0 F9000 X160.2 Y227.3
;TYPE:WALL-OUTER
G1 F1500 X161.8 Y227.3 E2210.8197
G1 X161.8 Y212.7 E2211.11106
G1 X160.2 Y212.7 E2211.14299
G1 X160.2 Y227.3 E2211.43435
G1 F2700 E2206.43435
G0 F9000 X160.48 Y227.02
G0 X161.57 Y226.5
G0 X162.665 Y226.5
G0 X169.835 Y226.5
G0 X170.93 Y226.5
G0 X171.5 Y226.5
;TYPE:WALL-INNER
G1 F2700 E2211.43435
G1 F1500 X171.5 Y213.5 E2211.69378
G0 F9000 X171.38 Y226.62
G0 X171.1 Y226.9
G1 F1500 X171.9 Y226.9 E2211.70974
G1 X171.9 Y213.1 E2211.98514
G1 X171.1 Y213.1 E2212.0011
G1 X171.1 Y226.9 E2212.2765
G0 F9000 X170.7 Y227.3
;TYPE:WALL-OUTER
G1 F1500 X172.3 Y227.3 E2212.30843
G1 X172.3 Y212.7 E2212.59979
G1 X170.7 Y212.7 E2212.63172
G1 X170.7 Y227.3 E2212.92307
G1 F2700 E2207.92307
G0 F9000 X170.98 Y227.02
G0 X172.07 Y226.5
G0 X173.165 Y226.5
G0 X174.335 Y226.5
G0 X175.43 Y226.5
G0 X176 Y226.5
;TYPE:WALL-INNER
G1 F2700 E2212.92307
G1 F1500 X176 Y213.5 E2213.1825
G0 F9000 X175.88 Y226.62
G0 X175.6 Y226.9
G1 F1500 X176.4 Y226.9 E2213.19847
G1 X176.4 Y213.1 E2213.47386
G1 X175.6 Y213.1 E2213.48983
G1 X175.6 Y226.9 E2213.76522
G0 F9000 X175.2 Y227.3
;TYPE:WALL-OUTER
G1 F1500 X176.8 Y227.3 E2213.79715
G1 X176.8 Y212.7 E2214.08851
G1 X175.2 Y212.7 E2214.12044
G1 X175.2 Y227.3 E2214.4118
G1 F2700 E2209.4118
G0 F9000 X175.48 Y227.02
G0 X176.57 Y226.5
G0 X177.665 Y226.5
G0 X184.835 Y226.5
G0 X185.93 Y226.5
G0 X186.5 Y226.5
;TYPE:WALL-INNER
G1 F2700 E2214.4118
G1 F1500 X186.5 Y213.5 E2214.67123
G0 F9000 X186.38 Y226.62
G0 X186.1 Y226.9
G1 F1500 X186.9 Y226.9 E2214.68719
G1 X186.9 Y213.1 E2214.96259
G1 X186.1 Y213.1 E2214.97855
G1 X186.1 Y226.9 E2215.25394
G0 F9000 X185.7 Y227.3
;TYPE:WALL-OUTER
G1 F1500 X187.3 Y227.3 E2215.28587
G1 X187.3 Y212.7 E2215.57723
G1 X185.7 Y212.7 E2215.60916
G1 X185.7 Y227.3 E2215.90052
G1 F2700 E2210.90052
G0 F9000 X185.98 Y227.02
G0 X187.07 Y226.5
G0 X188.165 Y226.5
G0 X189.335 Y226.5
G0 X190.43 Y226.5
G0 X191 Y226.5
;TYPE:WALL-INNER
G1 F2700 E2215.90052
G1 F1500 X191 Y213.5 E2216.15995
G0 F9000 X190.88 Y226.62
G0 X190.6 Y226.9
G1 F1500 X191.4 Y226.9 E2216.17592
G1 X191.4 Y213.1 E2216.45131
G1 X190.6 Y213.1 E2216.46727
G1 X190.6 Y226.9 E2216.74267
G0 F9000 X190.2 Y227.3
;TYPE:WALL-OUTER
G1 F1500 X191.8 Y227.3 E2216.7746
G1 X191.8 Y212.7 E2217.06596
G1 X190.2 Y212.7 E2217.09789
G1 X190.2 Y227.3 E2217.38925
G1 F2700 E2212.38925
G0 F9000 X190.48 Y227.02
G0 X191.57 Y226.5
G0 X192.665 Y226.5
G0 X199.835 Y226.5
G0 X200.93 Y226.5
G0 X201.5 Y226.5
;TYPE:WALL-INNER
G1 F2700 E2217.38925
G1 F1500 X201.5 Y213.5 E2217.64867
G0 F9000 X201.38 Y226.62
G0 X201.1 Y226.9
G1 F1500 X201.9 Y226.9 E2217.66464
G1 X201.9 Y213.1 E2217.94003
G1 X201.1 Y213.1 E2217.956
G1 X201.1 Y226.9 E2218.23139
G0 F9000 X200.7 Y227.3
;TYPE:WALL-OUTER
G1 F1500 X202.3 Y227.3 E2218.26332
G1 X202.3 Y212.7 E2218.55468
G1 X200.7 Y212.7 E2218.58661
G1 X200.7 Y227.3 E2218.87797
G1 F2700 E2213.87797
G0 F9000 X200.98 Y227.02
G0 X202.07 Y226.5
G0 X203.165 Y226.5
G0 X204.335 Y226.5
G0 X205.43 Y226.5
G0 X206 Y226.5
;TYPE:WALL-INNER
G1 F2700 E2218.87797
G1 F1500 X206 Y213.5 E2219.1374
G0 F9000 X205.88 Y226.62
G0 X205.6 Y226.9
G1 F1500 X206.4 Y226.9 E2219.15336
G1 X206.4 Y213.1 E2219.42876
G1 X205.6 Y213.1 E2219.44472
G1 X205.6 Y226.9 E2219.72012
G0 F9000 X205.2 Y227.3
;TYPE:WALL-OUTER
G1 F1500 X206.8 Y227.3 E2219.75205
G1 X206.8 Y212.7 E2220.0434
G1 X205.2 Y212.7 E2220.07533
G1 X205.2 Y227.3 E2220.36669
G1 F2700 E2215.36669
G0 F9000 X205.48 Y227.02
G0 X206.57 Y226.5
G0 X207.665 Y226.5
G0 X214.835 Y226.5
G0 X215.93 Y226.5
G0 X216.5 Y226.5
;TYPE:WALL-INNER
G1 F2700 E2220.36669
G1 F1500 X216.5 Y213.5 E2220.62612
G0 F9000 X216.38 Y226.62
G0 X216.1 Y226.9
G1 F1500 X216.9 Y226.9 E2220.64209
G1 X216.9 Y213.1 E2220.91748
G1 X216.1 Y213.1 E2220.93345
G1 X216.1 Y226.9 E2221.20884
G0 F9000 X215.7 Y227.3
;TYPE:WALL-OUTER
G1 F1500 X217.3 Y227.3 E2221.24077
G1 X217.3 Y212.7 E2221.53213
G1 X215.7 Y212.7 E2221.56406
G1 X215.7 Y227.3 E2221.85542
G1 F2700 E2216.85542
G0 F9000 X215.98 Y227.02
G0 X217.07 Y226.5
G0 X218.165 Y226.5
G0 X219.335 Y226.5
G0 X220.43 Y226.5
G0 X221 Y226.5
;TYPE:WALL-INNER
G1 F2700 E2221.85542
G1 F1500 X221 Y213.5 E2222.11485
G0 F9000 X220.88 Y226.62
G0 X220.6 Y226.9
G1 F1500 X221.4 Y226.9 E2222.13081
G1 X221.4 Y213.1 E2222.4062
G1 X220.6 Y213.1 E2222.42217
G1 X220.6 Y226.9 E2222.69756
G0 F9000 X220.2 Y227.3
;TYPE:WALL-OUTER
G1 F1500 X221.8 Y227.3 E2222.72949
G1 X221.8 Y212.7 E2223.02085
G1 X220.2 Y212.7 E2223.05278
G1 X220.2 Y227.3 E2223.34414
G1 F2700 E2218.34414
G0 F9000 X220.48 Y227.02
G0 X221.57 Y226.5
G0 X222.665 Y226.5
G0 X229.835 Y226.5
G0 X230.93 Y226.5
G0 X231.5 Y226.5
;TYPE:WALL-INNER
G1 F2700 E2223.34414
G1 F1500 X231.5 Y213.5 E2223.60357
G0 F9000 X231.38 Y226.62
G0 X231.1 Y226.9
G1 F1500 X231.9 Y226.9 E2223.61953
G1 X231.9 Y213.1 E2223.89493
G1 X231.1 Y213.1 E2223.91089
G1 X231.1 Y226.9 E2224.18629
G0 F9000 X230.7 Y227.3
;TYPE:WALL-OUTER
G1 F1500 X232.3 Y227.3 E2224.21822
G1 X232.3 Y212.7 E2224.50957
G1 X230.7 Y212.7 E2224.5415
G1 X230.7 Y227.3 E2224.83286
G1 F2700 E2219.83286
G0 F9000 X230.98 Y227.02
G0 X232.07 Y226.475
G0 X233.165 Y226.475
G0 X234.335 Y226.475
G0 X235.43 Y226.475
G0 X236.025 Y226.475
;TYPE:WALL-INNER
G1 F2700 E2224.83286
G1 F1333.3 X236.475 Y226.475 E2224.84297
G1 X236.475 Y213.525 E2225.1337
G1 X236.025 Y213.525 E2225.1438
G1 X236.025 Y226.475 E2225.43454
G0 F9000 X235.6 Y226.9
G1 F1500 X236.9 Y226.9 E2225.46048
G1 X236.9 Y213.1 E2225.73588
G1 X235.6 Y213.1 E2225.76182
G1 X235.6 Y226.9 E2226.03721
G0 F9000 X235.2 Y227.3
;TYPE:WALL-OUTER
G1 F1500 X237.3 Y227.3 E2226.07912
G1 X237.3 Y212.7 E2226.37048
G1 X235.2 Y212.7 E2226.41239
G1 X235.2 Y227.3 E2226.70375
G0 F9000 X236.092 Y226.29
G1 F2700 E2221.70375
;MESH:NONMESH
G0 F300 X236.092 Y226.29 Z5.76
G0 F9000 X235.43 Y213.5
G0 X234.335 Y213.5
G0 X233.153 Y211.847
G0 X129.347 Y211.847
G0 X128.165 Y213.5
G0 X127.07 Y213.5
G0 X126.5 Y213.5
;TIME_ELAPSED:5421.914701
;LAYER:47
;TYPE:WALL-INNER
;MESH:BusConnAssyAid.stl
G1 F2700 E2226.70375
G1 F1500 X126.5 Y226.5 E2226.96318
G0 F9000 X126.1 Y226.9
G1 F1500 X126.9 Y226.9 E2226.97914
G1 X126.9 Y213.1 E2227.25453
G1 X126.1 Y213.1 E2227.2705
G1 X126.1 Y226.9 E2227.54589
G0 F9000 X125.7 Y227.3
;TYPE:WALL-OUTER
G1 F1500 X127.3 Y227.3 E2227.57782
G1 X127.3 Y212.7 E2227.86918
G1 X125.7 Y212.7 E2227.90111
G1 X125.7 Y227.3 E2228.19247
G1 F2700 E2223.19247
G0 F9000 X125.98 Y227.02
G0 X127.07 Y226.5
G0 X128.165 Y226.5
G0 X129.335 Y226.5
G0 X130.43 Y226.5
G0 X131 Y226.5
;TYPE:WALL-INNER
G1 F2700 E2228.19247
G1 F1500 X131 Y213.5 E2228.4519
G0 F9000 X130.88 Y226.62
G0 X130.6 Y226.9
G1 F1500 X131.4 Y226.9 E2228.46786
G1 X131.4 Y213.1 E2228.74326
G1 X130.6 Y213.1 E2228.75922
G1 X130.6 Y226.9 E2229.03462
G0 F9000 X130.2 Y227.3
;TYPE:WALL-OUTER
G1 F1500 X131.8 Y227.3 E2229.06655
G1 X131.8 Y212.7 E2229.3579
G1 X130.2 Y212.7 E2229.38983
G1 X130.2 Y227.3 E2229.68119
G1 F2700 E2224.68119
G0 F9000 X130.48 Y227.02
G0 X131.57 Y226.5
G0 X132.665 Y226.5
G0 X139.835 Y226.5
G0 X140.93 Y226.5
G0 X141.5 Y226.5
;TYPE:WALL-INNER
G1 F2700 E2229.68119
G1 F1500 X141.5 Y213.5 E2229.94062
G0 F9000 X141.38 Y226.62
G0 X141.1 Y226.9
G1 F1500 X141.9 Y226.9 E2229.95659
G1 X141.9 Y213.1 E2230.23198
G1 X141.1 Y213.1 E2230.24795
G1 X141.1 Y226.9 E2230.52334
G0 F9000 X140.7 Y227.3
;TYPE:WALL-OUTER
G1 F1500 X142.3 Y227.3 E2230.55527
G1 X142.3 Y212.7 E2230.84663
G1 X140.7 Y212.7 E2230.87856
G1 X140.7 Y227.3 E2231.16992
G1 F2700 E2226.16992
G0 F9000 X140.98 Y227.02
G0 X142.07 Y226.5
G0 X143.165 Y226.5
G0 X144.335 Y226.5
G0 X145.43 Y226.5
G0 X146 Y226.5
;TYPE:WALL-INNER
G1 F2700 E2231.16992
G1 F1500 X146 Y213.5 E2231.42935
G0 F9000 X145.88 Y226.62
G0 X145.6 Y226.9
G1 F1500 X146.4 Y226.9 E2231.44531
G1 X146.4 Y213.1 E2231.7207
G1 X145.6 Y213.1 E2231.73667
G1 X145.6 Y226.9 E2232.01206
G0 F9000 X145.2 Y227.3
;TYPE:WALL-OUTER
G1 F1500 X146.8 Y227.3 E2232.04399
G1 X146.8 Y212.7 E2232.33535
G1 X145.2 Y212.7 E2232.36728
G1 X145.2 Y227.3 E2232.65864
G1 F2700 E2227.65864
G0 F9000 X145.48 Y227.02
G0 X146.57 Y226.5
G0 X147.665 Y226.5
G0 X154.835 Y226.5
G0 X155.93 Y226.5
G0 X156.5 Y226.5
;TYPE:WALL-INNER
G1 F2700 E2232.65864
G1 F1500 X156.5 Y213.5 E2232.91807
G0 F9000 X156.38 Y226.62
G0 X156.1 Y226.9
G1 F1500 X156.9 Y226.9 E2232.93403
G1 X156.9 Y213.1 E2233.20943
G1 X156.1 Y213.1 E2233.22539
G1 X156.1 Y226.9 E2233.50079
G0 F9000 X155.7 Y227.3
;TYPE:WALL-OUTER
G1 F1500 X157.3 Y227.3 E2233.53272
G1 X157.3 Y212.7 E2233.82408
G1 X155.7 Y212.7 E2233.85601
G1 X155.7 Y227.3 E2234.14736
G1 F2700 E2229.14736
G0 F9000 X155.98 Y227.02
G0 X157.07 Y226.5
G0 X158.165 Y226.5
G0 X159.335 Y226.5
G0 X160.43 Y226.5
G0 X161 Y226.5
;TYPE:WALL-INNER
G1 F2700 E2234.14736
G1 F1500 X161 Y213.5 E2234.40679
G0 F9000 X160.88 Y226.62
G0 X160.6 Y226.9
G1 F1500 X161.4 Y226.9 E2234.42276
G1 X161.4 Y213.1 E2234.69815
G1 X160.6 Y213.1 E2234.71412
G1 X160.6 Y226.9 E2234.98951
G0 F9000 X160.2 Y227.3
;TYPE:WALL-OUTER
G1 F1500 X161.8 Y227.3 E2235.02144
G1 X161.8 Y212.7 E2235.3128
G1 X160.2 Y212.7 E2235.34473
G1 X160.2 Y227.3 E2235.63609
G1 F2700 E2230.63609
G0 F9000 X160.48 Y227.02
G0 X161.57 Y226.5
G0 X162.665 Y226.5
G0 X169.835 Y226.5
G0 X170.93 Y226.5
G0 X171.5 Y226.5
;TYPE:WALL-INNER
G1 F2700 E2235.63609
G1 F1500 X171.5 Y213.5 E2235.89552
G0 F9000 X171.38 Y226.62
G0 X171.1 Y226.9
G1 F1500 X171.9 Y226.9 E2235.91148
G1 X171.9 Y213.1 E2236.18688
G1 X171.1 Y213.1 E2236.20284
G1 X171.1 Y226.9 E2236.47823
G0 F9000 X170.7 Y227.3
;TYPE:WALL-OUTER
G1 F1500 X172.3 Y227.3 E2236.51016
G1 X172.3 Y212.7 E2236.80152
G1 X170.7 Y212.7 E2236.83345
G1 X170.7 Y227.3 E2237.12481
G1 F2700 E2232.12481
G0 F9000 X170.98 Y227.02
G0 X172.07 Y226.5
G0 X173.165 Y226.5
G0 X174.335 Y226.5
G0 X175.43 Y226.5
G0 X176 Y226.5
;TYPE:WALL-INNER
G1 F2700 E2237.12481
G1 F1500 X176 Y213.5 E2237.38424
G0 F9000 X175.88 Y226.62
G0 X175.6 Y226.9
G1 F1500 X176.4 Y226.9 E2237.40021
G1 X176.4 Y213.1 E2237.6756
G1 X175.6 Y213.1 E2237.69156
G1 X175.6 Y226.9 E2237.96696
G0 F9000 X175.2 Y227.3
;TYPE:WALL-OUTER
G1 F1500 X176.8 Y227.3 E2237.99889
G1 X176.8 Y212.7 E2238.29025
G1 X175.2 Y212.7 E2238.32218
G1 X175.2 Y227.3 E2238.61354
G1 F2700 E2233.61354
G0 F9000 X175.48 Y227.02
G0 X176.57 Y226.5
G0 X177.665 Y226.5
G0 X184.835 Y226.5
G0 X185.93 Y226.5
G0 X186.5 Y226.5
;TYPE:WALL-INNER
G1 F2700 E2238.61354
G1 F1500 X186.5 Y213.5 E2238.87296
G0 F9000 X186.38 Y226.62
G0 X186.1 Y226.9
G1 F1500 X186.9 Y226.9 E2238.88893
G1 X186.9 Y213.1 E2239.16432
G1 X186.1 Y213.1 E2239.18029
G1 X186.1 Y226.9 E2239.45568
G0 F9000 X185.7 Y227.3
;TYPE:WALL-OUTER
G1 F1500 X187.3 Y227.3 E2239.48761
G1 X187.3 Y212.7 E2239.77897
G1 X185.7 Y212.7 E2239.8109
G1 X185.7 Y227.3 E2240.10226
G1 F2700 E2235.10226
G0 F9000 X185.98 Y227.02
G0 X187.07 Y226.5
G0 X188.165 Y226.5
G0 X189.335 Y226.5
G0 X190.43 Y226.5
G0 X191 Y226.5
;TYPE:WALL-INNER
G1 F2700 E2240.10226
G1 F1500 X191 Y213.5 E2240.36169
G0 F9000 X190.88 Y226.62
G0 X190.6 Y226.9
G1 F1500 X191.4 Y226.9 E2240.37765
G1 X191.4 Y213.1 E2240.65305
G1 X190.6 Y213.1 E2240.66901
G1 X190.6 Y226.9 E2240.94441
G0 F9000 X190.2 Y227.3
;TYPE:WALL-OUTER
G1 F1500 X191.8 Y227.3 E2240.97634
G1 X191.8 Y212.7 E2241.26769
G1 X190.2 Y212.7 E2241.29962
G1 X190.2 Y227.3 E2241.59098
G1 F2700 E2236.59098
G0 F9000 X190.48 Y227.02
G0 X191.57 Y226.5
G0 X192.665 Y226.5
G0 X199.835 Y226.5
G0 X200.93 Y226.5
G0 X201.5 Y226.5
;TYPE:WALL-INNER
G1 F2700 E2241.59098
G1 F1500 X201.5 Y213.5 E2241.85041
G0 F9000 X201.38 Y226.62
G0 X201.1 Y226.9
G1 F1500 X201.9 Y226.9 E2241.86638
G1 X201.9 Y213.1 E2242.14177
G1 X201.1 Y213.1 E2242.15774
G1 X201.1 Y226.9 E2242.43313
G0 F9000 X200.7 Y227.3
;TYPE:WALL-OUTER
G1 F1500 X202.3 Y227.3 E2242.46506
G1 X202.3 Y212.7 E2242.75642
G1 X200.7 Y212.7 E2242.78835
G1 X200.7 Y227.3 E2243.07971
G1 F2700 E2238.07971
G0 F9000 X200.98 Y227.02
G0 X202.07 Y226.5
G0 X203.165 Y226.5
G0 X204.335 Y226.5
G0 X205.43 Y226.5
G0 X206 Y226.5
;TYPE:WALL-INNER
G1 F2700 E2243.07971
G1 F1500 X206 Y213.5 E2243.33914
G0 F9000 X205.88 Y226.62
G0 X205.6 Y226.9
G1 F1500 X206.4 Y226.9 E2243.3551
G1 X206.4 Y213.1 E2243.63049
G1 X205.6 Y213.1 E2243.64646
G1 X205.6 Y226.9 E2243.92185
G0 F9000 X205.2 Y227.3
;TYPE:WALL-OUTER
G1 F1500 X206.8 Y227.3 E2243.95378
G1 X206.8 Y212.7 E2244.24514
G1 X205.2 Y212.7 E2244.27707
G1 X205.2 Y227.3 E2244.56843
G1 F2700 E2239.56843
G0 F9000 X205.48 Y227.02
G0 X206.57 Y226.5
G0 X207.665 Y226.5
G0 X214.835 Y226.5
G0 X215.93 Y226.5
G0 X216.5 Y226.5
;TYPE:WALL-INNER
G1 F2700 E2244.56843
G1 F1500 X216.5 Y213.5 E2244.82786
G0 F9000 X216.38 Y226.62
G0 X216.1 Y226.9
G1 F1500 X216.9 Y226.9 E2244.84382
G1 X216.9 Y213.1 E2245.11922
G1 X216.1 Y213.1 E2245.13518
G1 X216.1 Y226.9 E2245.41058
G0 F9000 X215.7 Y227.3
;TYPE:WALL-OUTER
G1 F1500 X217.3 Y227.3 E2245.44251
G1 X217.3 Y212.7 E2245.73386
G1 X215.7 Y212.7 E2245.76579
G1 X215.7 Y227.3 E2246.05715
G1 F2700 E2241.05715
G0 F9000 X215.98 Y227.02
G0 X217.07 Y226.5
G0 X218.165 Y226.5
G0 X219.335 Y226.5
G0 X220.43 Y226.5
G0 X221 Y226.5
;TYPE:WALL-INNER
G1 F2700 E2246.05715
G1 F1500 X221 Y213.5 E2246.31658
G0 F9000 X220.88 Y226.62
G0 X220.6 Y226.9
G1 F1500 X221.4 Y226.9 E2246.33255
G1 X221.4 Y213.1 E2246.60794
G1 X220.6 Y213.1 E2246.62391
G1 X220.6 Y226.9 E2246.8993
G0 F9000 X220.2 Y227.3
;TYPE:WALL-OUTER
G1 F1500 X221.8 Y227.3 E2246.93123
G1 X221.8 Y212.7 E2247.22259
G1 X220.2 Y212.7 E2247.25452
G1 X220.2 Y227.3 E2247.54588
G1 F2700 E2242.54588
G0 F9000 X220.48 Y227.02
G0 X221.57 Y226.5
G0 X222.665 Y226.5
G0 X229.835 Y226.5
G0 X230.93 Y226.5
G0 X231.5 Y226.5
;TYPE:WALL-INNER
G1 F2700 E2247.54588
G1 F1500 X231.5 Y213.5 E2247.80531
G0 F9000 X231.38 Y226.62
G0 X231.1 Y226.9
G1 F1500 X231.9 Y226.9 E2247.82127
G1 X231.9 Y213.1 E2248.09666
G1 X231.1 Y213.1 E2248.11263
G1 X231.1 Y226.9 E2248.38802
G0 F9000 X230.7 Y227.3
;TYPE:WALL-OUTER
G1 F1500 X232.3 Y227.3 E2248.41995
G1 X232.3 Y212.7 E2248.71131
G1 X230.7 Y212.7 E2248.74324
G1 X230.7 Y227.3 E2249.0346
G1 F2700 E2244.0346
G0 F9000 X230.98 Y227.02
G0 X232.07 Y226.475
G0 X233.165 Y226.475
G0 X234.335 Y226.475
G0 X235.43 Y226.475
G0 X236.025 Y226.475
;TYPE:WALL-INNER
G1 F2700 E2249.0346
G1 F1333.3 X236.475 Y226.475 E2249.0447
G1 X236.475 Y213.525 E2249.33544
G1 X236.025 Y213.525 E2249.34554
G1 X236.025 Y226.475 E2249.63628
G0 F9000 X235.6 Y226.9
G1 F1500 X236.9 Y226.9 E2249.66222
G1 X236.9 Y213.1 E2249.93761
G1 X235.6 Y213.1 E2249.96356
G1 X235.6 Y226.9 E2250.23895
G0 F9000 X235.2 Y227.3
;TYPE:WALL-OUTER
G1 F1500 X237.3 Y227.3 E2250.28086
G1 X237.3 Y212.7 E2250.57222
G1 X235.2 Y212.7 E2250.61412
G1 X235.2 Y227.3 E2250.90548
G0 F9000 X236.092 Y226.29
G1 F2700 E2245.90548
;MESH:NONMESH
G0 F300 X236.092 Y226.29 Z5.88
G0 F9000 X235.43 Y213.5
G0 X234.335 Y213.5
G0 X233.153 Y211.847
G0 X129.347 Y211.847
G0 X128.165 Y213.5
G0 X127.07 Y213.5
G0 X126.5 Y213.5
;TIME_ELAPSED:5491.204935
;LAYER:48
;TYPE:WALL-INNER
;MESH:BusConnAssyAid.stl
G1 F2700 E2250.90548
G1 F1500 X126.5 Y226.5 E2251.16491
G0 F9000 X126.1 Y226.9
G1 F1500 X126.9 Y226.9 E2251.18088
G1 X126.9 Y213.1 E2251.45627
G1 X126.1 Y213.1 E2251.47224
G1 X126.1 Y226.9 E2251.74763
G0 F9000 X125.7 Y227.3
;TYPE:WALL-OUTER
G1 F1500 X127.3 Y227.3 E2251.77956
G1 X127.3 Y212.7 E2252.07092
G1 X125.7 Y212.7 E2252.10285
G1 X125.7 Y227.3 E2252.39421
G1 F2700 E2247.39421
G0 F9000 X125.98 Y227.02
G0 X127.07 Y226.5
G0 X128.165 Y226.5
G0 X129.335 Y226.5
G0 X130.43 Y226.5
G0 X131 Y226.5
;TYPE:WALL-INNER
G1 F2700 E2252.39421
G1 F1500 X131 Y213.5 E2252.65364
G0 F9000 X130.88 Y226.62
G0 X130.6 Y226.9
G1 F1500 X131.4 Y226.9 E2252.6696
G1 X131.4 Y213.1 E2252.94499
G1 X130.6 Y213.1 E2252.96096
G1 X130.6 Y226.9 E2253.23635
G0 F9000 X130.2 Y227.3
;TYPE:WALL-OUTER
G1 F1500 X131.8 Y227.3 E2253.26828
G1 X131.8 Y212.7 E2253.55964
G1 X130.2 Y212.7 E2253.59157
G1 X130.2 Y227.3 E2253.88293
G1 F2700 E2248.88293
G0 F9000 X130.48 Y227.02
G0 X131.57 Y226.5
G0 X132.665 Y226.5
G0 X139.835 Y226.5
G0 X140.93 Y226.5
G0 X141.5 Y226.5
;TYPE:WALL-INNER
G1 F2700 E2253.88293
G1 F1500 X141.5 Y213.5 E2254.14236
G0 F9000 X141.38 Y226.62
G0 X141.1 Y226.9
G1 F1500 X141.9 Y226.9 E2254.15832
G1 X141.9 Y213.1 E2254.43372
G1 X141.1 Y213.1 E2254.44968
G1 X141.1 Y226.9 E2254.72508
G0 F9000 X140.7 Y227.3
;TYPE:WALL-OUTER
G1 F1500 X142.3 Y227.3 E2254.75701
G1 X142.3 Y212.7 E2255.04837
G1 X140.7 Y212.7 E2255.0803
G1 X140.7 Y227.3 E2255.37165
G1 F2700 E2250.37165
G0 F9000 X140.98 Y227.02
G0 X142.07 Y226.5
G0 X143.165 Y226.5
G0 X144.335 Y226.5
G0 X145.43 Y226.5
G0 X146 Y226.5
;TYPE:WALL-INNER
G1 F2700 E2255.37165
G1 F1500 X146 Y213.5 E2255.63108
G0 F9000 X145.88 Y226.62
G0 X145.6 Y226.9
G1 F1500 X146.4 Y226.9 E2255.64705
G1 X146.4 Y213.1 E2255.92244
G1 X145.6 Y213.1 E2255.93841
G1 X145.6 Y226.9 E2256.2138
G0 F9000 X145.2 Y227.3
;TYPE:WALL-OUTER
G1 F1500 X146.8 Y227.3 E2256.24573
G1 X146.8 Y212.7 E2256.53709
G1 X145.2 Y212.7 E2256.56902
G1 X145.2 Y227.3 E2256.86038
G1 F2700 E2251.86038
G0 F9000 X145.48 Y227.02
G0 X146.57 Y226.5
G0 X147.665 Y226.5
G0 X154.835 Y226.5
G0 X155.93 Y226.5
G0 X156.5 Y226.5
;TYPE:WALL-INNER
G1 F2700 E2256.86038
G1 F1500 X156.5 Y213.5 E2257.11981
G0 F9000 X156.38 Y226.62
G0 X156.1 Y226.9
G1 F1500 X156.9 Y226.9 E2257.13577
G1 X156.9 Y213.1 E2257.41117
G1 X156.1 Y213.1 E2257.42713
G1 X156.1 Y226.9 E2257.70252
G0 F9000 X155.7 Y227.3
;TYPE:WALL-OUTER
G1 F1500 X157.3 Y227.3 E2257.73445
G1 X157.3 Y212.7 E2258.02581
G1 X155.7 Y212.7 E2258.05774
G1 X155.7 Y227.3 E2258.3491
G1 F2700 E2253.3491
G0 F9000 X155.98 Y227.02
G0 X157.07 Y226.5
G0 X158.165 Y226.5
G0 X159.335 Y226.5
G0 X160.43 Y226.5
G0 X161 Y226.5
;TYPE:WALL-INNER
G1 F2700 E2258.3491
G1 F1500 X161 Y213.5 E2258.60853
G0 F9000 X160.88 Y226.62
G0 X160.6 Y226.9
G1 F1500 X161.4 Y226.9 E2258.6245
G1 X161.4 Y213.1 E2258.89989
G1 X160.6 Y213.1 E2258.91585
G1 X160.6 Y226.9 E2259.19125
G0 F9000 X160.2 Y227.3
;TYPE:WALL-OUTER
G1 F1500 X161.8 Y227.3 E2259.22318
G1 X161.8 Y212.7 E2259.51454
G1 X160.2 Y212.7 E2259.54647
G1 X160.2 Y227.3 E2259.83783
G1 F2700 E2254.83783
G0 F9000 X160.48 Y227.02
G0 X161.57 Y226.5
G0 X162.665 Y226.5
G0 X169.835 Y226.5
G0 X170.93 Y226.5
G0 X171.5 Y226.5
;TYPE:WALL-INNER
G1 F2700 E2259.83783
G1 F1500 X171.5 Y213.5 E2260.09725
G0 F9000 X171.38 Y226.62
G0 X171.1 Y226.9
G1 F1500 X171.9 Y226.9 E2260.11322
G1 X171.9 Y213.1 E2260.38861
G1 X171.1 Y213.1 E2260.40458
G1 X171.1 Y226.9 E2260.67997
G0 F9000 X170.7 Y227.3
;TYPE:WALL-OUTER
G1 F1500 X172.3 Y227.3 E2260.7119
G1 X172.3 Y212.7 E2261.00326
G1 X170.7 Y212.7 E2261.03519
G1 X170.7 Y227.3 E2261.32655
G1 F2700 E2256.32655
G0 F9000 X170.98 Y227.02
G0 X172.07 Y226.5
G0 X173.165 Y226.5
G0 X174.335 Y226.5
G0 X175.43 Y226.5
G0 X176 Y226.5
;TYPE:WALL-INNER
G1 F2700 E2261.32655
G1 F1500 X176 Y213.5 E2261.58598
G0 F9000 X175.88 Y226.62
G0 X175.6 Y226.9
G1 F1500 X176.4 Y226.9 E2261.60194
G1 X176.4 Y213.1 E2261.87734
G1 X175.6 Y213.1 E2261.8933
G1 X175.6 Y226.9 E2262.1687
G0 F9000 X175.2 Y227.3
;TYPE:WALL-OUTER
G1 F1500 X176.8 Y227.3 E2262.20063
G1 X176.8 Y212.7 E2262.49198
G1 X175.2 Y212.7 E2262.52391
G1 X175.2 Y227.3 E2262.81527
G1 F2700 E2257.81527
G0 F9000 X175.48 Y227.02
G0 X176.57 Y226.5
G0 X177.665 Y226.5
G0 X184.835 Y226.5
G0 X185.93 Y226.5
G0 X186.5 Y226.5
;TYPE:WALL-INNER
G1 F2700 E2262.81527
G1 F1500 X186.5 Y213.5 E2263.0747
G0 F9000 X186.38 Y226.62
G0 X186.1 Y226.9
G1 F1500 X186.9 Y226.9 E2263.09067
G1 X186.9 Y213.1 E2263.36606
G1 X186.1 Y213.1 E2263.38203
G1 X186.1 Y226.9 E2263.65742
G0 F9000 X185.7 Y227.3
;TYPE:WALL-OUTER
G1 F1500 X187.3 Y227.3 E2263.68935
G1 X187.3 Y212.7 E2263.98071
G1 X185.7 Y212.7 E2264.01264
G1 X185.7 Y227.3 E2264.304
G1 F2700 E2259.304
G0 F9000 X185.98 Y227.02
G0 X187.07 Y226.5
G0 X188.165 Y226.5
G0 X189.335 Y226.5
G0 X190.43 Y226.5
G0 X191 Y226.5
;TYPE:WALL-INNER
G1 F2700 E2264.304
G1 F1500 X191 Y213.5 E2264.56343
G0 F9000 X190.88 Y226.62
G0 X190.6 Y226.9
G1 F1500 X191.4 Y226.9 E2264.57939
G1 X191.4 Y213.1 E2264.85478
G1 X190.6 Y213.1 E2264.87075
G1 X190.6 Y226.9 E2265.14614
G0 F9000 X190.2 Y227.3
;TYPE:WALL-OUTER
G1 F1500 X191.8 Y227.3 E2265.17807
G1 X191.8 Y212.7 E2265.46943
G1 X190.2 Y212.7 E2265.50136
G1 X190.2 Y227.3 E2265.79272
G1 F2700 E2260.79272
G0 F9000 X190.48 Y227.02
G0 X191.57 Y226.5
G0 X192.665 Y226.5
G0 X199.835 Y226.5
G0 X200.93 Y226.5
G0 X201.5 Y226.5
;TYPE:WALL-INNER
G1 F2700 E2265.79272
G1 F1500 X201.5 Y213.5 E2266.05215
G0 F9000 X201.38 Y226.62
G0 X201.1 Y226.9
G1 F1500 X201.9 Y226.9 E2266.06811
G1 X201.9 Y213.1 E2266.34351
G1 X201.1 Y213.1 E2266.35947
G1 X201.1 Y226.9 E2266.63487
G0 F9000 X200.7 Y227.3
;TYPE:WALL-OUTER
G1 F1500 X202.3 Y227.3 E2266.6668
G1 X202.3 Y212.7 E2266.95815
G1 X200.7 Y212.7 E2266.99008
G1 X200.7 Y227.3 E2267.28144
G1 F2700 E2262.28144
G0 F9000 X200.98 Y227.02
G0 X202.07 Y226.5
G0 X203.165 Y226.5
G0 X204.335 Y226.5
G0 X205.43 Y226.5
G0 X206 Y226.5
;TYPE:WALL-INNER
G1 F2700 E2267.28144
G1 F1500 X206 Y213.5 E2267.54087
G0 F9000 X205.88 Y226.62
G0 X205.6 Y226.9
G1 F1500 X206.4 Y226.9 E2267.55684
G1 X206.4 Y213.1 E2267.83223
G1 X205.6 Y213.1 E2267.8482
G1 X205.6 Y226.9 E2268.12359
G0 F9000 X205.2 Y227.3
;TYPE:WALL-OUTER
G1 F1500 X206.8 Y227.3 E2268.15552
G1 X206.8 Y212.7 E2268.44688
G1 X205.2 Y212.7 E2268.47881
G1 X205.2 Y227.3 E2268.77017
G1 F2700 E2263.77017
G0 F9000 X205.48 Y227.02
G0 X206.57 Y226.5
G0 X207.665 Y226.5
G0 X214.835 Y226.5
G0 X215.93 Y226.5
G0 X216.5 Y226.5
;TYPE:WALL-INNER
G1 F2700 E2268.77017
G1 F1500 X216.5 Y213.5 E2269.0296
G0 F9000 X216.38 Y226.62
G0 X216.1 Y226.9
G1 F1500 X216.9 Y226.9 E2269.04556
G1 X216.9 Y213.1 E2269.32095
G1 X216.1 Y213.1 E2269.33692
G1 X216.1 Y226.9 E2269.61231
G0 F9000 X215.7 Y227.3
;TYPE:WALL-OUTER
G1 F1500 X217.3 Y227.3 E2269.64424
G1 X217.3 Y212.7 E2269.9356
G1 X215.7 Y212.7 E2269.96753
G1 X215.7 Y227.3 E2270.25889
G1 F2700 E2265.25889
G0 F9000 X215.98 Y227.02
G0 X217.07 Y226.5
G0 X218.165 Y226.5
G0 X219.335 Y226.5
G0 X220.43 Y226.5
G0 X221 Y226.5
;TYPE:WALL-INNER
G1 F2700 E2270.25889
G1 F1500 X221 Y213.5 E2270.51832
G0 F9000 X220.88 Y226.62
G0 X220.6 Y226.9
G1 F1500 X221.4 Y226.9 E2270.53428
G1 X221.4 Y213.1 E2270.80968
G1 X220.6 Y213.1 E2270.82564
G1 X220.6 Y226.9 E2271.10104
G0 F9000 X220.2 Y227.3
;TYPE:WALL-OUTER
G1 F1500 X221.8 Y227.3 E2271.13297
G1 X221.8 Y212.7 E2271.42433
G1 X220.2 Y212.7 E2271.45626
G1 X220.2 Y227.3 E2271.74761
G1 F2700 E2266.74761
G0 F9000 X220.48 Y227.02
G0 X221.57 Y226.5
G0 X222.665 Y226.5
G0 X229.835 Y226.5
G0 X230.93 Y226.5
G0 X231.5 Y226.5
;TYPE:WALL-INNER
G1 F2700 E2271.74761
G1 F1500 X231.5 Y213.5 E2272.00704
G0 F9000 X231.38 Y226.62
G0 X231.1 Y226.9
G1 F1500 X231.9 Y226.9 E2272.02301
G1 X231.9 Y213.1 E2272.2984
G1 X231.1 Y213.1 E2272.31437
G1 X231.1 Y226.9 E2272.58976
G0 F9000 X230.7 Y227.3
;TYPE:WALL-OUTER
G1 F1500 X232.3 Y227.3 E2272.62169
G1 X232.3 Y212.7 E2272.91305
G1 X230.7 Y212.7 E2272.94498
G1 X230.7 Y227.3 E2273.23634
G1 F2700 E2268.23634
G0 F9000 X230.98 Y227.02
G0 X232.07 Y226.475
G0 X233.165 Y226.475
G0 X234.335 Y226.475
G0 X235.43 Y226.475
G0 X236.025 Y226.475
;TYPE:WALL-INNER
G1 F2700 E2273.23634
G1 F1333.3 X236.475 Y226.475 E2273.24644
G1 X236.475 Y213.525 E2273.53718
G1 X236.025 Y213.525 E2273.54728
G1 X236.025 Y226.475 E2273.83801
G0 F9000 X235.6 Y226.9
G1 F1500 X236.9 Y226.9 E2273.86396
G1 X236.9 Y213.1 E2274.13935
G1 X235.6 Y213.1 E2274.16529
G1 X235.6 Y226.9 E2274.44069
G0 F9000 X235.2 Y227.3
;TYPE:WALL-OUTER
G1 F1500 X237.3 Y227.3 E2274.4826
G1 X237.3 Y212.7 E2274.77395
G1 X235.2 Y212.7 E2274.81586
G1 X235.2 Y227.3 E2275.10722
G0 F9000 X236.092 Y226.29
G1 F2700 E2270.10722
;MESH:NONMESH
G0 F300 X236.092 Y226.29 Z6
G0 F9000 X235.43 Y213.5
G0 X234.335 Y213.5
G0 X233.153 Y211.847
G0 X129.347 Y211.847
G0 X128.165 Y213.5
G0 X127.07 Y213.5
G0 X126.5 Y213.5
;TIME_ELAPSED:5560.495168
;LAYER:49
;TYPE:WALL-INNER
;MESH:BusConnAssyAid.stl
G1 F2700 E2275.10722
G1 F1500 X126.5 Y226.5 E2275.36665
G0 F9000 X126.1 Y226.9
G1 F1500 X126.9 Y226.9 E2275.38261
G1 X126.9 Y213.1 E2275.65801
G1 X126.1 Y213.1 E2275.67397
G1 X126.1 Y226.9 E2275.94937
G0 F9000 X125.7 Y227.3
;TYPE:WALL-OUTER
G1 F1500 X127.3 Y227.3 E2275.9813
G1 X127.3 Y212.7 E2276.27266
G1 X125.7 Y212.7 E2276.30459
G1 X125.7 Y227.3 E2276.59594
G1 F2700 E2271.59594
G0 F9000 X125.98 Y227.02
G0 X127.07 Y226.5
G0 X128.165 Y226.5
G0 X129.335 Y226.5
G0 X130.43 Y226.5
G0 X131 Y226.5
;TYPE:WALL-INNER
G1 F2700 E2276.59594
G1 F1500 X131 Y213.5 E2276.85537
G0 F9000 X130.88 Y226.62
G0 X130.6 Y226.9
G1 F1500 X131.4 Y226.9 E2276.87134
G1 X131.4 Y213.1 E2277.14673
G1 X130.6 Y213.1 E2277.1627
G1 X130.6 Y226.9 E2277.43809
G0 F9000 X130.2 Y227.3
;TYPE:WALL-OUTER
G1 F1500 X131.8 Y227.3 E2277.47002
G1 X131.8 Y212.7 E2277.76138
G1 X130.2 Y212.7 E2277.79331
G1 X130.2 Y227.3 E2278.08467
G1 F2700 E2273.08467
G0 F9000 X130.48 Y227.02
G0 X131.57 Y226.5
G0 X132.665 Y226.5
G0 X139.835 Y226.5
G0 X140.93 Y226.5
G0 X141.5 Y226.5
;TYPE:WALL-INNER
G1 F2700 E2278.08467
G1 F1500 X141.5 Y213.5 E2278.3441
G0 F9000 X141.38 Y226.62
G0 X141.1 Y226.9
G1 F1500 X141.9 Y226.9 E2278.36006
G1 X141.9 Y213.1 E2278.63546
G1 X141.1 Y213.1 E2278.65142
G1 X141.1 Y226.9 E2278.92681
G0 F9000 X140.7 Y227.3
;TYPE:WALL-OUTER
G1 F1500 X142.3 Y227.3 E2278.95874
G1 X142.3 Y212.7 E2279.2501
G1 X140.7 Y212.7 E2279.28203
G1 X140.7 Y227.3 E2279.57339
G1 F2700 E2274.57339
G0 F9000 X140.98 Y227.02
G0 X142.07 Y226.5
G0 X143.165 Y226.5
G0 X144.335 Y226.5
G0 X145.43 Y226.5
G0 X146 Y226.5
;TYPE:WALL-INNER
G1 F2700 E2279.57339
G1 F1500 X146 Y213.5 E2279.83282
G0 F9000 X145.88 Y226.62
G0 X145.6 Y226.9
G1 F1500 X146.4 Y226.9 E2279.84879
G1 X146.4 Y213.1 E2280.12418
G1 X145.6 Y213.1 E2280.14014
G1 X145.6 Y226.9 E2280.41554
G0 F9000 X145.2 Y227.3
;TYPE:WALL-OUTER
G1 F1500 X146.8 Y227.3 E2280.44747
G1 X146.8 Y212.7 E2280.73883
G1 X145.2 Y212.7 E2280.77076
G1 X145.2 Y227.3 E2281.06212
G1 F2700 E2276.06212
G0 F9000 X145.48 Y227.02
G0 X146.57 Y226.5
G0 X147.665 Y226.5
G0 X154.835 Y226.5
G0 X155.93 Y226.5
G0 X156.5 Y226.5
;TYPE:WALL-INNER
G1 F2700 E2281.06212
G1 F1500 X156.5 Y213.5 E2281.32154
G0 F9000 X156.38 Y226.62
G0 X156.1 Y226.9
G1 F1500 X156.9 Y226.9 E2281.33751
G1 X156.9 Y213.1 E2281.6129
G1 X156.1 Y213.1 E2281.62887
G1 X156.1 Y226.9 E2281.90426
G0 F9000 X155.7 Y227.3
;TYPE:WALL-OUTER
G1 F1500 X157.3 Y227.3 E2281.93619
G1 X157.3 Y212.7 E2282.22755
G1 X155.7 Y212.7 E2282.25948
G1 X155.7 Y227.3 E2282.55084
G1 F2700 E2277.55084
G0 F9000 X155.98 Y227.02
G0 X157.07 Y226.5
G0 X158.165 Y226.5
G0 X159.335 Y226.5
G0 X160.43 Y226.5
G0 X161 Y226.5
;TYPE:WALL-INNER
G1 F2700 E2282.55084
G1 F1500 X161 Y213.5 E2282.81027
G0 F9000 X160.88 Y226.62
G0 X160.6 Y226.9
G1 F1500 X161.4 Y226.9 E2282.82623
G1 X161.4 Y213.1 E2283.10163
G1 X160.6 Y213.1 E2283.11759
G1 X160.6 Y226.9 E2283.39299
G0 F9000 X160.2 Y227.3
;TYPE:WALL-OUTER
G1 F1500 X161.8 Y227.3 E2283.42492
G1 X161.8 Y212.7 E2283.71627
G1 X160.2 Y212.7 E2283.7482
G1 X160.2 Y227.3 E2284.03956
G1 F2700 E2279.03956
G0 F9000 X160.48 Y227.02
G0 X161.57 Y226.5
G0 X162.665 Y226.5
G0 X169.835 Y226.5
G0 X170.93 Y226.5
G0 X171.5 Y226.5
;TYPE:WALL-INNER
G1 F2700 E2284.03956
G1 F1500 X171.5 Y213.5 E2284.29899
G0 F9000 X171.38 Y226.62
G0 X171.1 Y226.9
G1 F1500 X171.9 Y226.9 E2284.31496
G1 X171.9 Y213.1 E2284.59035
G1 X171.1 Y213.1 E2284.60632
G1 X171.1 Y226.9 E2284.88171
G0 F9000 X170.7 Y227.3
;TYPE:WALL-OUTER
G1 F1500 X172.3 Y227.3 E2284.91364
G1 X172.3 Y212.7 E2285.205
G1 X170.7 Y212.7 E2285.23693
G1 X170.7 Y227.3 E2285.52829
G1 F2700 E2280.52829
G0 F9000 X170.98 Y227.02
G0 X172.07 Y226.5
G0 X173.165 Y226.5
G0 X174.335 Y226.5
G0 X175.43 Y226.5
G0 X176 Y226.5
;TYPE:WALL-INNER
G1 F2700 E2285.52829
G1 F1500 X176 Y213.5 E2285.78772
G0 F9000 X175.88 Y226.62
G0 X175.6 Y226.9
G1 F1500 X176.4 Y226.9 E2285.80368
G1 X176.4 Y213.1 E2286.07907
G1 X175.6 Y213.1 E2286.09504
G1 X175.6 Y226.9 E2286.37043
G0 F9000 X175.2 Y227.3
;TYPE:WALL-OUTER
G1 F1500 X176.8 Y227.3 E2286.40236
G1 X176.8 Y212.7 E2286.69372
G1 X175.2 Y212.7 E2286.72565
G1 X175.2 Y227.3 E2287.01701
G1 F2700 E2282.01701
G0 F9000 X175.48 Y227.02
G0 X176.57 Y226.5
G0 X177.665 Y226.5
G0 X184.835 Y226.5
G0 X185.93 Y226.5
G0 X186.5 Y226.5
;TYPE:WALL-INNER
G1 F2700 E2287.01701
G1 F1500 X186.5 Y213.5 E2287.27644
G0 F9000 X186.38 Y226.62
G0 X186.1 Y226.9
G1 F1500 X186.9 Y226.9 E2287.2924
G1 X186.9 Y213.1 E2287.5678
G1 X186.1 Y213.1 E2287.58376
G1 X186.1 Y226.9 E2287.85916
G0 F9000 X185.7 Y227.3
;TYPE:WALL-OUTER
G1 F1500 X187.3 Y227.3 E2287.89109
G1 X187.3 Y212.7 E2288.18244
G1 X185.7 Y212.7 E2288.21437
G1 X185.7 Y227.3 E2288.50573
G1 F2700 E2283.50573
G0 F9000 X185.98 Y227.02
G0 X187.07 Y226.5
G0 X188.165 Y226.5
G0 X189.335 Y226.5
G0 X190.43 Y226.5
G0 X191 Y226.5
;TYPE:WALL-INNER
G1 F2700 E2288.50573
G1 F1500 X191 Y213.5 E2288.76516
G0 F9000 X190.88 Y226.62
G0 X190.6 Y226.9
G1 F1500 X191.4 Y226.9 E2288.78113
G1 X191.4 Y213.1 E2289.05652
G1 X190.6 Y213.1 E2289.07249
G1 X190.6 Y226.9 E2289.34788
G0 F9000 X190.2 Y227.3
;TYPE:WALL-OUTER
G1 F1500 X191.8 Y227.3 E2289.37981
G1 X191.8 Y212.7 E2289.67117
G1 X190.2 Y212.7 E2289.7031
G1 X190.2 Y227.3 E2289.99446
G1 F2700 E2284.99446
G0 F9000 X190.48 Y227.02
G0 X191.57 Y226.5
G0 X192.665 Y226.5
G0 X199.835 Y226.5
G0 X200.93 Y226.5
G0 X201.5 Y226.5
;TYPE:WALL-INNER
G1 F2700 E2289.99446
G1 F1500 X201.5 Y213.5 E2290.25389
G0 F9000 X201.38 Y226.62
G0 X201.1 Y226.9
G1 F1500 X201.9 Y226.9 E2290.26985
G1 X201.9 Y213.1 E2290.54524
G1 X201.1 Y213.1 E2290.56121
G1 X201.1 Y226.9 E2290.8366
G0 F9000 X200.7 Y227.3
;TYPE:WALL-OUTER
G1 F1500 X202.3 Y227.3 E2290.86853
G1 X202.3 Y212.7 E2291.15989
G1 X200.7 Y212.7 E2291.19182
G1 X200.7 Y227.3 E2291.48318
G1 F2700 E2286.48318
G0 F9000 X200.98 Y227.02
G0 X202.07 Y226.5
G0 X203.165 Y226.5
G0 X204.335 Y226.5
G0 X205.43 Y226.5
G0 X206 Y226.5
;TYPE:WALL-INNER
G1 F2700 E2291.48318
G1 F1500 X206 Y213.5 E2291.74261
G0 F9000 X205.88 Y226.62
G0 X205.6 Y226.9
G1 F1500 X206.4 Y226.9 E2291.75857
G1 X206.4 Y213.1 E2292.03397
G1 X205.6 Y213.1 E2292.04993
G1 X205.6 Y226.9 E2292.32533
G0 F9000 X205.2 Y227.3
;TYPE:WALL-OUTER
G1 F1500 X206.8 Y227.3 E2292.35726
G1 X206.8 Y212.7 E2292.64862
G1 X205.2 Y212.7 E2292.68055
G1 X205.2 Y227.3 E2292.9719
G1 F2700 E2287.9719
G0 F9000 X205.48 Y227.02
G0 X206.57 Y226.5
G0 X207.665 Y226.5
G0 X214.835 Y226.5
G0 X215.93 Y226.5
G0 X216.5 Y226.5
;TYPE:WALL-INNER
G1 F2700 E2292.9719
G1 F1500 X216.5 Y213.5 E2293.23133
G0 F9000 X216.38 Y226.62
G0 X216.1 Y226.9
G1 F1500 X216.9 Y226.9 E2293.2473
G1 X216.9 Y213.1 E2293.52269
G1 X216.1 Y213.1 E2293.53866
G1 X216.1 Y226.9 E2293.81405
G0 F9000 X215.7 Y227.3
;TYPE:WALL-OUTER
G1 F1500 X217.3 Y227.3 E2293.84598
G1 X217.3 Y212.7 E2294.13734
G1 X215.7 Y212.7 E2294.16927
G1 X215.7 Y227.3 E2294.46063
G1 F2700 E2289.46063
G0 F9000 X215.98 Y227.02
G0 X217.07 Y226.5
G0 X218.165 Y226.5
G0 X219.335 Y226.5
G0 X220.43 Y226.5
G0 X221 Y226.5
;TYPE:WALL-INNER
G1 F2700 E2294.46063
G1 F1500 X221 Y213.5 E2294.72006
G0 F9000 X220.88 Y226.62
G0 X220.6 Y226.9
G1 F1500 X221.4 Y226.9 E2294.73602
G1 X221.4 Y213.1 E2295.01142
G1 X220.6 Y213.1 E2295.02738
G1 X220.6 Y226.9 E2295.30277
G0 F9000 X220.2 Y227.3
;TYPE:WALL-OUTER
G1 F1500 X221.8 Y227.3 E2295.3347
G1 X221.8 Y212.7 E2295.62606
G1 X220.2 Y212.7 E2295.65799
G1 X220.2 Y227.3 E2295.94935
G1 F2700 E2290.94935
G0 F9000 X220.48 Y227.02
G0 X221.57 Y226.5
G0 X222.665 Y226.5
G0 X229.835 Y226.5
G0 X230.93 Y226.5
G0 X231.5 Y226.5
;TYPE:WALL-INNER
G1 F2700 E2295.94935
G1 F1500 X231.5 Y213.5 E2296.20878
G0 F9000 X231.38 Y226.62
G0 X231.1 Y226.9
G1 F1500 X231.9 Y226.9 E2296.22475
G1 X231.9 Y213.1 E2296.50014
G1 X231.1 Y213.1 E2296.5161
G1 X231.1 Y226.9 E2296.7915
G0 F9000 X230.7 Y227.3
;TYPE:WALL-OUTER
G1 F1500 X232.3 Y227.3 E2296.82343
G1 X232.3 Y212.7 E2297.11479
G1 X230.7 Y212.7 E2297.14672
G1 X230.7 Y227.3 E2297.43808
G1 F2700 E2292.43808
G0 F9000 X230.98 Y227.02
G0 X232.07 Y226.475
G0 X233.165 Y226.475
G0 X234.335 Y226.475
G0 X235.43 Y226.475
G0 X236.025 Y226.475
;TYPE:WALL-INNER
G1 F2700 E2297.43808
G1 F1333.3 X236.475 Y226.475 E2297.44818
G1 X236.475 Y213.525 E2297.73891
G1 X236.025 Y213.525 E2297.74902
G1 X236.025 Y226.475 E2298.03975
G0 F9000 X235.6 Y226.9
G1 F1500 X236.9 Y226.9 E2298.06569
G1 X236.9 Y213.1 E2298.34109
G1 X235.6 Y213.1 E2298.36703
G1 X235.6 Y226.9 E2298.64242
G0 F9000 X235.2 Y227.3
;TYPE:WALL-OUTER
G1 F1500 X237.3 Y227.3 E2298.68433
G1 X237.3 Y212.7 E2298.97569
G1 X235.2 Y212.7 E2299.0176
G1 X235.2 Y227.3 E2299.30896
G0 F9000 X236.092 Y226.29
G1 F2700 E2294.30896
;MESH:NONMESH
G0 F300 X236.092 Y226.29 Z6.12
G0 F9000 X235.43 Y213.5
G0 X234.335 Y213.5
G0 X233.153 Y211.847
G0 X129.347 Y211.847
G0 X128.165 Y213.5
G0 X127.07 Y213.5
G0 X126.5 Y213.5
;TIME_ELAPSED:5629.785402
;LAYER:50
;TYPE:WALL-INNER
;MESH:BusConnAssyAid.stl
G1 F2700 E2299.30896
G1 F1500 X126.5 Y226.5 E2299.56839
G0 F9000 X126.1 Y226.9
G1 F1500 X126.9 Y226.9 E2299.58435
G1 X126.9 Y213.1 E2299.85975
G1 X126.1 Y213.1 E2299.87571
G1 X126.1 Y226.9 E2300.1511
G0 F9000 X125.7 Y227.3
;TYPE:WALL-OUTER
G1 F1500 X127.3 Y227.3 E2300.18303
G1 X127.3 Y212.7 E2300.47439
G1 X125.7 Y212.7 E2300.50632
G1 X125.7 Y227.3 E2300.79768
G1 F2700 E2295.79768
G0 F9000 X125.98 Y227.02
G0 X127.07 Y226.5
G0 X128.165 Y226.5
G0 X129.335 Y226.5
G0 X130.43 Y226.5
G0 X131 Y226.5
;TYPE:WALL-INNER
G1 F2700 E2300.79768
G1 F1500 X131 Y213.5 E2301.05711
G0 F9000 X130.88 Y226.62
G0 X130.6 Y226.9
G1 F1500 X131.4 Y226.9 E2301.07308
G1 X131.4 Y213.1 E2301.34847
G1 X130.6 Y213.1 E2301.36443
G1 X130.6 Y226.9 E2301.63983
G0 F9000 X130.2 Y227.3
;TYPE:WALL-OUTER
G1 F1500 X131.8 Y227.3 E2301.67176
G1 X131.8 Y212.7 E2301.96312
G1 X130.2 Y212.7 E2301.99505
G1 X130.2 Y227.3 E2302.28641
G1 F2700 E2297.28641
G0 F9000 X130.48 Y227.02
G0 X131.57 Y226.5
G0 X132.665 Y226.5
G0 X139.835 Y226.5
G0 X140.93 Y226.5
G0 X141.5 Y226.5
;TYPE:WALL-INNER
G1 F2700 E2302.28641
G1 F1500 X141.5 Y213.5 E2302.54583
G0 F9000 X141.38 Y226.62
G0 X141.1 Y226.9
G1 F1500 X141.9 Y226.9 E2302.5618
G1 X141.9 Y213.1 E2302.83719
G1 X141.1 Y213.1 E2302.85316
G1 X141.1 Y226.9 E2303.12855
G0 F9000 X140.7 Y227.3
;TYPE:WALL-OUTER
G1 F1500 X142.3 Y227.3 E2303.16048
G1 X142.3 Y212.7 E2303.45184
G1 X140.7 Y212.7 E2303.48377
G1 X140.7 Y227.3 E2303.77513
G1 F2700 E2298.77513
G0 F9000 X140.98 Y227.02
G0 X142.07 Y226.5
G0 X143.165 Y226.5
G0 X144.335 Y226.5
G0 X145.43 Y226.5
G0 X146 Y226.5
;TYPE:WALL-INNER
G1 F2700 E2303.77513
G1 F1500 X146 Y213.5 E2304.03456
G0 F9000 X145.88 Y226.62
G0 X145.6 Y226.9
G1 F1500 X146.4 Y226.9 E2304.05052
G1 X146.4 Y213.1 E2304.32592
G1 X145.6 Y213.1 E2304.34188
G1 X145.6 Y226.9 E2304.61728
G0 F9000 X145.2 Y227.3
;TYPE:WALL-OUTER
G1 F1500 X146.8 Y227.3 E2304.64921
G1 X146.8 Y212.7 E2304.94056
G1 X145.2 Y212.7 E2304.97249
G1 X145.2 Y227.3 E2305.26385
G1 F2700 E2300.26385
G0 F9000 X145.48 Y227.02
G0 X146.57 Y226.5
G0 X147.665 Y226.5
G0 X154.835 Y226.5
G0 X155.93 Y226.5
G0 X156.5 Y226.5
;TYPE:WALL-INNER
G1 F2700 E2305.26385
G1 F1500 X156.5 Y213.5 E2305.52328
G0 F9000 X156.38 Y226.62
G0 X156.1 Y226.9
G1 F1500 X156.9 Y226.9 E2305.53925
G1 X156.9 Y213.1 E2305.81464
G1 X156.1 Y213.1 E2305.83061
G1 X156.1 Y226.9 E2306.106
G0 F9000 X155.7 Y227.3
;TYPE:WALL-OUTER
G1 F1500 X157.3 Y227.3 E2306.13793
G1 X157.3 Y212.7 E2306.42929
G1 X155.7 Y212.7 E2306.46122
G1 X155.7 Y227.3 E2306.75258
G1 F2700 E2301.75258
G0 F9000 X155.98 Y227.02
G0 X157.07 Y226.5
G0 X158.165 Y226.5
G0 X159.335 Y226.5
G0 X160.43 Y226.5
G0 X161 Y226.5
;TYPE:WALL-INNER
G1 F2700 E2306.75258
G1 F1500 X161 Y213.5 E2307.01201
G0 F9000 X160.88 Y226.62
G0 X160.6 Y226.9
G1 F1500 X161.4 Y226.9 E2307.02797
G1 X161.4 Y213.1 E2307.30336
G1 X160.6 Y213.1 E2307.31933
G1 X160.6 Y226.9 E2307.59472
G0 F9000 X160.2 Y227.3
;TYPE:WALL-OUTER
G1 F1500 X161.8 Y227.3 E2307.62665
G1 X161.8 Y212.7 E2307.91801
G1 X160.2 Y212.7 E2307.94994
G1 X160.2 Y227.3 E2308.2413
G1 F2700 E2303.2413
G0 F9000 X160.48 Y227.02
G0 X161.57 Y226.5
G0 X162.665 Y226.5
G0 X169.835 Y226.5
G0 X170.93 Y226.5
G0 X171.5 Y226.5
;TYPE:WALL-INNER
G1 F2700 E2308.2413
G1 F1500 X171.5 Y213.5 E2308.50073
G0 F9000 X171.38 Y226.62
G0 X171.1 Y226.9
G1 F1500 X171.9 Y226.9 E2308.51669
G1 X171.9 Y213.1 E2308.79209
G1 X171.1 Y213.1 E2308.80805
G1 X171.1 Y226.9 E2309.08345
G0 F9000 X170.7 Y227.3
;TYPE:WALL-OUTER
G1 F1500 X172.3 Y227.3 E2309.11538
G1 X172.3 Y212.7 E2309.40673
G1 X170.7 Y212.7 E2309.43866
G1 X170.7 Y227.3 E2309.73002
G1 F2700 E2304.73002
G0 F9000 X170.98 Y227.02
G0 X172.07 Y226.5
G0 X173.165 Y226.5
G0 X174.335 Y226.5
G0 X175.43 Y226.5
G0 X176 Y226.5
;TYPE:WALL-INNER
G1 F2700 E2309.73002
G1 F1500 X176 Y213.5 E2309.98945
G0 F9000 X175.88 Y226.62
G0 X175.6 Y226.9
G1 F1500 X176.4 Y226.9 E2310.00542
G1 X176.4 Y213.1 E2310.28081
G1 X175.6 Y213.1 E2310.29678
G1 X175.6 Y226.9 E2310.57217
G0 F9000 X175.2 Y227.3
;TYPE:WALL-OUTER
G1 F1500 X176.8 Y227.3 E2310.6041
G1 X176.8 Y212.7 E2310.89546
G1 X175.2 Y212.7 E2310.92739
G1 X175.2 Y227.3 E2311.21875
G1 F2700 E2306.21875
G0 F9000 X175.48 Y227.02
G0 X176.57 Y226.5
G0 X177.665 Y226.5
G0 X184.835 Y226.5
G0 X185.93 Y226.5
G0 X186.5 Y226.5
;TYPE:WALL-INNER
G1 F2700 E2311.21875
G1 F1500 X186.5 Y213.5 E2311.47818
G0 F9000 X186.38 Y226.62
G0 X186.1 Y226.9
G1 F1500 X186.9 Y226.9 E2311.49414
G1 X186.9 Y213.1 E2311.76953
G1 X186.1 Y213.1 E2311.7855
G1 X186.1 Y226.9 E2312.06089
G0 F9000 X185.7 Y227.3
;TYPE:WALL-OUTER
G1 F1500 X187.3 Y227.3 E2312.09282
G1 X187.3 Y212.7 E2312.38418
G1 X185.7 Y212.7 E2312.41611
G1 X185.7 Y227.3 E2312.70747
G1 F2700 E2307.70747
G0 F9000 X185.98 Y227.02
G0 X187.07 Y226.5
G0 X188.165 Y226.5
G0 X189.335 Y226.5
G0 X190.43 Y226.5
G0 X191 Y226.5
;TYPE:WALL-INNER
G1 F2700 E2312.70747
G1 F1500 X191 Y213.5 E2312.9669
G0 F9000 X190.88 Y226.62
G0 X190.6 Y226.9
G1 F1500 X191.4 Y226.9 E2312.98286
G1 X191.4 Y213.1 E2313.25826
G1 X190.6 Y213.1 E2313.27422
G1 X190.6 Y226.9 E2313.54962
G0 F9000 X190.2 Y227.3
;TYPE:WALL-OUTER
G1 F1500 X191.8 Y227.3 E2313.58155
G1 X191.8 Y212.7 E2313.87291
G1 X190.2 Y212.7 E2313.90484
G1 X190.2 Y227.3 E2314.19619
G1 F2700 E2309.19619
G0 F9000 X190.48 Y227.02
G0 X191.57 Y226.5
G0 X192.665 Y226.5
G0 X199.835 Y226.5
G0 X200.93 Y226.5
G0 X201.5 Y226.5
;TYPE:WALL-INNER
G1 F2700 E2314.19619
G1 F1500 X201.5 Y213.5 E2314.45562
G0 F9000 X201.38 Y226.62
G0 X201.1 Y226.9
G1 F1500 X201.9 Y226.9 E2314.47159
G1 X201.9 Y213.1 E2314.74698
G1 X201.1 Y213.1 E2314.76295
G1 X201.1 Y226.9 E2315.03834
G0 F9000 X200.7 Y227.3
;TYPE:WALL-OUTER
G1 F1500 X202.3 Y227.3 E2315.07027
G1 X202.3 Y212.7 E2315.36163
G1 X200.7 Y212.7 E2315.39356
G1 X200.7 Y227.3 E2315.68492
G1 F2700 E2310.68492
G0 F9000 X200.98 Y227.02
G0 X202.07 Y226.5
G0 X203.165 Y226.5
G0 X204.335 Y226.5
G0 X205.43 Y226.5
G0 X206 Y226.5
;TYPE:WALL-INNER
G1 F2700 E2315.68492
G1 F1500 X206 Y213.5 E2315.94435
G0 F9000 X205.88 Y226.62
G0 X205.6 Y226.9
G1 F1500 X206.4 Y226.9 E2315.96031
G1 X206.4 Y213.1 E2316.23571
G1 X205.6 Y213.1 E2316.25167
G1 X205.6 Y226.9 E2316.52706
G0 F9000 X205.2 Y227.3
;TYPE:WALL-OUTER
G1 F1500 X206.8 Y227.3 E2316.55899
G1 X206.8 Y212.7 E2316.85035
G1 X205.2 Y212.7 E2316.88228
G1 X205.2 Y227.3 E2317.17364
G1 F2700 E2312.17364
G0 F9000 X205.48 Y227.02
G0 X206.57 Y226.5
G0 X207.665 Y226.5
G0 X214.835 Y226.5
G0 X215.93 Y226.5
G0 X216.5 Y226.5
;TYPE:WALL-INNER
G1 F2700 E2317.17364
G1 F1500 X216.5 Y213.5 E2317.43307
G0 F9000 X216.38 Y226.62
G0 X216.1 Y226.9
G1 F1500 X216.9 Y226.9 E2317.44904
G1 X216.9 Y213.1 E2317.72443
G1 X216.1 Y213.1 E2317.74039
G1 X216.1 Y226.9 E2318.01579
G0 F9000 X215.7 Y227.3
;TYPE:WALL-OUTER
G1 F1500 X217.3 Y227.3 E2318.04772
G1 X217.3 Y212.7 E2318.33908
G1 X215.7 Y212.7 E2318.37101
G1 X215.7 Y227.3 E2318.66237
G1 F2700 E2313.66237
G0 F9000 X215.98 Y227.02
G0 X217.07 Y226.5
G0 X218.165 Y226.5
G0 X219.335 Y226.5
G0 X220.43 Y226.5
G0 X221 Y226.5
;TYPE:WALL-INNER
G1 F2700 E2318.66237
G1 F1500 X221 Y213.5 E2318.92179
G0 F9000 X220.88 Y226.62
G0 X220.6 Y226.9
G1 F1500 X221.4 Y226.9 E2318.93776
G1 X221.4 Y213.1 E2319.21315
G1 X220.6 Y213.1 E2319.22912
G1 X220.6 Y226.9 E2319.50451
G0 F9000 X220.2 Y227.3
;TYPE:WALL-OUTER
G1 F1500 X221.8 Y227.3 E2319.53644
G1 X221.8 Y212.7 E2319.8278
G1 X220.2 Y212.7 E2319.85973
G1 X220.2 Y227.3 E2320.15109
G1 F2700 E2315.15109
G0 F9000 X220.48 Y227.02
G0 X221.57 Y226.5
G0 X222.665 Y226.5
G0 X229.835 Y226.5
G0 X230.93 Y226.5
G0 X231.5 Y226.5
;TYPE:WALL-INNER
G1 F2700 E2320.15109
G1 F1500 X231.5 Y213.5 E2320.41052
G0 F9000 X231.38 Y226.62
G0 X231.1 Y226.9
G1 F1500 X231.9 Y226.9 E2320.42648
G1 X231.9 Y213.1 E2320.70188
G1 X231.1 Y213.1 E2320.71784
G1 X231.1 Y226.9 E2320.99324
G0 F9000 X230.7 Y227.3
;TYPE:WALL-OUTER
G1 F1500 X232.3 Y227.3 E2321.02517
G1 X232.3 Y212.7 E2321.31652
G1 X230.7 Y212.7 E2321.34845
G1 X230.7 Y227.3 E2321.63981
G1 F2700 E2316.63981
G0 F9000 X230.98 Y227.02
G0 X232.07 Y226.475
G0 X233.165 Y226.475
G0 X234.335 Y226.475
G0 X235.43 Y226.475
G0 X236.025 Y226.475
;TYPE:WALL-INNER
G1 F2700 E2321.63981
G1 F1333.3 X236.475 Y226.475 E2321.64992
G1 X236.475 Y213.525 E2321.94065
G1 X236.025 Y213.525 E2321.95075
G1 X236.025 Y226.475 E2322.24149
G0 F9000 X235.6 Y226.9
G1 F1500 X236.9 Y226.9 E2322.26743
G1 X236.9 Y213.1 E2322.54283
G1 X235.6 Y213.1 E2322.56877
G1 X235.6 Y226.9 E2322.84416
G0 F9000 X235.2 Y227.3
;TYPE:WALL-OUTER
G1 F1500 X237.3 Y227.3 E2322.88607
G1 X237.3 Y212.7 E2323.17743
G1 X235.2 Y212.7 E2323.21934
G1 X235.2 Y227.3 E2323.5107
G0 F9000 X236.092 Y226.29
G1 F2700 E2318.5107
;MESH:NONMESH
G0 F300 X236.092 Y226.29 Z6.24
G0 F9000 X235.43 Y213.5
G0 X234.335 Y213.5
G0 X233.153 Y211.847
G0 X129.347 Y211.847
G0 X128.165 Y213.5
G0 X127.07 Y213.5
G0 X126.5 Y213.5
;TIME_ELAPSED:5699.075636
;LAYER:51
;TYPE:WALL-INNER
;MESH:BusConnAssyAid.stl
G1 F2700 E2323.5107
G1 F1500 X126.5 Y226.5 E2323.77012
G0 F9000 X126.1 Y226.9
G1 F1500 X126.9 Y226.9 E2323.78609
G1 X126.9 Y213.1 E2324.06148
G1 X126.1 Y213.1 E2324.07745
G1 X126.1 Y226.9 E2324.35284
G0 F9000 X125.7 Y227.3
;TYPE:WALL-OUTER
G1 F1500 X127.3 Y227.3 E2324.38477
G1 X127.3 Y212.7 E2324.67613
G1 X125.7 Y212.7 E2324.70806
G1 X125.7 Y227.3 E2324.99942
G1 F2700 E2319.99942
G0 F9000 X125.98 Y227.02
G0 X127.07 Y226.5
G0 X128.165 Y226.5
G0 X129.335 Y226.5
G0 X130.43 Y226.5
G0 X131 Y226.5
;TYPE:WALL-INNER
G1 F2700 E2324.99942
G1 F1500 X131 Y213.5 E2325.25885
G0 F9000 X130.88 Y226.62
G0 X130.6 Y226.9
G1 F1500 X131.4 Y226.9 E2325.27481
G1 X131.4 Y213.1 E2325.55021
G1 X130.6 Y213.1 E2325.56617
G1 X130.6 Y226.9 E2325.84157
G0 F9000 X130.2 Y227.3
;TYPE:WALL-OUTER
G1 F1500 X131.8 Y227.3 E2325.8735
G1 X131.8 Y212.7 E2326.16485
G1 X130.2 Y212.7 E2326.19678
G1 X130.2 Y227.3 E2326.48814
G1 F2700 E2321.48814
G0 F9000 X130.48 Y227.02
G0 X131.57 Y226.5
G0 X132.665 Y226.5
G0 X139.835 Y226.5
G0 X140.93 Y226.5
G0 X141.5 Y226.5
;TYPE:WALL-INNER
G1 F2700 E2326.48814
G1 F1500 X141.5 Y213.5 E2326.74757
G0 F9000 X141.38 Y226.62
G0 X141.1 Y226.9
G1 F1500 X141.9 Y226.9 E2326.76354
G1 X141.9 Y213.1 E2327.03893
G1 X141.1 Y213.1 E2327.0549
G1 X141.1 Y226.9 E2327.33029
G0 F9000 X140.7 Y227.3
;TYPE:WALL-OUTER
G1 F1500 X142.3 Y227.3 E2327.36222
G1 X142.3 Y212.7 E2327.65358
G1 X140.7 Y212.7 E2327.68551
G1 X140.7 Y227.3 E2327.97687
G1 F2700 E2322.97687
G0 F9000 X140.98 Y227.02
G0 X142.07 Y226.5
G0 X143.165 Y226.5
G0 X144.335 Y226.5
G0 X145.43 Y226.5
G0 X146 Y226.5
;TYPE:WALL-INNER
G1 F2700 E2327.97687
G1 F1500 X146 Y213.5 E2328.2363
G0 F9000 X145.88 Y226.62
G0 X145.6 Y226.9
G1 F1500 X146.4 Y226.9 E2328.25226
G1 X146.4 Y213.1 E2328.52765
G1 X145.6 Y213.1 E2328.54362
G1 X145.6 Y226.9 E2328.81901
G0 F9000 X145.2 Y227.3
;TYPE:WALL-OUTER
G1 F1500 X146.8 Y227.3 E2328.85094
G1 X146.8 Y212.7 E2329.1423
G1 X145.2 Y212.7 E2329.17423
G1 X145.2 Y227.3 E2329.46559
G1 F2700 E2324.46559
G0 F9000 X145.48 Y227.02
G0 X146.57 Y226.5
G0 X147.665 Y226.5
G0 X154.835 Y226.5
G0 X155.93 Y226.5
G0 X156.5 Y226.5
;TYPE:WALL-INNER
G1 F2700 E2329.46559
G1 F1500 X156.5 Y213.5 E2329.72502
G0 F9000 X156.38 Y226.62
G0 X156.1 Y226.9
G1 F1500 X156.9 Y226.9 E2329.74098
G1 X156.9 Y213.1 E2330.01638
G1 X156.1 Y213.1 E2330.03234
G1 X156.1 Y226.9 E2330.30774
G0 F9000 X155.7 Y227.3
;TYPE:WALL-OUTER
G1 F1500 X157.3 Y227.3 E2330.33967
G1 X157.3 Y212.7 E2330.63102
G1 X155.7 Y212.7 E2330.66295
G1 X155.7 Y227.3 E2330.95431
G1 F2700 E2325.95431
G0 F9000 X155.98 Y227.02
G0 X157.07 Y226.5
G0 X158.165 Y226.5
G0 X159.335 Y226.5
G0 X160.43 Y226.5
G0 X161 Y226.5
;TYPE:WALL-INNER
G1 F2700 E2330.95431
G1 F1500 X161 Y213.5 E2331.21374
G0 F9000 X160.88 Y226.62
G0 X160.6 Y226.9
G1 F1500 X161.4 Y226.9 E2331.22971
G1 X161.4 Y213.1 E2331.5051
G1 X160.6 Y213.1 E2331.52107
G1 X160.6 Y226.9 E2331.79646
G0 F9000 X160.2 Y227.3
;TYPE:WALL-OUTER
G1 F1500 X161.8 Y227.3 E2331.82839
G1 X161.8 Y212.7 E2332.11975
G1 X160.2 Y212.7 E2332.15168
G1 X160.2 Y227.3 E2332.44304
G1 F2700 E2327.44304
G0 F9000 X160.48 Y227.02
G0 X161.57 Y226.5
G0 X162.665 Y226.5
G0 X169.835 Y226.5
G0 X170.93 Y226.5
G0 X171.5 Y226.5
;TYPE:WALL-INNER
G1 F2700 E2332.44304
G1 F1500 X171.5 Y213.5 E2332.70247
G0 F9000 X171.38 Y226.62
G0 X171.1 Y226.9
G1 F1500 X171.9 Y226.9 E2332.71843
G1 X171.9 Y213.1 E2332.99382
G1 X171.1 Y213.1 E2333.00979
G1 X171.1 Y226.9 E2333.28518
G0 F9000 X170.7 Y227.3
;TYPE:WALL-OUTER
G1 F1500 X172.3 Y227.3 E2333.31711
G1 X172.3 Y212.7 E2333.60847
G1 X170.7 Y212.7 E2333.6404
G1 X170.7 Y227.3 E2333.93176
G1 F2700 E2328.93176
G0 F9000 X170.98 Y227.02
G0 X172.07 Y226.5
G0 X173.165 Y226.5
G0 X174.335 Y226.5
G0 X175.43 Y226.5
G0 X176 Y226.5
;TYPE:WALL-INNER
G1 F2700 E2333.93176
G1 F1500 X176 Y213.5 E2334.19119
G0 F9000 X175.88 Y226.62
G0 X175.6 Y226.9
G1 F1500 X176.4 Y226.9 E2334.20715
G1 X176.4 Y213.1 E2334.48255
G1 X175.6 Y213.1 E2334.49851
G1 X175.6 Y226.9 E2334.77391
G0 F9000 X175.2 Y227.3
;TYPE:WALL-OUTER
G1 F1500 X176.8 Y227.3 E2334.80584
G1 X176.8 Y212.7 E2335.0972
G1 X175.2 Y212.7 E2335.12913
G1 X175.2 Y227.3 E2335.42048
G1 F2700 E2330.42048
G0 F9000 X175.48 Y227.02
G0 X176.57 Y226.5
G0 X177.665 Y226.5
G0 X184.835 Y226.5
G0 X185.93 Y226.5
G0 X186.5 Y226.5
;TYPE:WALL-INNER
G1 F2700 E2335.42048
G1 F1500 X186.5 Y213.5 E2335.67991
G0 F9000 X186.38 Y226.62
G0 X186.1 Y226.9
G1 F1500 X186.9 Y226.9 E2335.69588
G1 X186.9 Y213.1 E2335.97127
G1 X186.1 Y213.1 E2335.98724
G1 X186.1 Y226.9 E2336.26263
G0 F9000 X185.7 Y227.3
;TYPE:WALL-OUTER
G1 F1500 X187.3 Y227.3 E2336.29456
G1 X187.3 Y212.7 E2336.58592
G1 X185.7 Y212.7 E2336.61785
G1 X185.7 Y227.3 E2336.90921
G1 F2700 E2331.90921
G0 F9000 X185.98 Y227.02
G0 X187.07 Y226.5
G0 X188.165 Y226.5
G0 X189.335 Y226.5
G0 X190.43 Y226.5
G0 X191 Y226.5
;TYPE:WALL-INNER
G1 F2700 E2336.90921
G1 F1500 X191 Y213.5 E2337.16864
G0 F9000 X190.88 Y226.62
G0 X190.6 Y226.9
G1 F1500 X191.4 Y226.9 E2337.1846
G1 X191.4 Y213.1 E2337.46
G1 X190.6 Y213.1 E2337.47596
G1 X190.6 Y226.9 E2337.75135
G0 F9000 X190.2 Y227.3
;TYPE:WALL-OUTER
G1 F1500 X191.8 Y227.3 E2337.78328
G1 X191.8 Y212.7 E2338.07464
G1 X190.2 Y212.7 E2338.10657
G1 X190.2 Y227.3 E2338.39793
G1 F2700 E2333.39793
G0 F9000 X190.48 Y227.02
G0 X191.57 Y226.5
G0 X192.665 Y226.5
G0 X199.835 Y226.5
G0 X200.93 Y226.5
G0 X201.5 Y226.5
;TYPE:WALL-INNER
G1 F2700 E2338.39793
G1 F1500 X201.5 Y213.5 E2338.65736
G0 F9000 X201.38 Y226.62
G0 X201.1 Y226.9
G1 F1500 X201.9 Y226.9 E2338.67333
G1 X201.9 Y213.1 E2338.94872
G1 X201.1 Y213.1 E2338.96468
G1 X201.1 Y226.9 E2339.24008
G0 F9000 X200.7 Y227.3
;TYPE:WALL-OUTER
G1 F1500 X202.3 Y227.3 E2339.27201
G1 X202.3 Y212.7 E2339.56337
G1 X200.7 Y212.7 E2339.5953
G1 X200.7 Y227.3 E2339.88666
G1 F2700 E2334.88666
G0 F9000 X200.98 Y227.02
G0 X202.07 Y226.5
G0 X203.165 Y226.5
G0 X204.335 Y226.5
G0 X205.43 Y226.5
G0 X206 Y226.5
;TYPE:WALL-INNER
G1 F2700 E2339.88666
G1 F1500 X206 Y213.5 E2340.14608
G0 F9000 X205.88 Y226.62
G0 X205.6 Y226.9
G1 F1500 X206.4 Y226.9 E2340.16205
G1 X206.4 Y213.1 E2340.43744
G1 X205.6 Y213.1 E2340.45341
G1 X205.6 Y226.9 E2340.7288
G0 F9000 X205.2 Y227.3
;TYPE:WALL-OUTER
G1 F1500 X206.8 Y227.3 E2340.76073
G1 X206.8 Y212.7 E2341.05209
G1 X205.2 Y212.7 E2341.08402
G1 X205.2 Y227.3 E2341.37538
G1 F2700 E2336.37538
G0 F9000 X205.48 Y227.02
G0 X206.57 Y226.5
G0 X207.665 Y226.5
G0 X214.835 Y226.5
G0 X215.93 Y226.5
G0 X216.5 Y226.5
;TYPE:WALL-INNER
G1 F2700 E2341.37538
G1 F1500 X216.5 Y213.5 E2341.63481
G0 F9000 X216.38 Y226.62
G0 X216.1 Y226.9
G1 F1500 X216.9 Y226.9 E2341.65077
G1 X216.9 Y213.1 E2341.92617
G1 X216.1 Y213.1 E2341.94213
G1 X216.1 Y226.9 E2342.21753
G0 F9000 X215.7 Y227.3
;TYPE:WALL-OUTER
G1 F1500 X217.3 Y227.3 E2342.24946
G1 X217.3 Y212.7 E2342.54081
G1 X215.7 Y212.7 E2342.57274
G1 X215.7 Y227.3 E2342.8641
G1 F2700 E2337.8641
G0 F9000 X215.98 Y227.02
G0 X217.07 Y226.5
G0 X218.165 Y226.5
G0 X219.335 Y226.5
G0 X220.43 Y226.5
G0 X221 Y226.5
;TYPE:WALL-INNER
G1 F2700 E2342.8641
G1 F1500 X221 Y213.5 E2343.12353
G0 F9000 X220.88 Y226.62
G0 X220.6 Y226.9
G1 F1500 X221.4 Y226.9 E2343.1395
G1 X221.4 Y213.1 E2343.41489
G1 X220.6 Y213.1 E2343.43086
G1 X220.6 Y226.9 E2343.70625
G0 F9000 X220.2 Y227.3
;TYPE:WALL-OUTER
G1 F1500 X221.8 Y227.3 E2343.73818
G1 X221.8 Y212.7 E2344.02954
G1 X220.2 Y212.7 E2344.06147
G1 X220.2 Y227.3 E2344.35283
G1 F2700 E2339.35283
G0 F9000 X220.48 Y227.02
G0 X221.57 Y226.5
G0 X222.665 Y226.5
G0 X229.835 Y226.5
G0 X230.93 Y226.5
G0 X231.5 Y226.5
;TYPE:WALL-INNER
G1 F2700 E2344.35283
G1 F1500 X231.5 Y213.5 E2344.61226
G0 F9000 X231.38 Y226.62
G0 X231.1 Y226.9
G1 F1500 X231.9 Y226.9 E2344.62822
G1 X231.9 Y213.1 E2344.90361
G1 X231.1 Y213.1 E2344.91958
G1 X231.1 Y226.9 E2345.19497
G0 F9000 X230.7 Y227.3
;TYPE:WALL-OUTER
G1 F1500 X232.3 Y227.3 E2345.2269
G1 X232.3 Y212.7 E2345.51826
G1 X230.7 Y212.7 E2345.55019
G1 X230.7 Y227.3 E2345.84155
G1 F2700 E2340.84155
G0 F9000 X230.98 Y227.02
G0 X232.07 Y226.475
G0 X233.165 Y226.475
G0 X234.335 Y226.475
G0 X235.43 Y226.475
G0 X236.025 Y226.475
;TYPE:WALL-INNER
G1 F2700 E2345.84155
G1 F1333.3 X236.475 Y226.475 E2345.85165
G1 X236.475 Y213.525 E2346.14239
G1 X236.025 Y213.525 E2346.15249
G1 X236.025 Y226.475 E2346.44323
G0 F9000 X235.6 Y226.9
G1 F1500 X236.9 Y226.9 E2346.46917
G1 X236.9 Y213.1 E2346.74456
G1 X235.6 Y213.1 E2346.77051
G1 X235.6 Y226.9 E2347.0459
G0 F9000 X235.2 Y227.3
;TYPE:WALL-OUTER
G1 F1500 X237.3 Y227.3 E2347.08781
G1 X237.3 Y212.7 E2347.37917
G1 X235.2 Y212.7 E2347.42107
G1 X235.2 Y227.3 E2347.71243
G0 F9000 X236.092 Y226.29
G1 F2700 E2342.71243
;MESH:NONMESH
G0 F300 X236.092 Y226.29 Z6.36
G0 F9000 X235.43 Y213.5
G0 X234.335 Y213.5
G0 X233.153 Y211.847
G0 X129.347 Y211.847
G0 X128.165 Y213.5
G0 X127.07 Y213.5
G0 X126.5 Y213.5
;TIME_ELAPSED:5768.365870
;LAYER:52
;TYPE:WALL-INNER
;MESH:BusConnAssyAid.stl
G1 F2700 E2347.71243
G1 F1500 X126.5 Y226.5 E2347.97186
G0 F9000 X126.1 Y226.9
G1 F1500 X126.9 Y226.9 E2347.98783
G1 X126.9 Y213.1 E2348.26322
G1 X126.1 Y213.1 E2348.27918
G1 X126.1 Y226.9 E2348.55458
G0 F9000 X125.7 Y227.3
;TYPE:WALL-OUTER
G1 F1500 X127.3 Y227.3 E2348.58651
G1 X127.3 Y212.7 E2348.87787
G1 X125.7 Y212.7 E2348.9098
G1 X125.7 Y227.3 E2349.20116
G1 F2700 E2344.20116
G0 F9000 X125.98 Y227.02
G0 X127.07 Y226.5
G0 X128.165 Y226.5
G0 X129.335 Y226.5
G0 X130.43 Y226.5
G0 X131 Y226.5
;TYPE:WALL-INNER
G1 F2700 E2349.20116
G1 F1500 X131 Y213.5 E2349.46058
G0 F9000 X130.88 Y226.62
G0 X130.6 Y226.9
G1 F1500 X131.4 Y226.9 E2349.47655
G1 X131.4 Y213.1 E2349.75194
G1 X130.6 Y213.1 E2349.76791
G1 X130.6 Y226.9 E2350.0433
G0 F9000 X130.2 Y227.3
;TYPE:WALL-OUTER
G1 F1500 X131.8 Y227.3 E2350.07523
G1 X131.8 Y212.7 E2350.36659
G1 X130.2 Y212.7 E2350.39852
G1 X130.2 Y227.3 E2350.68988
G1 F2700 E2345.68988
G0 F9000 X130.48 Y227.02
G0 X131.57 Y226.5
G0 X132.665 Y226.5
G0 X139.835 Y226.5
G0 X140.93 Y226.5
G0 X141.5 Y226.5
;TYPE:WALL-INNER
G1 F2700 E2350.68988
G1 F1500 X141.5 Y213.5 E2350.94931
G0 F9000 X141.38 Y226.62
G0 X141.1 Y226.9
G1 F1500 X141.9 Y226.9 E2350.96527
G1 X141.9 Y213.1 E2351.24067
G1 X141.1 Y213.1 E2351.25663
G1 X141.1 Y226.9 E2351.53203
G0 F9000 X140.7 Y227.3
;TYPE:WALL-OUTER
G1 F1500 X142.3 Y227.3 E2351.56396
G1 X142.3 Y212.7 E2351.85531
G1 X140.7 Y212.7 E2351.88724
G1 X140.7 Y227.3 E2352.1786
G1 F2700 E2347.1786
G0 F9000 X140.98 Y227.02
G0 X142.07 Y226.5
G0 X143.165 Y226.5
G0 X144.335 Y226.5
G0 X145.43 Y226.5
G0 X146 Y226.5
;TYPE:WALL-INNER
G1 F2700 E2352.1786
G1 F1500 X146 Y213.5 E2352.43803
G0 F9000 X145.88 Y226.62
G0 X145.6 Y226.9
G1 F1500 X146.4 Y226.9 E2352.454
G1 X146.4 Y213.1 E2352.72939
G1 X145.6 Y213.1 E2352.74536
G1 X145.6 Y226.9 E2353.02075
G0 F9000 X145.2 Y227.3
;TYPE:WALL-OUTER
G1 F1500 X146.8 Y227.3 E2353.05268
G1 X146.8 Y212.7 E2353.34404
G1 X145.2 Y212.7 E2353.37597
G1 X145.2 Y227.3 E2353.66733
G1 F2700 E2348.66733
G0 F9000 X145.48 Y227.02
G0 X146.57 Y226.5
G0 X147.665 Y226.5
G0 X154.835 Y226.5
G0 X155.93 Y226.5
G0 X156.5 Y226.5
;TYPE:WALL-INNER
G1 F2700 E2353.66733
G1 F1500 X156.5 Y213.5 E2353.92676
G0 F9000 X156.38 Y226.62
G0 X156.1 Y226.9
G1 F1500 X156.9 Y226.9 E2353.94272
G1 X156.9 Y213.1 E2354.21811
G1 X156.1 Y213.1 E2354.23408
G1 X156.1 Y226.9 E2354.50947
G0 F9000 X155.7 Y227.3
;TYPE:WALL-OUTER
G1 F1500 X157.3 Y227.3 E2354.5414
G1 X157.3 Y212.7 E2354.83276
G1 X155.7 Y212.7 E2354.86469
G1 X155.7 Y227.3 E2355.15605
G1 F2700 E2350.15605
G0 F9000 X155.98 Y227.02
G0 X157.07 Y226.5
G0 X158.165 Y226.5
G0 X159.335 Y226.5
G0 X160.43 Y226.5
G0 X161 Y226.5
;TYPE:WALL-INNER
G1 F2700 E2355.15605
G1 F1500 X161 Y213.5 E2355.41548
G0 F9000 X160.88 Y226.62
G0 X160.6 Y226.9
G1 F1500 X161.4 Y226.9 E2355.43144
G1 X161.4 Y213.1 E2355.70684
G1 X160.6 Y213.1 E2355.7228
G1 X160.6 Y226.9 E2355.9982
G0 F9000 X160.2 Y227.3
;TYPE:WALL-OUTER
G1 F1500 X161.8 Y227.3 E2356.03013
G1 X161.8 Y212.7 E2356.32149
G1 X160.2 Y212.7 E2356.35342
G1 X160.2 Y227.3 E2356.64477
G1 F2700 E2351.64477
G0 F9000 X160.48 Y227.02
G0 X161.57 Y226.5
G0 X162.665 Y226.5
G0 X169.835 Y226.5
G0 X170.93 Y226.5
G0 X171.5 Y226.5
;TYPE:WALL-INNER
G1 F2700 E2356.64477
G1 F1500 X171.5 Y213.5 E2356.9042
G0 F9000 X171.38 Y226.62
G0 X171.1 Y226.9
G1 F1500 X171.9 Y226.9 E2356.92017
G1 X171.9 Y213.1 E2357.19556
G1 X171.1 Y213.1 E2357.21153
G1 X171.1 Y226.9 E2357.48692
G0 F9000 X170.7 Y227.3
;TYPE:WALL-OUTER
G1 F1500 X172.3 Y227.3 E2357.51885
G1 X172.3 Y212.7 E2357.81021
G1 X170.7 Y212.7 E2357.84214
G1 X170.7 Y227.3 E2358.1335
G1 F2700 E2353.1335
G0 F9000 X170.98 Y227.02
G0 X172.07 Y226.5
G0 X173.165 Y226.5
G0 X174.335 Y226.5
G0 X175.43 Y226.5
G0 X176 Y226.5
;TYPE:WALL-INNER
G1 F2700 E2358.1335
G1 F1500 X176 Y213.5 E2358.39293
G0 F9000 X175.88 Y226.62
G0 X175.6 Y226.9
G1 F1500 X176.4 Y226.9 E2358.40889
G1 X176.4 Y213.1 E2358.68429
G1 X175.6 Y213.1 E2358.70025
G1 X175.6 Y226.9 E2358.97564
G0 F9000 X175.2 Y227.3
;TYPE:WALL-OUTER
G1 F1500 X176.8 Y227.3 E2359.00757
G1 X176.8 Y212.7 E2359.29893
G1 X175.2 Y212.7 E2359.33086
G1 X175.2 Y227.3 E2359.62222
G1 F2700 E2354.62222
G0 F9000 X175.48 Y227.02
G0 X176.57 Y226.5
G0 X177.665 Y226.5
G0 X184.835 Y226.5
G0 X185.93 Y226.5
G0 X186.5 Y226.5
;TYPE:WALL-INNER
G1 F2700 E2359.62222
G1 F1500 X186.5 Y213.5 E2359.88165
G0 F9000 X186.38 Y226.62
G0 X186.1 Y226.9
G1 F1500 X186.9 Y226.9 E2359.89762
G1 X186.9 Y213.1 E2360.17301
G1 X186.1 Y213.1 E2360.18897
G1 X186.1 Y226.9 E2360.46437
G0 F9000 X185.7 Y227.3
;TYPE:WALL-OUTER
G1 F1500 X187.3 Y227.3 E2360.4963
G1 X187.3 Y212.7 E2360.78766
G1 X185.7 Y212.7 E2360.81959
G1 X185.7 Y227.3 E2361.11095
G1 F2700 E2356.11095
G0 F9000 X185.98 Y227.02
G0 X187.07 Y226.5
G0 X188.165 Y226.5
G0 X189.335 Y226.5
G0 X190.43 Y226.5
G0 X191 Y226.5
;TYPE:WALL-INNER
G1 F2700 E2361.11095
G1 F1500 X191 Y213.5 E2361.37037
G0 F9000 X190.88 Y226.62
G0 X190.6 Y226.9
G1 F1500 X191.4 Y226.9 E2361.38634
G1 X191.4 Y213.1 E2361.66173
G1 X190.6 Y213.1 E2361.6777
G1 X190.6 Y226.9 E2361.95309
G0 F9000 X190.2 Y227.3
;TYPE:WALL-OUTER
G1 F1500 X191.8 Y227.3 E2361.98502
G1 X191.8 Y212.7 E2362.27638
G1 X190.2 Y212.7 E2362.30831
G1 X190.2 Y227.3 E2362.59967
G1 F2700 E2357.59967
G0 F9000 X190.48 Y227.02
G0 X191.57 Y226.5
G0 X192.665 Y226.5
G0 X199.835 Y226.5
G0 X200.93 Y226.5
G0 X201.5 Y226.5
;TYPE:WALL-INNER
G1 F2700 E2362.59967
G1 F1500 X201.5 Y213.5 E2362.8591
G0 F9000 X201.38 Y226.62
G0 X201.1 Y226.9
G1 F1500 X201.9 Y226.9 E2362.87506
G1 X201.9 Y213.1 E2363.15046
G1 X201.1 Y213.1 E2363.16642
G1 X201.1 Y226.9 E2363.44182
G0 F9000 X200.7 Y227.3
;TYPE:WALL-OUTER
G1 F1500 X202.3 Y227.3 E2363.47375
G1 X202.3 Y212.7 E2363.7651
G1 X200.7 Y212.7 E2363.79703
G1 X200.7 Y227.3 E2364.08839
G1 F2700 E2359.08839
G0 F9000 X200.98 Y227.02
G0 X202.07 Y226.5
G0 X203.165 Y226.5
G0 X204.335 Y226.5
G0 X205.43 Y226.5
G0 X206 Y226.5
;TYPE:WALL-INNER
G1 F2700 E2364.08839
G1 F1500 X206 Y213.5 E2364.34782
G0 F9000 X205.88 Y226.62
G0 X205.6 Y226.9
G1 F1500 X206.4 Y226.9 E2364.36379
G1 X206.4 Y213.1 E2364.63918
G1 X205.6 Y213.1 E2364.65515
G1 X205.6 Y226.9 E2364.93054
G0 F9000 X205.2 Y227.3
;TYPE:WALL-OUTER
G1 F1500 X206.8 Y227.3 E2364.96247
G1 X206.8 Y212.7 E2365.25383
G1 X205.2 Y212.7 E2365.28576
G1 X205.2 Y227.3 E2365.57712
G1 F2700 E2360.57712
G0 F9000 X205.48 Y227.02
G0 X206.57 Y226.5
G0 X207.665 Y226.5
G0 X214.835 Y226.5
G0 X215.93 Y226.5
G0 X216.5 Y226.5
;TYPE:WALL-INNER
G1 F2700 E2365.57712
G1 F1500 X216.5 Y213.5 E2365.83655
G0 F9000 X216.38 Y226.62
G0 X216.1 Y226.9
G1 F1500 X216.9 Y226.9 E2365.85251
G1 X216.9 Y213.1 E2366.1279
G1 X216.1 Y213.1 E2366.14387
G1 X216.1 Y226.9 E2366.41926
G0 F9000 X215.7 Y227.3
;TYPE:WALL-OUTER
G1 F1500 X217.3 Y227.3 E2366.45119
G1 X217.3 Y212.7 E2366.74255
G1 X215.7 Y212.7 E2366.77448
G1 X215.7 Y227.3 E2367.06584
G1 F2700 E2362.06584
G0 F9000 X215.98 Y227.02
G0 X217.07 Y226.5
G0 X218.165 Y226.5
G0 X219.335 Y226.5
G0 X220.43 Y226.5
G0 X221 Y226.5
;TYPE:WALL-INNER
G1 F2700 E2367.06584
G1 F1500 X221 Y213.5 E2367.32527
G0 F9000 X220.88 Y226.62
G0 X220.6 Y226.9
G1 F1500 X221.4 Y226.9 E2367.34123
G1 X221.4 Y213.1 E2367.61663
G1 X220.6 Y213.1 E2367.63259
G1 X220.6 Y226.9 E2367.90799
G0 F9000 X220.2 Y227.3
;TYPE:WALL-OUTER
G1 F1500 X221.8 Y227.3 E2367.93992
G1 X221.8 Y212.7 E2368.23127
G1 X220.2 Y212.7 E2368.2632
G1 X220.2 Y227.3 E2368.55456
G1 F2700 E2363.55456
G0 F9000 X220.48 Y227.02
G0 X221.57 Y226.5
G0 X222.665 Y226.5
G0 X229.835 Y226.5
G0 X230.93 Y226.5
G0 X231.5 Y226.5
;TYPE:WALL-INNER
G1 F2700 E2368.55456
G1 F1500 X231.5 Y213.5 E2368.81399
G0 F9000 X231.38 Y226.62
G0 X231.1 Y226.9
G1 F1500 X231.9 Y226.9 E2368.82996
G1 X231.9 Y213.1 E2369.10535
G1 X231.1 Y213.1 E2369.12132
G1 X231.1 Y226.9 E2369.39671
G0 F9000 X230.7 Y227.3
;TYPE:WALL-OUTER
G1 F1500 X232.3 Y227.3 E2369.42864
G1 X232.3 Y212.7 E2369.72
G1 X230.7 Y212.7 E2369.75193
G1 X230.7 Y227.3 E2370.04329
G1 F2700 E2365.04329
G0 F9000 X230.98 Y227.02
G0 X232.07 Y226.475
G0 X233.165 Y226.475
G0 X234.335 Y226.475
G0 X235.43 Y226.475
G0 X236.025 Y226.475
;TYPE:WALL-INNER
G1 F2700 E2370.04329
G1 F1333.3 X236.475 Y226.475 E2370.05339
G1 X236.475 Y213.525 E2370.34412
G1 X236.025 Y213.525 E2370.35423
G1 X236.025 Y226.475 E2370.64496
G0 F9000 X235.6 Y226.9
G1 F1500 X236.9 Y226.9 E2370.67091
G1 X236.9 Y213.1 E2370.9463
G1 X235.6 Y213.1 E2370.97224
G1 X235.6 Y226.9 E2371.24764
G0 F9000 X235.2 Y227.3
;TYPE:WALL-OUTER
G1 F1500 X237.3 Y227.3 E2371.28954
G1 X237.3 Y212.7 E2371.5809
G1 X235.2 Y212.7 E2371.62281
G1 X235.2 Y227.3 E2371.91417
G0 F9000 X236.092 Y226.29
G1 F2700 E2366.91417
;MESH:NONMESH
G0 F300 X236.092 Y226.29 Z6.48
G0 F9000 X235.43 Y213.5
G0 X234.335 Y213.5
G0 X233.153 Y211.847
G0 X129.347 Y211.847
G0 X128.165 Y213.5
G0 X127.07 Y213.5
G0 X126.5 Y213.5
;TIME_ELAPSED:5837.656104
;LAYER:53
;TYPE:WALL-INNER
;MESH:BusConnAssyAid.stl
G1 F2700 E2371.91417
G1 F1500 X126.5 Y226.5 E2372.1736
G0 F9000 X126.1 Y226.9
G1 F1500 X126.9 Y226.9 E2372.18956
G1 X126.9 Y213.1 E2372.46496
G1 X126.1 Y213.1 E2372.48092
G1 X126.1 Y226.9 E2372.75632
G0 F9000 X125.7 Y227.3
;TYPE:WALL-OUTER
G1 F1500 X127.3 Y227.3 E2372.78825
G1 X127.3 Y212.7 E2373.0796
G1 X125.7 Y212.7 E2373.11153
G1 X125.7 Y227.3 E2373.40289
G1 F2700 E2368.40289
G0 F9000 X125.98 Y227.02
G0 X127.07 Y226.5
G0 X128.165 Y226.5
G0 X129.335 Y226.5
G0 X130.43 Y226.5
G0 X131 Y226.5
;TYPE:WALL-INNER
G1 F2700 E2373.40289
G1 F1500 X131 Y213.5 E2373.66232
G0 F9000 X130.88 Y226.62
G0 X130.6 Y226.9
G1 F1500 X131.4 Y226.9 E2373.67829
G1 X131.4 Y213.1 E2373.95368
G1 X130.6 Y213.1 E2373.96965
G1 X130.6 Y226.9 E2374.24504
G0 F9000 X130.2 Y227.3
;TYPE:WALL-OUTER
G1 F1500 X131.8 Y227.3 E2374.27697
G1 X131.8 Y212.7 E2374.56833
G1 X130.2 Y212.7 E2374.60026
G1 X130.2 Y227.3 E2374.89162
G1 F2700 E2369.89162
G0 F9000 X130.48 Y227.02
G0 X131.57 Y226.5
G0 X132.665 Y226.5
G0 X139.835 Y226.5
G0 X140.93 Y226.5
G0 X141.5 Y226.5
;TYPE:WALL-INNER
G1 F2700 E2374.89162
G1 F1500 X141.5 Y213.5 E2375.15105
G0 F9000 X141.38 Y226.62
G0 X141.1 Y226.9
G1 F1500 X141.9 Y226.9 E2375.16701
G1 X141.9 Y213.1 E2375.4424
G1 X141.1 Y213.1 E2375.45837
G1 X141.1 Y226.9 E2375.73376
G0 F9000 X140.7 Y227.3
;TYPE:WALL-OUTER
G1 F1500 X142.3 Y227.3 E2375.76569
G1 X142.3 Y212.7 E2376.05705
G1 X140.7 Y212.7 E2376.08898
G1 X140.7 Y227.3 E2376.38034
G1 F2700 E2371.38034
G0 F9000 X140.98 Y227.02
G0 X142.07 Y226.5
G0 X143.165 Y226.5
G0 X144.335 Y226.5
G0 X145.43 Y226.5
G0 X146 Y226.5
;TYPE:WALL-INNER
G1 F2700 E2376.38034
G1 F1500 X146 Y213.5 E2376.63977
G0 F9000 X145.88 Y226.62
G0 X145.6 Y226.9
G1 F1500 X146.4 Y226.9 E2376.65573
G1 X146.4 Y213.1 E2376.93113
G1 X145.6 Y213.1 E2376.94709
G1 X145.6 Y226.9 E2377.22249
G0 F9000 X145.2 Y227.3
;TYPE:WALL-OUTER
G1 F1500 X146.8 Y227.3 E2377.25442
G1 X146.8 Y212.7 E2377.54578
G1 X145.2 Y212.7 E2377.57771
G1 X145.2 Y227.3 E2377.86906
G1 F2700 E2372.86906
G0 F9000 X145.48 Y227.02
G0 X146.57 Y226.5
G0 X147.665 Y226.5
G0 X154.835 Y226.5
G0 X155.93 Y226.5
G0 X156.5 Y226.5
;TYPE:WALL-INNER
G1 F2700 E2377.86906
G1 F1500 X156.5 Y213.5 E2378.12849
G0 F9000 X156.38 Y226.62
G0 X156.1 Y226.9
G1 F1500 X156.9 Y226.9 E2378.14446
G1 X156.9 Y213.1 E2378.41985
G1 X156.1 Y213.1 E2378.43582
G1 X156.1 Y226.9 E2378.71121
G0 F9000 X155.7 Y227.3
;TYPE:WALL-OUTER
G1 F1500 X157.3 Y227.3 E2378.74314
G1 X157.3 Y212.7 E2379.0345
G1 X155.7 Y212.7 E2379.06643
G1 X155.7 Y227.3 E2379.35779
G1 F2700 E2374.35779
G0 F9000 X155.98 Y227.02
G0 X157.07 Y226.5
G0 X158.165 Y226.5
G0 X159.335 Y226.5
G0 X160.43 Y226.5
G0 X161 Y226.5
;TYPE:WALL-INNER
G1 F2700 E2379.35779
G1 F1500 X161 Y213.5 E2379.61722
G0 F9000 X160.88 Y226.62
G0 X160.6 Y226.9
G1 F1500 X161.4 Y226.9 E2379.63318
G1 X161.4 Y213.1 E2379.90858
G1 X160.6 Y213.1 E2379.92454
G1 X160.6 Y226.9 E2380.19993
G0 F9000 X160.2 Y227.3
;TYPE:WALL-OUTER
G1 F1500 X161.8 Y227.3 E2380.23186
G1 X161.8 Y212.7 E2380.52322
G1 X160.2 Y212.7 E2380.55515
G1 X160.2 Y227.3 E2380.84651
G1 F2700 E2375.84651
G0 F9000 X160.48 Y227.02
G0 X161.57 Y226.5
G0 X162.665 Y226.5
G0 X169.835 Y226.5
G0 X170.93 Y226.5
G0 X171.5 Y226.5
;TYPE:WALL-INNER
G1 F2700 E2380.84651
G1 F1500 X171.5 Y213.5 E2381.10594
G0 F9000 X171.38 Y226.62
G0 X171.1 Y226.9
G1 F1500 X171.9 Y226.9 E2381.12191
G1 X171.9 Y213.1 E2381.3973
G1 X171.1 Y213.1 E2381.41326
G1 X171.1 Y226.9 E2381.68866
G0 F9000 X170.7 Y227.3
;TYPE:WALL-OUTER
G1 F1500 X172.3 Y227.3 E2381.72059
G1 X172.3 Y212.7 E2382.01195
G1 X170.7 Y212.7 E2382.04388
G1 X170.7 Y227.3 E2382.33524
G1 F2700 E2377.33524
G0 F9000 X170.98 Y227.02
G0 X172.07 Y226.5
G0 X173.165 Y226.5
G0 X174.335 Y226.5
G0 X175.43 Y226.5
G0 X176 Y226.5
;TYPE:WALL-INNER
G1 F2700 E2382.33524
G1 F1500 X176 Y213.5 E2382.59466
G0 F9000 X175.88 Y226.62
G0 X175.6 Y226.9
G1 F1500 X176.4 Y226.9 E2382.61063
G1 X176.4 Y213.1 E2382.88602
G1 X175.6 Y213.1 E2382.90199
G1 X175.6 Y226.9 E2383.17738
G0 F9000 X175.2 Y227.3
;TYPE:WALL-OUTER
G1 F1500 X176.8 Y227.3 E2383.20931
G1 X176.8 Y212.7 E2383.50067
G1 X175.2 Y212.7 E2383.5326
G1 X175.2 Y227.3 E2383.82396
G1 F2700 E2378.82396
G0 F9000 X175.48 Y227.02
G0 X176.57 Y226.5
G0 X177.665 Y226.5
G0 X184.835 Y226.5
G0 X185.93 Y226.5
G0 X186.5 Y226.5
;TYPE:WALL-INNER
G1 F2700 E2383.82396
G1 F1500 X186.5 Y213.5 E2384.08339
G0 F9000 X186.38 Y226.62
G0 X186.1 Y226.9
G1 F1500 X186.9 Y226.9 E2384.09935
G1 X186.9 Y213.1 E2384.37475
G1 X186.1 Y213.1 E2384.39071
G1 X186.1 Y226.9 E2384.66611
G0 F9000 X185.7 Y227.3
;TYPE:WALL-OUTER
G1 F1500 X187.3 Y227.3 E2384.69804
G1 X187.3 Y212.7 E2384.98939
G1 X185.7 Y212.7 E2385.02132
G1 X185.7 Y227.3 E2385.31268
G1 F2700 E2380.31268
G0 F9000 X185.98 Y227.02
G0 X187.07 Y226.5
G0 X188.165 Y226.5
G0 X189.335 Y226.5
G0 X190.43 Y226.5
G0 X191 Y226.5
;TYPE:WALL-INNER
G1 F2700 E2385.31268
G1 F1500 X191 Y213.5 E2385.57211
G0 F9000 X190.88 Y226.62
G0 X190.6 Y226.9
G1 F1500 X191.4 Y226.9 E2385.58808
G1 X191.4 Y213.1 E2385.86347
G1 X190.6 Y213.1 E2385.87944
G1 X190.6 Y226.9 E2386.15483
G0 F9000 X190.2 Y227.3
;TYPE:WALL-OUTER
G1 F1500 X191.8 Y227.3 E2386.18676
G1 X191.8 Y212.7 E2386.47812
G1 X190.2 Y212.7 E2386.51005
G1 X190.2 Y227.3 E2386.80141
G1 F2700 E2381.80141
G0 F9000 X190.48 Y227.02
G0 X191.57 Y226.5
G0 X192.665 Y226.5
G0 X199.835 Y226.5
G0 X200.93 Y226.5
G0 X201.5 Y226.5
;TYPE:WALL-INNER
G1 F2700 E2386.80141
G1 F1500 X201.5 Y213.5 E2387.06084
G0 F9000 X201.38 Y226.62
G0 X201.1 Y226.9
G1 F1500 X201.9 Y226.9 E2387.0768
G1 X201.9 Y213.1 E2387.35219
G1 X201.1 Y213.1 E2387.36816
G1 X201.1 Y226.9 E2387.64355
G0 F9000 X200.7 Y227.3
;TYPE:WALL-OUTER
G1 F1500 X202.3 Y227.3 E2387.67548
G1 X202.3 Y212.7 E2387.96684
G1 X200.7 Y212.7 E2387.99877
G1 X200.7 Y227.3 E2388.29013
G1 F2700 E2383.29013
G0 F9000 X200.98 Y227.02
G0 X202.07 Y226.5
G0 X203.165 Y226.5
G0 X204.335 Y226.5
G0 X205.43 Y226.5
G0 X206 Y226.5
;TYPE:WALL-INNER
G1 F2700 E2388.29013
G1 F1500 X206 Y213.5 E2388.54956
G0 F9000 X205.88 Y226.62
G0 X205.6 Y226.9
G1 F1500 X206.4 Y226.9 E2388.56552
G1 X206.4 Y213.1 E2388.84092
G1 X205.6 Y213.1 E2388.85688
G1 X205.6 Y226.9 E2389.13228
G0 F9000 X205.2 Y227.3
;TYPE:WALL-OUTER
G1 F1500 X206.8 Y227.3 E2389.16421
G1 X206.8 Y212.7 E2389.45556
G1 X205.2 Y212.7 E2389.48749
G1 X205.2 Y227.3 E2389.77885
G1 F2700 E2384.77885
G0 F9000 X205.48 Y227.02
G0 X206.57 Y226.5
G0 X207.665 Y226.5
G0 X214.835 Y226.5
G0 X215.93 Y226.5
G0 X216.5 Y226.5
;TYPE:WALL-INNER
G1 F2700 E2389.77885
G1 F1500 X216.5 Y213.5 E2390.03828
G0 F9000 X216.38 Y226.62
G0 X216.1 Y226.9
G1 F1500 X216.9 Y226.9 E2390.05425
G1 X216.9 Y213.1 E2390.32964
G1 X216.1 Y213.1 E2390.34561
G1 X216.1 Y226.9 E2390.621
G0 F9000 X215.7 Y227.3
;TYPE:WALL-OUTER
G1 F1500 X217.3 Y227.3 E2390.65293
G1 X217.3 Y212.7 E2390.94429
G1 X215.7 Y212.7 E2390.97622
G1 X215.7 Y227.3 E2391.26758
G1 F2700 E2386.26758
G0 F9000 X215.98 Y227.02
G0 X217.07 Y226.5
G0 X218.165 Y226.5
G0 X219.335 Y226.5
G0 X220.43 Y226.5
G0 X221 Y226.5
;TYPE:WALL-INNER
G1 F2700 E2391.26758
G1 F1500 X221 Y213.5 E2391.52701
G0 F9000 X220.88 Y226.62
G0 X220.6 Y226.9
G1 F1500 X221.4 Y226.9 E2391.54297
G1 X221.4 Y213.1 E2391.81836
G1 X220.6 Y213.1 E2391.83433
G1 X220.6 Y226.9 E2392.10972
G0 F9000 X220.2 Y227.3
;TYPE:WALL-OUTER
G1 F1500 X221.8 Y227.3 E2392.14165
G1 X221.8 Y212.7 E2392.43301
G1 X220.2 Y212.7 E2392.46494
G1 X220.2 Y227.3 E2392.7563
G1 F2700 E2387.7563
G0 F9000 X220.48 Y227.02
G0 X221.57 Y226.5
G0 X222.665 Y226.5
G0 X229.835 Y226.5
G0 X230.93 Y226.5
G0 X231.5 Y226.5
;TYPE:WALL-INNER
G1 F2700 E2392.7563
G1 F1500 X231.5 Y213.5 E2393.01573
G0 F9000 X231.38 Y226.62
G0 X231.1 Y226.9
G1 F1500 X231.9 Y226.9 E2393.03169
G1 X231.9 Y213.1 E2393.30709
G1 X231.1 Y213.1 E2393.32305
G1 X231.1 Y226.9 E2393.59845
G0 F9000 X230.7 Y227.3
;TYPE:WALL-OUTER
G1 F1500 X232.3 Y227.3 E2393.63038
G1 X232.3 Y212.7 E2393.92174
G1 X230.7 Y212.7 E2393.95367
G1 X230.7 Y227.3 E2394.24502
G1 F2700 E2389.24502
G0 F9000 X230.98 Y227.02
G0 X232.07 Y226.475
G0 X233.165 Y226.475
G0 X234.335 Y226.475
G0 X235.43 Y226.475
G0 X236.025 Y226.475
;TYPE:WALL-INNER
G1 F2700 E2394.24502
G1 F1333.3 X236.475 Y226.475 E2394.25513
G1 X236.475 Y213.525 E2394.54586
G1 X236.025 Y213.525 E2394.55596
G1 X236.025 Y226.475 E2394.8467
G0 F9000 X235.6 Y226.9
G1 F1500 X236.9 Y226.9 E2394.87264
G1 X236.9 Y213.1 E2395.14804
G1 X235.6 Y213.1 E2395.17398
G1 X235.6 Y226.9 E2395.44937
G0 F9000 X235.2 Y227.3
;TYPE:WALL-OUTER
G1 F1500 X237.3 Y227.3 E2395.49128
G1 X237.3 Y212.7 E2395.78264
G1 X235.2 Y212.7 E2395.82455
G1 X235.2 Y227.3 E2396.11591
G0 F9000 X236.092 Y226.29
G1 F2700 E2391.11591
;MESH:NONMESH
G0 F300 X236.092 Y226.29 Z6.6
G0 F9000 X235.43 Y213.5
G0 X234.335 Y213.5
G0 X233.153 Y211.847
G0 X129.347 Y211.847
G0 X128.165 Y213.5
G0 X127.07 Y213.5
G0 X126.5 Y213.5
;TIME_ELAPSED:5906.946338
;LAYER:54
;TYPE:WALL-INNER
;MESH:BusConnAssyAid.stl
G1 F2700 E2396.11591
G1 F1500 X126.5 Y226.5 E2396.37534
G0 F9000 X126.1 Y226.9
G1 F1500 X126.9 Y226.9 E2396.3913
G1 X126.9 Y213.1 E2396.66669
G1 X126.1 Y213.1 E2396.68266
G1 X126.1 Y226.9 E2396.95805
G0 F9000 X125.7 Y227.3
;TYPE:WALL-OUTER
G1 F1500 X127.3 Y227.3 E2396.98998
G1 X127.3 Y212.7 E2397.28134
G1 X125.7 Y212.7 E2397.31327
G1 X125.7 Y227.3 E2397.60463
G1 F2700 E2392.60463
G0 F9000 X125.98 Y227.02
G0 X127.07 Y226.5
G0 X128.165 Y226.5
G0 X129.335 Y226.5
G0 X130.43 Y226.5
G0 X131 Y226.5
;TYPE:WALL-INNER
G1 F2700 E2397.60463
G1 F1500 X131 Y213.5 E2397.86406
G0 F9000 X130.88 Y226.62
G0 X130.6 Y226.9
G1 F1500 X131.4 Y226.9 E2397.88002
G1 X131.4 Y213.1 E2398.15542
G1 X130.6 Y213.1 E2398.17138
G1 X130.6 Y226.9 E2398.44678
G0 F9000 X130.2 Y227.3
;TYPE:WALL-OUTER
G1 F1500 X131.8 Y227.3 E2398.47871
G1 X131.8 Y212.7 E2398.77007
G1 X130.2 Y212.7 E2398.802
G1 X130.2 Y227.3 E2399.09335
G1 F2700 E2394.09335
G0 F9000 X130.48 Y227.02
G0 X131.57 Y226.5
G0 X132.665 Y226.5
G0 X139.835 Y226.5
G0 X140.93 Y226.5
G0 X141.5 Y226.5
;TYPE:WALL-INNER
G1 F2700 E2399.09335
G1 F1500 X141.5 Y213.5 E2399.35278
G0 F9000 X141.38 Y226.62
G0 X141.1 Y226.9
G1 F1500 X141.9 Y226.9 E2399.36875
G1 X141.9 Y213.1 E2399.64414
G1 X141.1 Y213.1 E2399.66011
G1 X141.1 Y226.9 E2399.9355
G0 F9000 X140.7 Y227.3
;TYPE:WALL-OUTER
G1 F1500 X142.3 Y227.3 E2399.96743
G1 X142.3 Y212.7 E2400.25879
G1 X140.7 Y212.7 E2400.29072
G1 X140.7 Y227.3 E2400.58208
G1 F2700 E2395.58208
G0 F9000 X140.98 Y227.02
G0 X142.07 Y226.5
G0 X143.165 Y226.5
G0 X144.335 Y226.5
G0 X145.43 Y226.5
G0 X146 Y226.5
;TYPE:WALL-INNER
G1 F2700 E2400.58208
G1 F1500 X146 Y213.5 E2400.84151
G0 F9000 X145.88 Y226.62
G0 X145.6 Y226.9
G1 F1500 X146.4 Y226.9 E2400.85747
G1 X146.4 Y213.1 E2401.13287
G1 X145.6 Y213.1 E2401.14883
G1 X145.6 Y226.9 E2401.42422
G0 F9000 X145.2 Y227.3
;TYPE:WALL-OUTER
G1 F1500 X146.8 Y227.3 E2401.45615
G1 X146.8 Y212.7 E2401.74751
G1 X145.2 Y212.7 E2401.77944
G1 X145.2 Y227.3 E2402.0708
G1 F2700 E2397.0708
G0 F9000 X145.48 Y227.02
G0 X146.57 Y226.5
G0 X147.665 Y226.5
G0 X154.835 Y226.5
G0 X155.93 Y226.5
G0 X156.5 Y226.5
;TYPE:WALL-INNER
G1 F2700 E2402.0708
G1 F1500 X156.5 Y213.5 E2402.33023
G0 F9000 X156.38 Y226.62
G0 X156.1 Y226.9
G1 F1500 X156.9 Y226.9 E2402.3462
G1 X156.9 Y213.1 E2402.62159
G1 X156.1 Y213.1 E2402.63755
G1 X156.1 Y226.9 E2402.91295
G0 F9000 X155.7 Y227.3
;TYPE:WALL-OUTER
G1 F1500 X157.3 Y227.3 E2402.94488
G1 X157.3 Y212.7 E2403.23624
G1 X155.7 Y212.7 E2403.26817
G1 X155.7 Y227.3 E2403.55953
G1 F2700 E2398.55953
G0 F9000 X155.98 Y227.02
G0 X157.07 Y226.5
G0 X158.165 Y226.5
G0 X159.335 Y226.5
G0 X160.43 Y226.5
G0 X161 Y226.5
;TYPE:WALL-INNER
G1 F2700 E2403.55953
G1 F1500 X161 Y213.5 E2403.81895
G0 F9000 X160.88 Y226.62
G0 X160.6 Y226.9
G1 F1500 X161.4 Y226.9 E2403.83492
G1 X161.4 Y213.1 E2404.11031
G1 X160.6 Y213.1 E2404.12628
G1 X160.6 Y226.9 E2404.40167
G0 F9000 X160.2 Y227.3
;TYPE:WALL-OUTER
G1 F1500 X161.8 Y227.3 E2404.4336
G1 X161.8 Y212.7 E2404.72496
G1 X160.2 Y212.7 E2404.75689
G1 X160.2 Y227.3 E2405.04825
G1 F2700 E2400.04825
G0 F9000 X160.48 Y227.02
G0 X161.57 Y226.5
G0 X162.665 Y226.5
G0 X169.835 Y226.5
G0 X170.93 Y226.5
G0 X171.5 Y226.5
;TYPE:WALL-INNER
G1 F2700 E2405.04825
G1 F1500 X171.5 Y213.5 E2405.30768
G0 F9000 X171.38 Y226.62
G0 X171.1 Y226.9
G1 F1500 X171.9 Y226.9 E2405.32364
G1 X171.9 Y213.1 E2405.59904
G1 X171.1 Y213.1 E2405.615
G1 X171.1 Y226.9 E2405.8904
G0 F9000 X170.7 Y227.3
;TYPE:WALL-OUTER
G1 F1500 X172.3 Y227.3 E2405.92233
G1 X172.3 Y212.7 E2406.21368
G1 X170.7 Y212.7 E2406.24561
G1 X170.7 Y227.3 E2406.53697
G1 F2700 E2401.53697
G0 F9000 X170.98 Y227.02
G0 X172.07 Y226.5
G0 X173.165 Y226.5
G0 X174.335 Y226.5
G0 X175.43 Y226.5
G0 X176 Y226.5
;TYPE:WALL-INNER
G1 F2700 E2406.53697
G1 F1500 X176 Y213.5 E2406.7964
G0 F9000 X175.88 Y226.62
G0 X175.6 Y226.9
G1 F1500 X176.4 Y226.9 E2406.81237
G1 X176.4 Y213.1 E2407.08776
G1 X175.6 Y213.1 E2407.10373
G1 X175.6 Y226.9 E2407.37912
G0 F9000 X175.2 Y227.3
;TYPE:WALL-OUTER
G1 F1500 X176.8 Y227.3 E2407.41105
G1 X176.8 Y212.7 E2407.70241
G1 X175.2 Y212.7 E2407.73434
G1 X175.2 Y227.3 E2408.0257
G1 F2700 E2403.0257
G0 F9000 X175.48 Y227.02
G0 X176.57 Y226.5
G0 X177.665 Y226.5
G0 X184.835 Y226.5
G0 X185.93 Y226.5
G0 X186.5 Y226.5
;TYPE:WALL-INNER
G1 F2700 E2408.0257
G1 F1500 X186.5 Y213.5 E2408.28513
G0 F9000 X186.38 Y226.62
G0 X186.1 Y226.9
G1 F1500 X186.9 Y226.9 E2408.30109
G1 X186.9 Y213.1 E2408.57648
G1 X186.1 Y213.1 E2408.59245
G1 X186.1 Y226.9 E2408.86784
G0 F9000 X185.7 Y227.3
;TYPE:WALL-OUTER
G1 F1500 X187.3 Y227.3 E2408.89977
G1 X187.3 Y212.7 E2409.19113
G1 X185.7 Y212.7 E2409.22306
G1 X185.7 Y227.3 E2409.51442
G1 F2700 E2404.51442
G0 F9000 X185.98 Y227.02
G0 X187.07 Y226.5
G0 X188.165 Y226.5
G0 X189.335 Y226.5
G0 X190.43 Y226.5
G0 X191 Y226.5
;TYPE:WALL-INNER
G1 F2700 E2409.51442
G1 F1500 X191 Y213.5 E2409.77385
G0 F9000 X190.88 Y226.62
G0 X190.6 Y226.9
G1 F1500 X191.4 Y226.9 E2409.78981
G1 X191.4 Y213.1 E2410.06521
G1 X190.6 Y213.1 E2410.08117
G1 X190.6 Y226.9 E2410.35657
G0 F9000 X190.2 Y227.3
;TYPE:WALL-OUTER
G1 F1500 X191.8 Y227.3 E2410.3885
G1 X191.8 Y212.7 E2410.67985
G1 X190.2 Y212.7 E2410.71178
G1 X190.2 Y227.3 E2411.00314
G1 F2700 E2406.00314
G0 F9000 X190.48 Y227.02
G0 X191.57 Y226.5
G0 X192.665 Y226.5
G0 X199.835 Y226.5
G0 X200.93 Y226.5
G0 X201.5 Y226.5
;TYPE:WALL-INNER
G1 F2700 E2411.00314
G1 F1500 X201.5 Y213.5 E2411.26257
G0 F9000 X201.38 Y226.62
G0 X201.1 Y226.9
G1 F1500 X201.9 Y226.9 E2411.27854
G1 X201.9 Y213.1 E2411.55393
G1 X201.1 Y213.1 E2411.5699
G1 X201.1 Y226.9 E2411.84529
G0 F9000 X200.7 Y227.3
;TYPE:WALL-OUTER
G1 F1500 X202.3 Y227.3 E2411.87722
G1 X202.3 Y212.7 E2412.16858
G1 X200.7 Y212.7 E2412.20051
G1 X200.7 Y227.3 E2412.49187
G1 F2700 E2407.49187
G0 F9000 X200.98 Y227.02
G0 X202.07 Y226.5
G0 X203.165 Y226.5
G0 X204.335 Y226.5
G0 X205.43 Y226.5
G0 X206 Y226.5
;TYPE:WALL-INNER
G1 F2700 E2412.49187
G1 F1500 X206 Y213.5 E2412.7513
G0 F9000 X205.88 Y226.62
G0 X205.6 Y226.9
G1 F1500 X206.4 Y226.9 E2412.76726
G1 X206.4 Y213.1 E2413.04265
G1 X205.6 Y213.1 E2413.05862
G1 X205.6 Y226.9 E2413.33401
G0 F9000 X205.2 Y227.3
;TYPE:WALL-OUTER
G1 F1500 X206.8 Y227.3 E2413.36594
G1 X206.8 Y212.7 E2413.6573
G1 X205.2 Y212.7 E2413.68923
G1 X205.2 Y227.3 E2413.98059
G1 F2700 E2408.98059
G0 F9000 X205.48 Y227.02
G0 X206.57 Y226.5
G0 X207.665 Y226.5
G0 X214.835 Y226.5
G0 X215.93 Y226.5
G0 X216.5 Y226.5
;TYPE:WALL-INNER
G1 F2700 E2413.98059
G1 F1500 X216.5 Y213.5 E2414.24002
G0 F9000 X216.38 Y226.62
G0 X216.1 Y226.9
G1 F1500 X216.9 Y226.9 E2414.25598
G1 X216.9 Y213.1 E2414.53138
G1 X216.1 Y213.1 E2414.54734
G1 X216.1 Y226.9 E2414.82274
G0 F9000 X215.7 Y227.3
;TYPE:WALL-OUTER
G1 F1500 X217.3 Y227.3 E2414.85467
G1 X217.3 Y212.7 E2415.14603
G1 X215.7 Y212.7 E2415.17796
G1 X215.7 Y227.3 E2415.46931
G1 F2700 E2410.46931
G0 F9000 X215.98 Y227.02
G0 X217.07 Y226.5
G0 X218.165 Y226.5
G0 X219.335 Y226.5
G0 X220.43 Y226.5
G0 X221 Y226.5
;TYPE:WALL-INNER
G1 F2700 E2415.46931
G1 F1500 X221 Y213.5 E2415.72874
G0 F9000 X220.88 Y226.62
G0 X220.6 Y226.9
G1 F1500 X221.4 Y226.9 E2415.74471
G1 X221.4 Y213.1 E2416.0201
G1 X220.6 Y213.1 E2416.03607
G1 X220.6 Y226.9 E2416.31146
G0 F9000 X220.2 Y227.3
;TYPE:WALL-OUTER
G1 F1500 X221.8 Y227.3 E2416.34339
G1 X221.8 Y212.7 E2416.63475
G1 X220.2 Y212.7 E2416.66668
G1 X220.2 Y227.3 E2416.95804
G1 F2700 E2411.95804
G0 F9000 X220.48 Y227.02
G0 X221.57 Y226.5
G0 X222.665 Y226.5
G0 X229.835 Y226.5
G0 X230.93 Y226.5
G0 X231.5 Y226.5
;TYPE:WALL-INNER
G1 F2700 E2416.95804
G1 F1500 X231.5 Y213.5 E2417.21747
G0 F9000 X231.38 Y226.62
G0 X231.1 Y226.9
G1 F1500 X231.9 Y226.9 E2417.23343
G1 X231.9 Y213.1 E2417.50883
G1 X231.1 Y213.1 E2417.52479
G1 X231.1 Y226.9 E2417.80018
G0 F9000 X230.7 Y227.3
;TYPE:WALL-OUTER
G1 F1500 X232.3 Y227.3 E2417.83211
G1 X232.3 Y212.7 E2418.12347
G1 X230.7 Y212.7 E2418.1554
G1 X230.7 Y227.3 E2418.44676
G1 F2700 E2413.44676
G0 F9000 X230.98 Y227.02
G0 X232.07 Y226.475
G0 X233.165 Y226.475
G0 X234.335 Y226.475
G0 X235.43 Y226.475
G0 X236.025 Y226.475
;TYPE:WALL-INNER
G1 F2700 E2418.44676
G1 F1333.3 X236.475 Y226.475 E2418.45686
G1 X236.475 Y213.525 E2418.7476
G1 X236.025 Y213.525 E2418.7577
G1 X236.025 Y226.475 E2419.04844
G0 F9000 X235.6 Y226.9
G1 F1500 X236.9 Y226.9 E2419.07438
G1 X236.9 Y213.1 E2419.34977
G1 X235.6 Y213.1 E2419.37572
G1 X235.6 Y226.9 E2419.65111
G0 F9000 X235.2 Y227.3
;TYPE:WALL-OUTER
G1 F1500 X237.3 Y227.3 E2419.69302
G1 X237.3 Y212.7 E2419.98438
G1 X235.2 Y212.7 E2420.02629
G1 X235.2 Y227.3 E2420.31764
G0 F9000 X236.092 Y226.29
G1 F2700 E2415.31764
;MESH:NONMESH
G0 F300 X236.092 Y226.29 Z6.72
G0 F9000 X235.43 Y213.5
G0 X234.335 Y213.5
G0 X233.153 Y211.847
G0 X129.347 Y211.847
G0 X128.165 Y213.5
G0 X127.07 Y213.5
G0 X126.5 Y213.5
;TIME_ELAPSED:5976.236572
;LAYER:55
;TYPE:WALL-INNER
;MESH:BusConnAssyAid.stl
G1 F2700 E2420.31764
G1 F1500 X126.5 Y226.5 E2420.57707
G0 F9000 X126.1 Y226.9
G1 F1500 X126.9 Y226.9 E2420.59304
G1 X126.9 Y213.1 E2420.86843
G1 X126.1 Y213.1 E2420.8844
G1 X126.1 Y226.9 E2421.15979
G0 F9000 X125.7 Y227.3
;TYPE:WALL-OUTER
G1 F1500 X127.3 Y227.3 E2421.19172
G1 X127.3 Y212.7 E2421.48308
G1 X125.7 Y212.7 E2421.51501
G1 X125.7 Y227.3 E2421.80637
G1 F2700 E2416.80637
G0 F9000 X125.98 Y227.02
G0 X127.07 Y226.5
G0 X128.165 Y226.5
G0 X129.335 Y226.5
G0 X130.43 Y226.5
G0 X131 Y226.5
;TYPE:WALL-INNER
G1 F2700 E2421.80637
G1 F1500 X131 Y213.5 E2422.0658
G0 F9000 X130.88 Y226.62
G0 X130.6 Y226.9
G1 F1500 X131.4 Y226.9 E2422.08176
G1 X131.4 Y213.1 E2422.35716
G1 X130.6 Y213.1 E2422.37312
G1 X130.6 Y226.9 E2422.64851
G0 F9000 X130.2 Y227.3
;TYPE:WALL-OUTER
G1 F1500 X131.8 Y227.3 E2422.68044
G1 X131.8 Y212.7 E2422.9718
G1 X130.2 Y212.7 E2423.00373
G1 X130.2 Y227.3 E2423.29509
G1 F2700 E2418.29509
G0 F9000 X130.48 Y227.02
G0 X131.57 Y226.5
G0 X132.665 Y226.5
G0 X139.835 Y226.5
G0 X140.93 Y226.5
G0 X141.5 Y226.5
;TYPE:WALL-INNER
G1 F2700 E2423.29509
G1 F1500 X141.5 Y213.5 E2423.55452
G0 F9000 X141.38 Y226.62
G0 X141.1 Y226.9
G1 F1500 X141.9 Y226.9 E2423.57049
G1 X141.9 Y213.1 E2423.84588
G1 X141.1 Y213.1 E2423.86184
G1 X141.1 Y226.9 E2424.13724
G0 F9000 X140.7 Y227.3
;TYPE:WALL-OUTER
G1 F1500 X142.3 Y227.3 E2424.16917
G1 X142.3 Y212.7 E2424.46053
G1 X140.7 Y212.7 E2424.49246
G1 X140.7 Y227.3 E2424.78382
G1 F2700 E2419.78382
G0 F9000 X140.98 Y227.02
G0 X142.07 Y226.5
G0 X143.165 Y226.5
G0 X144.335 Y226.5
G0 X145.43 Y226.5
G0 X146 Y226.5
;TYPE:WALL-INNER
G1 F2700 E2424.78382
G1 F1500 X146 Y213.5 E2425.04324
G0 F9000 X145.88 Y226.62
G0 X145.6 Y226.9
G1 F1500 X146.4 Y226.9 E2425.05921
G1 X146.4 Y213.1 E2425.3346
G1 X145.6 Y213.1 E2425.35057
G1 X145.6 Y226.9 E2425.62596
G0 F9000 X145.2 Y227.3
;TYPE:WALL-OUTER
G1 F1500 X146.8 Y227.3 E2425.65789
G1 X146.8 Y212.7 E2425.94925
G1 X145.2 Y212.7 E2425.98118
G1 X145.2 Y227.3 E2426.27254
G1 F2700 E2421.27254
G0 F9000 X145.48 Y227.02
G0 X146.57 Y226.5
G0 X147.665 Y226.5
G0 X154.835 Y226.5
G0 X155.93 Y226.5
G0 X156.5 Y226.5
;TYPE:WALL-INNER
G1 F2700 E2426.27254
G1 F1500 X156.5 Y213.5 E2426.53197
G0 F9000 X156.38 Y226.62
G0 X156.1 Y226.9
G1 F1500 X156.9 Y226.9 E2426.54793
G1 X156.9 Y213.1 E2426.82333
G1 X156.1 Y213.1 E2426.83929
G1 X156.1 Y226.9 E2427.11469
G0 F9000 X155.7 Y227.3
;TYPE:WALL-OUTER
G1 F1500 X157.3 Y227.3 E2427.14662
G1 X157.3 Y212.7 E2427.43797
G1 X155.7 Y212.7 E2427.4699
G1 X155.7 Y227.3 E2427.76126
G1 F2700 E2422.76126
G0 F9000 X155.98 Y227.02
G0 X157.07 Y226.5
G0 X158.165 Y226.5
G0 X159.335 Y226.5
G0 X160.43 Y226.5
G0 X161 Y226.5
;TYPE:WALL-INNER
G1 F2700 E2427.76126
G1 F1500 X161 Y213.5 E2428.02069
G0 F9000 X160.88 Y226.62
G0 X160.6 Y226.9
G1 F1500 X161.4 Y226.9 E2428.03666
G1 X161.4 Y213.1 E2428.31205
G1 X160.6 Y213.1 E2428.32802
G1 X160.6 Y226.9 E2428.60341
G0 F9000 X160.2 Y227.3
;TYPE:WALL-OUTER
G1 F1500 X161.8 Y227.3 E2428.63534
G1 X161.8 Y212.7 E2428.9267
G1 X160.2 Y212.7 E2428.95863
G1 X160.2 Y227.3 E2429.24999
G1 F2700 E2424.24999
G0 F9000 X160.48 Y227.02
G0 X161.57 Y226.5
G0 X162.665 Y226.5
G0 X169.835 Y226.5
G0 X170.93 Y226.5
G0 X171.5 Y226.5
;TYPE:WALL-INNER
G1 F2700 E2429.24999
G1 F1500 X171.5 Y213.5 E2429.50942
G0 F9000 X171.38 Y226.62
G0 X171.1 Y226.9
G1 F1500 X171.9 Y226.9 E2429.52538
G1 X171.9 Y213.1 E2429.80077
G1 X171.1 Y213.1 E2429.81674
G1 X171.1 Y226.9 E2430.09213
G0 F9000 X170.7 Y227.3
;TYPE:WALL-OUTER
G1 F1500 X172.3 Y227.3 E2430.12406
G1 X172.3 Y212.7 E2430.41542
G1 X170.7 Y212.7 E2430.44735
G1 X170.7 Y227.3 E2430.73871
G1 F2700 E2425.73871
G0 F9000 X170.98 Y227.02
G0 X172.07 Y226.5
G0 X173.165 Y226.5
G0 X174.335 Y226.5
G0 X175.43 Y226.5
G0 X176 Y226.5
;TYPE:WALL-INNER
G1 F2700 E2430.73871
G1 F1500 X176 Y213.5 E2430.99814
G0 F9000 X175.88 Y226.62
G0 X175.6 Y226.9
G1 F1500 X176.4 Y226.9 E2431.0141
G1 X176.4 Y213.1 E2431.2895
G1 X175.6 Y213.1 E2431.30546
G1 X175.6 Y226.9 E2431.58086
G0 F9000 X175.2 Y227.3
;TYPE:WALL-OUTER
G1 F1500 X176.8 Y227.3 E2431.61279
G1 X176.8 Y212.7 E2431.90414
G1 X175.2 Y212.7 E2431.93607
G1 X175.2 Y227.3 E2432.22743
G1 F2700 E2427.22743
G0 F9000 X175.48 Y227.02
G0 X176.57 Y226.5
G0 X177.665 Y226.5
G0 X184.835 Y226.5
G0 X185.93 Y226.5
G0 X186.5 Y226.5
;TYPE:WALL-INNER
G1 F2700 E2432.22743
G1 F1500 X186.5 Y213.5 E2432.48686
G0 F9000 X186.38 Y226.62
G0 X186.1 Y226.9
G1 F1500 X186.9 Y226.9 E2432.50283
G1 X186.9 Y213.1 E2432.77822
G1 X186.1 Y213.1 E2432.79419
G1 X186.1 Y226.9 E2433.06958
G0 F9000 X185.7 Y227.3
;TYPE:WALL-OUTER
G1 F1500 X187.3 Y227.3 E2433.10151
G1 X187.3 Y212.7 E2433.39287
G1 X185.7 Y212.7 E2433.4248
G1 X185.7 Y227.3 E2433.71616
G1 F2700 E2428.71616
G0 F9000 X185.98 Y227.02
G0 X187.07 Y226.5
G0 X188.165 Y226.5
G0 X189.335 Y226.5
G0 X190.43 Y226.5
G0 X191 Y226.5
;TYPE:WALL-INNER
G1 F2700 E2433.71616
G1 F1500 X191 Y213.5 E2433.97559
G0 F9000 X190.88 Y226.62
G0 X190.6 Y226.9
G1 F1500 X191.4 Y226.9 E2433.99155
G1 X191.4 Y213.1 E2434.26694
G1 X190.6 Y213.1 E2434.28291
G1 X190.6 Y226.9 E2434.5583
G0 F9000 X190.2 Y227.3
;TYPE:WALL-OUTER
G1 F1500 X191.8 Y227.3 E2434.59023
G1 X191.8 Y212.7 E2434.88159
G1 X190.2 Y212.7 E2434.91352
G1 X190.2 Y227.3 E2435.20488
G1 F2700 E2430.20488
G0 F9000 X190.48 Y227.02
G0 X191.57 Y226.5
G0 X192.665 Y226.5
G0 X199.835 Y226.5
G0 X200.93 Y226.5
G0 X201.5 Y226.5
;TYPE:WALL-INNER
G1 F2700 E2435.20488
G1 F1500 X201.5 Y213.5 E2435.46431
G0 F9000 X201.38 Y226.62
G0 X201.1 Y226.9
G1 F1500 X201.9 Y226.9 E2435.48027
G1 X201.9 Y213.1 E2435.75567
G1 X201.1 Y213.1 E2435.77163
G1 X201.1 Y226.9 E2436.04703
G0 F9000 X200.7 Y227.3
;TYPE:WALL-OUTER
G1 F1500 X202.3 Y227.3 E2436.07896
G1 X202.3 Y212.7 E2436.37032
G1 X200.7 Y212.7 E2436.40225
G1 X200.7 Y227.3 E2436.6936
G1 F2700 E2431.6936
G0 F9000 X200.98 Y227.02
G0 X202.07 Y226.5
G0 X203.165 Y226.5
G0 X204.335 Y226.5
G0 X205.43 Y226.5
G0 X206 Y226.5
;TYPE:WALL-INNER
G1 F2700 E2436.6936
G1 F1500 X206 Y213.5 E2436.95303
G0 F9000 X205.88 Y226.62
G0 X205.6 Y226.9
G1 F1500 X206.4 Y226.9 E2436.969
G1 X206.4 Y213.1 E2437.24439
G1 X205.6 Y213.1 E2437.26036
G1 X205.6 Y226.9 E2437.53575
G0 F9000 X205.2 Y227.3
;TYPE:WALL-OUTER
G1 F1500 X206.8 Y227.3 E2437.56768
G1 X206.8 Y212.7 E2437.85904
G1 X205.2 Y212.7 E2437.89097
G1 X205.2 Y227.3 E2438.18233
G1 F2700 E2433.18233
G0 F9000 X205.48 Y227.02
G0 X206.57 Y226.5
G0 X207.665 Y226.5
G0 X214.835 Y226.5
G0 X215.93 Y226.5
G0 X216.5 Y226.5
;TYPE:WALL-INNER
G1 F2700 E2438.18233
G1 F1500 X216.5 Y213.5 E2438.44176
G0 F9000 X216.38 Y226.62
G0 X216.1 Y226.9
G1 F1500 X216.9 Y226.9 E2438.45772
G1 X216.9 Y213.1 E2438.73312
G1 X216.1 Y213.1 E2438.74908
G1 X216.1 Y226.9 E2439.02447
G0 F9000 X215.7 Y227.3
;TYPE:WALL-OUTER
G1 F1500 X217.3 Y227.3 E2439.0564
G1 X217.3 Y212.7 E2439.34776
G1 X215.7 Y212.7 E2439.37969
G1 X215.7 Y227.3 E2439.67105
G1 F2700 E2434.67105
G0 F9000 X215.98 Y227.02
G0 X217.07 Y226.5
G0 X218.165 Y226.5
G0 X219.335 Y226.5
G0 X220.43 Y226.5
G0 X221 Y226.5
;TYPE:WALL-INNER
G1 F2700 E2439.67105
G1 F1500 X221 Y213.5 E2439.93048
G0 F9000 X220.88 Y226.62
G0 X220.6 Y226.9
G1 F1500 X221.4 Y226.9 E2439.94645
G1 X221.4 Y213.1 E2440.22184
G1 X220.6 Y213.1 E2440.2378
G1 X220.6 Y226.9 E2440.5132
G0 F9000 X220.2 Y227.3
;TYPE:WALL-OUTER
G1 F1500 X221.8 Y227.3 E2440.54513
G1 X221.8 Y212.7 E2440.83649
G1 X220.2 Y212.7 E2440.86842
G1 X220.2 Y227.3 E2441.15978
G1 F2700 E2436.15978
G0 F9000 X220.48 Y227.02
G0 X221.57 Y226.5
G0 X222.665 Y226.5
G0 X229.835 Y226.5
G0 X230.93 Y226.5
G0 X231.5 Y226.5
;TYPE:WALL-INNER
G1 F2700 E2441.15978
G1 F1500 X231.5 Y213.5 E2441.4192
G0 F9000 X231.38 Y226.62
G0 X231.1 Y226.9
G1 F1500 X231.9 Y226.9 E2441.43517
G1 X231.9 Y213.1 E2441.71056
G1 X231.1 Y213.1 E2441.72653
G1 X231.1 Y226.9 E2442.00192
G0 F9000 X230.7 Y227.3
;TYPE:WALL-OUTER
G1 F1500 X232.3 Y227.3 E2442.03385
G1 X232.3 Y212.7 E2442.32521
G1 X230.7 Y212.7 E2442.35714
G1 X230.7 Y227.3 E2442.6485
G1 F2700 E2437.6485
G0 F9000 X230.98 Y227.02
G0 X232.07 Y226.475
G0 X233.165 Y226.475
G0 X234.335 Y226.475
G0 X235.43 Y226.475
G0 X236.025 Y226.475
;TYPE:WALL-INNER
G1 F2700 E2442.6485
G1 F1333.3 X236.475 Y226.475 E2442.6586
G1 X236.475 Y213.525 E2442.94934
G1 X236.025 Y213.525 E2442.95944
G1 X236.025 Y226.475 E2443.25017
G0 F9000 X235.6 Y226.9
G1 F1500 X236.9 Y226.9 E2443.27612
G1 X236.9 Y213.1 E2443.55151
G1 X235.6 Y213.1 E2443.57745
G1 X235.6 Y226.9 E2443.85285
G0 F9000 X235.2 Y227.3
;TYPE:WALL-OUTER
G1 F1500 X237.3 Y227.3 E2443.89476
G1 X237.3 Y212.7 E2444.18611
G1 X235.2 Y212.7 E2444.22802
G1 X235.2 Y227.3 E2444.51938
G0 F9000 X236.092 Y226.29
G1 F2700 E2439.51938
;MESH:NONMESH
G0 F300 X236.092 Y226.29 Z6.84
G0 F9000 X235.43 Y213.5
G0 X234.335 Y213.5
G0 X233.153 Y211.847
G0 X129.347 Y211.847
G0 X128.165 Y213.5
G0 X127.07 Y213.5
G0 X126.5 Y213.5
;TIME_ELAPSED:6045.526806
;LAYER:56
;TYPE:WALL-INNER
;MESH:BusConnAssyAid.stl
G1 F2700 E2444.51938
G1 F1500 X126.5 Y226.5 E2444.77881
G0 F9000 X126.1 Y226.9
G1 F1500 X126.9 Y226.9 E2444.79478
G1 X126.9 Y213.1 E2445.07017
G1 X126.1 Y213.1 E2445.08613
G1 X126.1 Y226.9 E2445.36153
G0 F9000 X125.7 Y227.3
;TYPE:WALL-OUTER
G1 F1500 X127.3 Y227.3 E2445.39346
G1 X127.3 Y212.7 E2445.68482
G1 X125.7 Y212.7 E2445.71675
G1 X125.7 Y227.3 E2446.0081
G1 F2700 E2441.0081
G0 F9000 X125.98 Y227.02
G0 X127.07 Y226.5
G0 X128.165 Y226.5
G0 X129.335 Y226.5
G0 X130.43 Y226.5
G0 X131 Y226.5
;TYPE:WALL-INNER
G1 F2700 E2446.0081
G1 F1500 X131 Y213.5 E2446.26753
G0 F9000 X130.88 Y226.62
G0 X130.6 Y226.9
G1 F1500 X131.4 Y226.9 E2446.2835
G1 X131.4 Y213.1 E2446.55889
G1 X130.6 Y213.1 E2446.57486
G1 X130.6 Y226.9 E2446.85025
G0 F9000 X130.2 Y227.3
;TYPE:WALL-OUTER
G1 F1500 X131.8 Y227.3 E2446.88218
G1 X131.8 Y212.7 E2447.17354
G1 X130.2 Y212.7 E2447.20547
G1 X130.2 Y227.3 E2447.49683
G1 F2700 E2442.49683
G0 F9000 X130.48 Y227.02
G0 X131.57 Y226.5
G0 X132.665 Y226.5
G0 X139.835 Y226.5
G0 X140.93 Y226.5
G0 X141.5 Y226.5
;TYPE:WALL-INNER
G1 F2700 E2447.49683
G1 F1500 X141.5 Y213.5 E2447.75626
G0 F9000 X141.38 Y226.62
G0 X141.1 Y226.9
G1 F1500 X141.9 Y226.9 E2447.77222
G1 X141.9 Y213.1 E2448.04762
G1 X141.1 Y213.1 E2448.06358
G1 X141.1 Y226.9 E2448.33898
G0 F9000 X140.7 Y227.3
;TYPE:WALL-OUTER
G1 F1500 X142.3 Y227.3 E2448.3709
G1 X142.3 Y212.7 E2448.66226
G1 X140.7 Y212.7 E2448.69419
G1 X140.7 Y227.3 E2448.98555
G1 F2700 E2443.98555
G0 F9000 X140.98 Y227.02
G0 X142.07 Y226.5
G0 X143.165 Y226.5
G0 X144.335 Y226.5
G0 X145.43 Y226.5
G0 X146 Y226.5
;TYPE:WALL-INNER
G1 F2700 E2448.98555
G1 F1500 X146 Y213.5 E2449.24498
G0 F9000 X145.88 Y226.62
G0 X145.6 Y226.9
G1 F1500 X146.4 Y226.9 E2449.26095
G1 X146.4 Y213.1 E2449.53634
G1 X145.6 Y213.1 E2449.5523
G1 X145.6 Y226.9 E2449.8277
G0 F9000 X145.2 Y227.3
;TYPE:WALL-OUTER
G1 F1500 X146.8 Y227.3 E2449.85963
G1 X146.8 Y212.7 E2450.15099
G1 X145.2 Y212.7 E2450.18292
G1 X145.2 Y227.3 E2450.47428
G1 F2700 E2445.47428
G0 F9000 X145.48 Y227.02
G0 X146.57 Y226.5
G0 X147.665 Y226.5
G0 X154.835 Y226.5
G0 X155.93 Y226.5
G0 X156.5 Y226.5
;TYPE:WALL-INNER
G1 F2700 E2450.47428
G1 F1500 X156.5 Y213.5 E2450.7337
G0 F9000 X156.38 Y226.62
G0 X156.1 Y226.9
G1 F1500 X156.9 Y226.9 E2450.74967
G1 X156.9 Y213.1 E2451.02506
G1 X156.1 Y213.1 E2451.04103
G1 X156.1 Y226.9 E2451.31642
G0 F9000 X155.7 Y227.3
;TYPE:WALL-OUTER
G1 F1500 X157.3 Y227.3 E2451.34835
G1 X157.3 Y212.7 E2451.63971
G1 X155.7 Y212.7 E2451.67164
G1 X155.7 Y227.3 E2451.963
G1 F2700 E2446.963
G0 F9000 X155.98 Y227.02
G0 X157.07 Y226.5
G0 X158.165 Y226.5
G0 X159.335 Y226.5
G0 X160.43 Y226.5
G0 X161 Y226.5
;TYPE:WALL-INNER
G1 F2700 E2451.963
G1 F1500 X161 Y213.5 E2452.22243
G0 F9000 X160.88 Y226.62
G0 X160.6 Y226.9
G1 F1500 X161.4 Y226.9 E2452.23839
G1 X161.4 Y213.1 E2452.51379
G1 X160.6 Y213.1 E2452.52975
G1 X160.6 Y226.9 E2452.80515
G0 F9000 X160.2 Y227.3
;TYPE:WALL-OUTER
G1 F1500 X161.8 Y227.3 E2452.83708
G1 X161.8 Y212.7 E2453.12843
G1 X160.2 Y212.7 E2453.16036
G1 X160.2 Y227.3 E2453.45172
G1 F2700 E2448.45172
G0 F9000 X160.48 Y227.02
G0 X161.57 Y226.5
G0 X162.665 Y226.5
G0 X169.835 Y226.5
G0 X170.93 Y226.5
G0 X171.5 Y226.5
;TYPE:WALL-INNER
G1 F2700 E2453.45172
G1 F1500 X171.5 Y213.5 E2453.71115
G0 F9000 X171.38 Y226.62
G0 X171.1 Y226.9
G1 F1500 X171.9 Y226.9 E2453.72712
G1 X171.9 Y213.1 E2454.00251
G1 X171.1 Y213.1 E2454.01848
G1 X171.1 Y226.9 E2454.29387
G0 F9000 X170.7 Y227.3
;TYPE:WALL-OUTER
G1 F1500 X172.3 Y227.3 E2454.3258
G1 X172.3 Y212.7 E2454.61716
G1 X170.7 Y212.7 E2454.64909
G1 X170.7 Y227.3 E2454.94045
G1 F2700 E2449.94045
G0 F9000 X170.98 Y227.02
G0 X172.07 Y226.5
G0 X173.165 Y226.5
G0 X174.335 Y226.5
G0 X175.43 Y226.5
G0 X176 Y226.5
;TYPE:WALL-INNER
G1 F2700 E2454.94045
G1 F1500 X176 Y213.5 E2455.19988
G0 F9000 X175.88 Y226.62
G0 X175.6 Y226.9
G1 F1500 X176.4 Y226.9 E2455.21584
G1 X176.4 Y213.1 E2455.49123
G1 X175.6 Y213.1 E2455.5072
G1 X175.6 Y226.9 E2455.78259
G0 F9000 X175.2 Y227.3
;TYPE:WALL-OUTER
G1 F1500 X176.8 Y227.3 E2455.81452
G1 X176.8 Y212.7 E2456.10588
G1 X175.2 Y212.7 E2456.13781
G1 X175.2 Y227.3 E2456.42917
G1 F2700 E2451.42917
G0 F9000 X175.48 Y227.02
G0 X176.57 Y226.5
G0 X177.665 Y226.5
G0 X184.835 Y226.5
G0 X185.93 Y226.5
G0 X186.5 Y226.5
;TYPE:WALL-INNER
G1 F2700 E2456.42917
G1 F1500 X186.5 Y213.5 E2456.6886
G0 F9000 X186.38 Y226.62
G0 X186.1 Y226.9
G1 F1500 X186.9 Y226.9 E2456.70456
G1 X186.9 Y213.1 E2456.97996
G1 X186.1 Y213.1 E2456.99592
G1 X186.1 Y226.9 E2457.27132
G0 F9000 X185.7 Y227.3
;TYPE:WALL-OUTER
G1 F1500 X187.3 Y227.3 E2457.30325
G1 X187.3 Y212.7 E2457.59461
G1 X185.7 Y212.7 E2457.62654
G1 X185.7 Y227.3 E2457.91789
G1 F2700 E2452.91789
G0 F9000 X185.98 Y227.02
G0 X187.07 Y226.5
G0 X188.165 Y226.5
G0 X189.335 Y226.5
G0 X190.43 Y226.5
G0 X191 Y226.5
;TYPE:WALL-INNER
G1 F2700 E2457.91789
G1 F1500 X191 Y213.5 E2458.17732
G0 F9000 X190.88 Y226.62
G0 X190.6 Y226.9
G1 F1500 X191.4 Y226.9 E2458.19329
G1 X191.4 Y213.1 E2458.46868
G1 X190.6 Y213.1 E2458.48465
G1 X190.6 Y226.9 E2458.76004
G0 F9000 X190.2 Y227.3
;TYPE:WALL-OUTER
G1 F1500 X191.8 Y227.3 E2458.79197
G1 X191.8 Y212.7 E2459.08333
G1 X190.2 Y212.7 E2459.11526
G1 X190.2 Y227.3 E2459.40662
G1 F2700 E2454.40662
G0 F9000 X190.48 Y227.02
G0 X191.57 Y226.5
G0 X192.665 Y226.5
G0 X199.835 Y226.5
G0 X200.93 Y226.5
G0 X201.5 Y226.5
;TYPE:WALL-INNER
G1 F2700 E2459.40662
G1 F1500 X201.5 Y213.5 E2459.66605
G0 F9000 X201.38 Y226.62
G0 X201.1 Y226.9
G1 F1500 X201.9 Y226.9 E2459.68201
G1 X201.9 Y213.1 E2459.95741
G1 X201.1 Y213.1 E2459.97337
G1 X201.1 Y226.9 E2460.24876
G0 F9000 X200.7 Y227.3
;TYPE:WALL-OUTER
G1 F1500 X202.3 Y227.3 E2460.28069
G1 X202.3 Y212.7 E2460.57205
G1 X200.7 Y212.7 E2460.60398
G1 X200.7 Y227.3 E2460.89534
G1 F2700 E2455.89534
G0 F9000 X200.98 Y227.02
G0 X202.07 Y226.5
G0 X203.165 Y226.5
G0 X204.335 Y226.5
G0 X205.43 Y226.5
G0 X206 Y226.5
;TYPE:WALL-INNER
G1 F2700 E2460.89534
G1 F1500 X206 Y213.5 E2461.15477
G0 F9000 X205.88 Y226.62
G0 X205.6 Y226.9
G1 F1500 X206.4 Y226.9 E2461.17074
G1 X206.4 Y213.1 E2461.44613
G1 X205.6 Y213.1 E2461.46209
G1 X205.6 Y226.9 E2461.73749
G0 F9000 X205.2 Y227.3
;TYPE:WALL-OUTER
G1 F1500 X206.8 Y227.3 E2461.76942
G1 X206.8 Y212.7 E2462.06078
G1 X205.2 Y212.7 E2462.09271
G1 X205.2 Y227.3 E2462.38407
G1 F2700 E2457.38407
G0 F9000 X205.48 Y227.02
G0 X206.57 Y226.5
G0 X207.665 Y226.5
G0 X214.835 Y226.5
G0 X215.93 Y226.5
G0 X216.5 Y226.5
;TYPE:WALL-INNER
G1 F2700 E2462.38407
G1 F1500 X216.5 Y213.5 E2462.64349
G0 F9000 X216.38 Y226.62
G0 X216.1 Y226.9
G1 F1500 X216.9 Y226.9 E2462.65946
G1 X216.9 Y213.1 E2462.93485
G1 X216.1 Y213.1 E2462.95082
G1 X216.1 Y226.9 E2463.22621
G0 F9000 X215.7 Y227.3
;TYPE:WALL-OUTER
G1 F1500 X217.3 Y227.3 E2463.25814
G1 X217.3 Y212.7 E2463.5495
G1 X215.7 Y212.7 E2463.58143
G1 X215.7 Y227.3 E2463.87279
G1 F2700 E2458.87279
G0 F9000 X215.98 Y227.02
G0 X217.07 Y226.5
G0 X218.165 Y226.5
G0 X219.335 Y226.5
G0 X220.43 Y226.5
G0 X221 Y226.5
;TYPE:WALL-INNER
G1 F2700 E2463.87279
G1 F1500 X221 Y213.5 E2464.13222
G0 F9000 X220.88 Y226.62
G0 X220.6 Y226.9
G1 F1500 X221.4 Y226.9 E2464.14818
G1 X221.4 Y213.1 E2464.42358
G1 X220.6 Y213.1 E2464.43954
G1 X220.6 Y226.9 E2464.71494
G0 F9000 X220.2 Y227.3
;TYPE:WALL-OUTER
G1 F1500 X221.8 Y227.3 E2464.74687
G1 X221.8 Y212.7 E2465.03822
G1 X220.2 Y212.7 E2465.07015
G1 X220.2 Y227.3 E2465.36151
G1 F2700 E2460.36151
G0 F9000 X220.48 Y227.02
G0 X221.57 Y226.5
G0 X222.665 Y226.5
G0 X229.835 Y226.5
G0 X230.93 Y226.5
G0 X231.5 Y226.5
;TYPE:WALL-INNER
G1 F2700 E2465.36151
G1 F1500 X231.5 Y213.5 E2465.62094
G0 F9000 X231.38 Y226.62
G0 X231.1 Y226.9
G1 F1500 X231.9 Y226.9 E2465.63691
G1 X231.9 Y213.1 E2465.9123
G1 X231.1 Y213.1 E2465.92827
G1 X231.1 Y226.9 E2466.20366
G0 F9000 X230.7 Y227.3
;TYPE:WALL-OUTER
G1 F1500 X232.3 Y227.3 E2466.23559
G1 X232.3 Y212.7 E2466.52695
G1 X230.7 Y212.7 E2466.55888
G1 X230.7 Y227.3 E2466.85024
G1 F2700 E2461.85024
G0 F9000 X230.98 Y227.02
G0 X232.07 Y226.475
G0 X233.165 Y226.475
G0 X234.335 Y226.475
G0 X235.43 Y226.475
G0 X236.025 Y226.475
;TYPE:WALL-INNER
G1 F2700 E2466.85024
G1 F1333.3 X236.475 Y226.475 E2466.86034
G1 X236.475 Y213.525 E2467.15107
G1 X236.025 Y213.525 E2467.16118
G1 X236.025 Y226.475 E2467.45191
G0 F9000 X235.6 Y226.9
G1 F1500 X236.9 Y226.9 E2467.47785
G1 X236.9 Y213.1 E2467.75325
G1 X235.6 Y213.1 E2467.77919
G1 X235.6 Y226.9 E2468.05459
G0 F9000 X235.2 Y227.3
;TYPE:WALL-OUTER
G1 F1500 X237.3 Y227.3 E2468.09649
G1 X237.3 Y212.7 E2468.38785
G1 X235.2 Y212.7 E2468.42976
G1 X235.2 Y227.3 E2468.72112
G0 F9000 X236.092 Y226.29
G1 F2700 E2463.72112
;MESH:NONMESH
G0 F300 X236.092 Y226.29 Z6.96
G0 F9000 X235.43 Y213.5
G0 X234.335 Y213.5
G0 X233.153 Y211.847
G0 X129.347 Y211.847
G0 X128.165 Y213.5
G0 X127.07 Y213.5
G0 X126.5 Y213.5
;TIME_ELAPSED:6114.817040
;LAYER:57
;TYPE:WALL-INNER
;MESH:BusConnAssyAid.stl
G1 F2700 E2468.72112
G1 F1500 X126.5 Y226.5 E2468.98055
G0 F9000 X126.1 Y226.9
G1 F1500 X126.9 Y226.9 E2468.99651
G1 X126.9 Y213.1 E2469.27191
G1 X126.1 Y213.1 E2469.28787
G1 X126.1 Y226.9 E2469.56327
G0 F9000 X125.7 Y227.3
;TYPE:WALL-OUTER
G1 F1500 X127.3 Y227.3 E2469.59519
G1 X127.3 Y212.7 E2469.88655
G1 X125.7 Y212.7 E2469.91848
G1 X125.7 Y227.3 E2470.20984
G1 F2700 E2465.20984
G0 F9000 X125.98 Y227.02
G0 X127.07 Y226.5
G0 X128.165 Y226.5
G0 X129.335 Y226.5
G0 X130.43 Y226.5
G0 X131 Y226.5
;TYPE:WALL-INNER
G1 F2700 E2470.20984
G1 F1500 X131 Y213.5 E2470.46927
G0 F9000 X130.88 Y226.62
G0 X130.6 Y226.9
G1 F1500 X131.4 Y226.9 E2470.48524
G1 X131.4 Y213.1 E2470.76063
G1 X130.6 Y213.1 E2470.77659
G1 X130.6 Y226.9 E2471.05199
G0 F9000 X130.2 Y227.3
;TYPE:WALL-OUTER
G1 F1500 X131.8 Y227.3 E2471.08392
G1 X131.8 Y212.7 E2471.37528
G1 X130.2 Y212.7 E2471.40721
G1 X130.2 Y227.3 E2471.69857
G1 F2700 E2466.69857
G0 F9000 X130.48 Y227.02
G0 X131.57 Y226.5
G0 X132.665 Y226.5
G0 X139.835 Y226.5
G0 X140.93 Y226.5
G0 X141.5 Y226.5
;TYPE:WALL-INNER
G1 F2700 E2471.69857
G1 F1500 X141.5 Y213.5 E2471.95799
G0 F9000 X141.38 Y226.62
G0 X141.1 Y226.9
G1 F1500 X141.9 Y226.9 E2471.97396
G1 X141.9 Y213.1 E2472.24935
G1 X141.1 Y213.1 E2472.26532
G1 X141.1 Y226.9 E2472.54071
G0 F9000 X140.7 Y227.3
;TYPE:WALL-OUTER
G1 F1500 X142.3 Y227.3 E2472.57264
G1 X142.3 Y212.7 E2472.864
G1 X140.7 Y212.7 E2472.89593
G1 X140.7 Y227.3 E2473.18729
G1 F2700 E2468.18729
G0 F9000 X140.98 Y227.02
G0 X142.07 Y226.5
G0 X143.165 Y226.5
G0 X144.335 Y226.5
G0 X145.43 Y226.5
G0 X146 Y226.5
;TYPE:WALL-INNER
G1 F2700 E2473.18729
G1 F1500 X146 Y213.5 E2473.44672
G0 F9000 X145.88 Y226.62
G0 X145.6 Y226.9
G1 F1500 X146.4 Y226.9 E2473.46268
G1 X146.4 Y213.1 E2473.73808
G1 X145.6 Y213.1 E2473.75404
G1 X145.6 Y226.9 E2474.02944
G0 F9000 X145.2 Y227.3
;TYPE:WALL-OUTER
G1 F1500 X146.8 Y227.3 E2474.06137
G1 X146.8 Y212.7 E2474.35272
G1 X145.2 Y212.7 E2474.38465
G1 X145.2 Y227.3 E2474.67601
G1 F2700 E2469.67601
G0 F9000 X145.48 Y227.02
G0 X146.57 Y226.5
G0 X147.665 Y226.5
G0 X154.835 Y226.5
G0 X155.93 Y226.5
G0 X156.5 Y226.5
;TYPE:WALL-INNER
G1 F2700 E2474.67601
G1 F1500 X156.5 Y213.5 E2474.93544
G0 F9000 X156.38 Y226.62
G0 X156.1 Y226.9
G1 F1500 X156.9 Y226.9 E2474.95141
G1 X156.9 Y213.1 E2475.2268
G1 X156.1 Y213.1 E2475.24277
G1 X156.1 Y226.9 E2475.51816
G0 F9000 X155.7 Y227.3
;TYPE:WALL-OUTER
G1 F1500 X157.3 Y227.3 E2475.55009
G1 X157.3 Y212.7 E2475.84145
G1 X155.7 Y212.7 E2475.87338
G1 X155.7 Y227.3 E2476.16474
G1 F2700 E2471.16474
G0 F9000 X155.98 Y227.02
G0 X157.07 Y226.5
G0 X158.165 Y226.5
G0 X159.335 Y226.5
G0 X160.43 Y226.5
G0 X161 Y226.5
;TYPE:WALL-INNER
G1 F2700 E2476.16474
G1 F1500 X161 Y213.5 E2476.42417
G0 F9000 X160.88 Y226.62
G0 X160.6 Y226.9
G1 F1500 X161.4 Y226.9 E2476.44013
G1 X161.4 Y213.1 E2476.71552
G1 X160.6 Y213.1 E2476.73149
G1 X160.6 Y226.9 E2477.00688
G0 F9000 X160.2 Y227.3
;TYPE:WALL-OUTER
G1 F1500 X161.8 Y227.3 E2477.03881
G1 X161.8 Y212.7 E2477.33017
G1 X160.2 Y212.7 E2477.3621
G1 X160.2 Y227.3 E2477.65346
G1 F2700 E2472.65346
G0 F9000 X160.48 Y227.02
G0 X161.57 Y226.5
G0 X162.665 Y226.5
G0 X169.835 Y226.5
G0 X170.93 Y226.5
G0 X171.5 Y226.5
;TYPE:WALL-INNER
G1 F2700 E2477.65346
G1 F1500 X171.5 Y213.5 E2477.91289
G0 F9000 X171.38 Y226.62
G0 X171.1 Y226.9
G1 F1500 X171.9 Y226.9 E2477.92885
G1 X171.9 Y213.1 E2478.20425
G1 X171.1 Y213.1 E2478.22021
G1 X171.1 Y226.9 E2478.49561
G0 F9000 X170.7 Y227.3
;TYPE:WALL-OUTER
G1 F1500 X172.3 Y227.3 E2478.52754
G1 X172.3 Y212.7 E2478.8189
G1 X170.7 Y212.7 E2478.85083
G1 X170.7 Y227.3 E2479.14218
G1 F2700 E2474.14218
G0 F9000 X170.98 Y227.02
G0 X172.07 Y226.5
G0 X173.165 Y226.5
G0 X174.335 Y226.5
G0 X175.43 Y226.5
G0 X176 Y226.5
;TYPE:WALL-INNER
G1 F2700 E2479.14218
G1 F1500 X176 Y213.5 E2479.40161
G0 F9000 X175.88 Y226.62
G0 X175.6 Y226.9
G1 F1500 X176.4 Y226.9 E2479.41758
G1 X176.4 Y213.1 E2479.69297
G1 X175.6 Y213.1 E2479.70894
G1 X175.6 Y226.9 E2479.98433
G0 F9000 X175.2 Y227.3
;TYPE:WALL-OUTER
G1 F1500 X176.8 Y227.3 E2480.01626
G1 X176.8 Y212.7 E2480.30762
G1 X175.2 Y212.7 E2480.33955
G1 X175.2 Y227.3 E2480.63091
G1 F2700 E2475.63091
G0 F9000 X175.48 Y227.02
G0 X176.57 Y226.5
G0 X177.665 Y226.5
G0 X184.835 Y226.5
G0 X185.93 Y226.5
G0 X186.5 Y226.5
;TYPE:WALL-INNER
G1 F2700 E2480.63091
G1 F1500 X186.5 Y213.5 E2480.89034
G0 F9000 X186.38 Y226.62
G0 X186.1 Y226.9
G1 F1500 X186.9 Y226.9 E2480.9063
G1 X186.9 Y213.1 E2481.1817
G1 X186.1 Y213.1 E2481.19766
G1 X186.1 Y226.9 E2481.47305
G0 F9000 X185.7 Y227.3
;TYPE:WALL-OUTER
G1 F1500 X187.3 Y227.3 E2481.50498
G1 X187.3 Y212.7 E2481.79634
G1 X185.7 Y212.7 E2481.82827
G1 X185.7 Y227.3 E2482.11963
G1 F2700 E2477.11963
G0 F9000 X185.98 Y227.02
G0 X187.07 Y226.5
G0 X188.165 Y226.5
G0 X189.335 Y226.5
G0 X190.43 Y226.5
G0 X191 Y226.5
;TYPE:WALL-INNER
G1 F2700 E2482.11963
G1 F1500 X191 Y213.5 E2482.37906
G0 F9000 X190.88 Y226.62
G0 X190.6 Y226.9
G1 F1500 X191.4 Y226.9 E2482.39503
G1 X191.4 Y213.1 E2482.67042
G1 X190.6 Y213.1 E2482.68638
G1 X190.6 Y226.9 E2482.96178
G0 F9000 X190.2 Y227.3
;TYPE:WALL-OUTER
G1 F1500 X191.8 Y227.3 E2482.99371
G1 X191.8 Y212.7 E2483.28507
G1 X190.2 Y212.7 E2483.317
G1 X190.2 Y227.3 E2483.60836
G1 F2700 E2478.60836
G0 F9000 X190.48 Y227.02
G0 X191.57 Y226.5
G0 X192.665 Y226.5
G0 X199.835 Y226.5
G0 X200.93 Y226.5
G0 X201.5 Y226.5
;TYPE:WALL-INNER
G1 F2700 E2483.60836
G1 F1500 X201.5 Y213.5 E2483.86778
G0 F9000 X201.38 Y226.62
G0 X201.1 Y226.9
G1 F1500 X201.9 Y226.9 E2483.88375
G1 X201.9 Y213.1 E2484.15914
G1 X201.1 Y213.1 E2484.17511
G1 X201.1 Y226.9 E2484.4505
G0 F9000 X200.7 Y227.3
;TYPE:WALL-OUTER
G1 F1500 X202.3 Y227.3 E2484.48243
G1 X202.3 Y212.7 E2484.77379
G1 X200.7 Y212.7 E2484.80572
G1 X200.7 Y227.3 E2485.09708
G1 F2700 E2480.09708
G0 F9000 X200.98 Y227.02
G0 X202.07 Y226.5
G0 X203.165 Y226.5
G0 X204.335 Y226.5
G0 X205.43 Y226.5
G0 X206 Y226.5
;TYPE:WALL-INNER
G1 F2700 E2485.09708
G1 F1500 X206 Y213.5 E2485.35651
G0 F9000 X205.88 Y226.62
G0 X205.6 Y226.9
G1 F1500 X206.4 Y226.9 E2485.37247
G1 X206.4 Y213.1 E2485.64787
G1 X205.6 Y213.1 E2485.66383
G1 X205.6 Y226.9 E2485.93923
G0 F9000 X205.2 Y227.3
;TYPE:WALL-OUTER
G1 F1500 X206.8 Y227.3 E2485.97116
G1 X206.8 Y212.7 E2486.26251
G1 X205.2 Y212.7 E2486.29444
G1 X205.2 Y227.3 E2486.5858
G1 F2700 E2481.5858
G0 F9000 X205.48 Y227.02
G0 X206.57 Y226.5
G0 X207.665 Y226.5
G0 X214.835 Y226.5
G0 X215.93 Y226.5
G0 X216.5 Y226.5
;TYPE:WALL-INNER
G1 F2700 E2486.5858
G1 F1500 X216.5 Y213.5 E2486.84523
G0 F9000 X216.38 Y226.62
G0 X216.1 Y226.9
G1 F1500 X216.9 Y226.9 E2486.8612
G1 X216.9 Y213.1 E2487.13659
G1 X216.1 Y213.1 E2487.15256
G1 X216.1 Y226.9 E2487.42795
G0 F9000 X215.7 Y227.3
;TYPE:WALL-OUTER
G1 F1500 X217.3 Y227.3 E2487.45988
G1 X217.3 Y212.7 E2487.75124
G1 X215.7 Y212.7 E2487.78317
G1 X215.7 Y227.3 E2488.07453
G1 F2700 E2483.07453
G0 F9000 X215.98 Y227.02
G0 X217.07 Y226.5
G0 X218.165 Y226.5
G0 X219.335 Y226.5
G0 X220.43 Y226.5
G0 X221 Y226.5
;TYPE:WALL-INNER
G1 F2700 E2488.07453
G1 F1500 X221 Y213.5 E2488.33396
G0 F9000 X220.88 Y226.62
G0 X220.6 Y226.9
G1 F1500 X221.4 Y226.9 E2488.34992
G1 X221.4 Y213.1 E2488.62531
G1 X220.6 Y213.1 E2488.64128
G1 X220.6 Y226.9 E2488.91667
G0 F9000 X220.2 Y227.3
;TYPE:WALL-OUTER
G1 F1500 X221.8 Y227.3 E2488.9486
G1 X221.8 Y212.7 E2489.23996
G1 X220.2 Y212.7 E2489.27189
G1 X220.2 Y227.3 E2489.56325
G1 F2700 E2484.56325
G0 F9000 X220.48 Y227.02
G0 X221.57 Y226.5
G0 X222.665 Y226.5
G0 X229.835 Y226.5
G0 X230.93 Y226.5
G0 X231.5 Y226.5
;TYPE:WALL-INNER
G1 F2700 E2489.56325
G1 F1500 X231.5 Y213.5 E2489.82268
G0 F9000 X231.38 Y226.62
G0 X231.1 Y226.9
G1 F1500 X231.9 Y226.9 E2489.83864
G1 X231.9 Y213.1 E2490.11404
G1 X231.1 Y213.1 E2490.13
G1 X231.1 Y226.9 E2490.4054
G0 F9000 X230.7 Y227.3
;TYPE:WALL-OUTER
G1 F1500 X232.3 Y227.3 E2490.43733
G1 X232.3 Y212.7 E2490.72868
G1 X230.7 Y212.7 E2490.76061
G1 X230.7 Y227.3 E2491.05197
G1 F2700 E2486.05197
G0 F9000 X230.98 Y227.02
G0 X232.07 Y226.475
G0 X233.165 Y226.475
G0 X234.335 Y226.475
G0 X235.43 Y226.475
G0 X236.025 Y226.475
;TYPE:WALL-INNER
G1 F2700 E2491.05197
G1 F1333.3 X236.475 Y226.475 E2491.06208
G1 X236.475 Y213.525 E2491.35281
G1 X236.025 Y213.525 E2491.36291
G1 X236.025 Y226.475 E2491.65365
G0 F9000 X235.6 Y226.9
G1 F1500 X236.9 Y226.9 E2491.67959
G1 X236.9 Y213.1 E2491.95499
G1 X235.6 Y213.1 E2491.98093
G1 X235.6 Y226.9 E2492.25632
G0 F9000 X235.2 Y227.3
;TYPE:WALL-OUTER
G1 F1500 X237.3 Y227.3 E2492.29823
G1 X237.3 Y212.7 E2492.58959
G1 X235.2 Y212.7 E2492.6315
G1 X235.2 Y227.3 E2492.92286
G0 F9000 X236.092 Y226.29
G1 F2700 E2487.92286
;MESH:NONMESH
G0 F300 X236.092 Y226.29 Z7.08
G0 F9000 X235.43 Y213.5
G0 X234.335 Y213.5
G0 X233.153 Y211.847
G0 X129.347 Y211.847
G0 X128.165 Y213.5
G0 X127.07 Y213.5
G0 X126.5 Y213.5
;TIME_ELAPSED:6184.107274
;LAYER:58
;TYPE:WALL-INNER
;MESH:BusConnAssyAid.stl
G1 F2700 E2492.92286
G1 F1500 X126.5 Y226.5 E2493.18228
G0 F9000 X126.1 Y226.9
G1 F1500 X126.9 Y226.9 E2493.19825
G1 X126.9 Y213.1 E2493.47364
G1 X126.1 Y213.1 E2493.48961
G1 X126.1 Y226.9 E2493.765
G0 F9000 X125.7 Y227.3
;TYPE:WALL-OUTER
G1 F1500 X127.3 Y227.3 E2493.79693
G1 X127.3 Y212.7 E2494.08829
G1 X125.7 Y212.7 E2494.12022
G1 X125.7 Y227.3 E2494.41158
G1 F2700 E2489.41158
G0 F9000 X125.98 Y227.02
G0 X127.07 Y226.5
G0 X128.165 Y226.5
G0 X129.335 Y226.5
G0 X130.43 Y226.5
G0 X131 Y226.5
;TYPE:WALL-INNER
G1 F2700 E2494.41158
G1 F1500 X131 Y213.5 E2494.67101
G0 F9000 X130.88 Y226.62
G0 X130.6 Y226.9
G1 F1500 X131.4 Y226.9 E2494.68697
G1 X131.4 Y213.1 E2494.96237
G1 X130.6 Y213.1 E2494.97833
G1 X130.6 Y226.9 E2495.25373
G0 F9000 X130.2 Y227.3
;TYPE:WALL-OUTER
G1 F1500 X131.8 Y227.3 E2495.28566
G1 X131.8 Y212.7 E2495.57701
G1 X130.2 Y212.7 E2495.60894
G1 X130.2 Y227.3 E2495.9003
G1 F2700 E2490.9003
G0 F9000 X130.48 Y227.02
G0 X131.57 Y226.5
G0 X132.665 Y226.5
G0 X139.835 Y226.5
G0 X140.93 Y226.5
G0 X141.5 Y226.5
;TYPE:WALL-INNER
G1 F2700 E2495.9003
G1 F1500 X141.5 Y213.5 E2496.15973
G0 F9000 X141.38 Y226.62
G0 X141.1 Y226.9
G1 F1500 X141.9 Y226.9 E2496.1757
G1 X141.9 Y213.1 E2496.45109
G1 X141.1 Y213.1 E2496.46706
G1 X141.1 Y226.9 E2496.74245
G0 F9000 X140.7 Y227.3
;TYPE:WALL-OUTER
G1 F1500 X142.3 Y227.3 E2496.77438
G1 X142.3 Y212.7 E2497.06574
G1 X140.7 Y212.7 E2497.09767
G1 X140.7 Y227.3 E2497.38903
G1 F2700 E2492.38903
G0 F9000 X140.98 Y227.02
G0 X142.07 Y226.5
G0 X143.165 Y226.5
G0 X144.335 Y226.5
G0 X145.43 Y226.5
G0 X146 Y226.5
;TYPE:WALL-INNER
G1 F2700 E2497.38903
G1 F1500 X146 Y213.5 E2497.64846
G0 F9000 X145.88 Y226.62
G0 X145.6 Y226.9
G1 F1500 X146.4 Y226.9 E2497.66442
G1 X146.4 Y213.1 E2497.93981
G1 X145.6 Y213.1 E2497.95578
G1 X145.6 Y226.9 E2498.23117
G0 F9000 X145.2 Y227.3
;TYPE:WALL-OUTER
G1 F1500 X146.8 Y227.3 E2498.2631
G1 X146.8 Y212.7 E2498.55446
G1 X145.2 Y212.7 E2498.58639
G1 X145.2 Y227.3 E2498.87775
G1 F2700 E2493.87775
G0 F9000 X145.48 Y227.02
G0 X146.57 Y226.5
G0 X147.665 Y226.5
G0 X154.835 Y226.5
G0 X155.93 Y226.5
G0 X156.5 Y226.5
;TYPE:WALL-INNER
G1 F2700 E2498.87775
G1 F1500 X156.5 Y213.5 E2499.13718
G0 F9000 X156.38 Y226.62
G0 X156.1 Y226.9
G1 F1500 X156.9 Y226.9 E2499.15314
G1 X156.9 Y213.1 E2499.42854
G1 X156.1 Y213.1 E2499.4445
G1 X156.1 Y226.9 E2499.7199
G0 F9000 X155.7 Y227.3
;TYPE:WALL-OUTER
G1 F1500 X157.3 Y227.3 E2499.75183
G1 X157.3 Y212.7 E2500.04319
G1 X155.7 Y212.7 E2500.07512
G1 X155.7 Y227.3 E2500.36647
G1 F2700 E2495.36647
G0 F9000 X155.98 Y227.02
G0 X157.07 Y226.5
G0 X158.165 Y226.5
G0 X159.335 Y226.5
G0 X160.43 Y226.5
G0 X161 Y226.5
;TYPE:WALL-INNER
G1 F2700 E2500.36647
G1 F1500 X161 Y213.5 E2500.6259
G0 F9000 X160.88 Y226.62
G0 X160.6 Y226.9
G1 F1500 X161.4 Y226.9 E2500.64187
G1 X161.4 Y213.1 E2500.91726
G1 X160.6 Y213.1 E2500.93323
G1 X160.6 Y226.9 E2501.20862
G0 F9000 X160.2 Y227.3
;TYPE:WALL-OUTER
G1 F1500 X161.8 Y227.3 E2501.24055
G1 X161.8 Y212.7 E2501.53191
G1 X160.2 Y212.7 E2501.56384
G1 X160.2 Y227.3 E2501.8552
G1 F2700 E2496.8552
G0 F9000 X160.48 Y227.02
G0 X161.57 Y226.5
G0 X162.665 Y226.5
G0 X169.835 Y226.5
G0 X170.93 Y226.5
G0 X171.5 Y226.5
;TYPE:WALL-INNER
G1 F2700 E2501.8552
G1 F1500 X171.5 Y213.5 E2502.11463
G0 F9000 X171.38 Y226.62
G0 X171.1 Y226.9
G1 F1500 X171.9 Y226.9 E2502.13059
G1 X171.9 Y213.1 E2502.40599
G1 X171.1 Y213.1 E2502.42195
G1 X171.1 Y226.9 E2502.69734
G0 F9000 X170.7 Y227.3
;TYPE:WALL-OUTER
G1 F1500 X172.3 Y227.3 E2502.72927
G1 X172.3 Y212.7 E2503.02063
G1 X170.7 Y212.7 E2503.05256
G1 X170.7 Y227.3 E2503.34392
G1 F2700 E2498.34392
G0 F9000 X170.98 Y227.02
G0 X172.07 Y226.5
G0 X173.165 Y226.5
G0 X174.335 Y226.5
G0 X175.43 Y226.5
G0 X176 Y226.5
;TYPE:WALL-INNER
G1 F2700 E2503.34392
G1 F1500 X176 Y213.5 E2503.60335
G0 F9000 X175.88 Y226.62
G0 X175.6 Y226.9
G1 F1500 X176.4 Y226.9 E2503.61932
G1 X176.4 Y213.1 E2503.89471
G1 X175.6 Y213.1 E2503.91067
G1 X175.6 Y226.9 E2504.18607
G0 F9000 X175.2 Y227.3
;TYPE:WALL-OUTER
G1 F1500 X176.8 Y227.3 E2504.218
G1 X176.8 Y212.7 E2504.50936
G1 X175.2 Y212.7 E2504.54129
G1 X175.2 Y227.3 E2504.83265
G1 F2700 E2499.83265
G0 F9000 X175.48 Y227.02
G0 X176.57 Y226.5
G0 X177.665 Y226.5
G0 X184.835 Y226.5
G0 X185.93 Y226.5
G0 X186.5 Y226.5
;TYPE:WALL-INNER
G1 F2700 E2504.83265
G1 F1500 X186.5 Y213.5 E2505.09207
G0 F9000 X186.38 Y226.62
G0 X186.1 Y226.9
G1 F1500 X186.9 Y226.9 E2505.10804
G1 X186.9 Y213.1 E2505.38343
G1 X186.1 Y213.1 E2505.3994
G1 X186.1 Y226.9 E2505.67479
G0 F9000 X185.7 Y227.3
;TYPE:WALL-OUTER
G1 F1500 X187.3 Y227.3 E2505.70672
G1 X187.3 Y212.7 E2505.99808
G1 X185.7 Y212.7 E2506.03001
G1 X185.7 Y227.3 E2506.32137
G1 F2700 E2501.32137
G0 F9000 X185.98 Y227.02
G0 X187.07 Y226.5
G0 X188.165 Y226.5
G0 X189.335 Y226.5
G0 X190.43 Y226.5
G0 X191 Y226.5
;TYPE:WALL-INNER
G1 F2700 E2506.32137
G1 F1500 X191 Y213.5 E2506.5808
G0 F9000 X190.88 Y226.62
G0 X190.6 Y226.9
G1 F1500 X191.4 Y226.9 E2506.59676
G1 X191.4 Y213.1 E2506.87216
G1 X190.6 Y213.1 E2506.88812
G1 X190.6 Y226.9 E2507.16352
G0 F9000 X190.2 Y227.3
;TYPE:WALL-OUTER
G1 F1500 X191.8 Y227.3 E2507.19545
G1 X191.8 Y212.7 E2507.4868
G1 X190.2 Y212.7 E2507.51873
G1 X190.2 Y227.3 E2507.81009
G1 F2700 E2502.81009
G0 F9000 X190.48 Y227.02
G0 X191.57 Y226.5
G0 X192.665 Y226.5
G0 X199.835 Y226.5
G0 X200.93 Y226.5
G0 X201.5 Y226.5
;TYPE:WALL-INNER
G1 F2700 E2507.81009
G1 F1500 X201.5 Y213.5 E2508.06952
G0 F9000 X201.38 Y226.62
G0 X201.1 Y226.9
G1 F1500 X201.9 Y226.9 E2508.08549
G1 X201.9 Y213.1 E2508.36088
G1 X201.1 Y213.1 E2508.37685
G1 X201.1 Y226.9 E2508.65224
G0 F9000 X200.7 Y227.3
;TYPE:WALL-OUTER
G1 F1500 X202.3 Y227.3 E2508.68417
G1 X202.3 Y212.7 E2508.97553
G1 X200.7 Y212.7 E2509.00746
G1 X200.7 Y227.3 E2509.29882
G1 F2700 E2504.29882
G0 F9000 X200.98 Y227.02
G0 X202.07 Y226.5
G0 X203.165 Y226.5
G0 X204.335 Y226.5
G0 X205.43 Y226.5
G0 X206 Y226.5
;TYPE:WALL-INNER
G1 F2700 E2509.29882
G1 F1500 X206 Y213.5 E2509.55825
G0 F9000 X205.88 Y226.62
G0 X205.6 Y226.9
G1 F1500 X206.4 Y226.9 E2509.57421
G1 X206.4 Y213.1 E2509.8496
G1 X205.6 Y213.1 E2509.86557
G1 X205.6 Y226.9 E2510.14096
G0 F9000 X205.2 Y227.3
;TYPE:WALL-OUTER
G1 F1500 X206.8 Y227.3 E2510.17289
G1 X206.8 Y212.7 E2510.46425
G1 X205.2 Y212.7 E2510.49618
G1 X205.2 Y227.3 E2510.78754
G1 F2700 E2505.78754
G0 F9000 X205.48 Y227.02
G0 X206.57 Y226.5
G0 X207.665 Y226.5
G0 X214.835 Y226.5
G0 X215.93 Y226.5
G0 X216.5 Y226.5
;TYPE:WALL-INNER
G1 F2700 E2510.78754
G1 F1500 X216.5 Y213.5 E2511.04697
G0 F9000 X216.38 Y226.62
G0 X216.1 Y226.9
G1 F1500 X216.9 Y226.9 E2511.06293
G1 X216.9 Y213.1 E2511.33833
G1 X216.1 Y213.1 E2511.35429
G1 X216.1 Y226.9 E2511.62969
G0 F9000 X215.7 Y227.3
;TYPE:WALL-OUTER
G1 F1500 X217.3 Y227.3 E2511.66162
G1 X217.3 Y212.7 E2511.95297
G1 X215.7 Y212.7 E2511.9849
G1 X215.7 Y227.3 E2512.27626
G1 F2700 E2507.27626
G0 F9000 X215.98 Y227.02
G0 X217.07 Y226.5
G0 X218.165 Y226.5
G0 X219.335 Y226.5
G0 X220.43 Y226.5
G0 X221 Y226.5
;TYPE:WALL-INNER
G1 F2700 E2512.27626
G1 F1500 X221 Y213.5 E2512.53569
G0 F9000 X220.88 Y226.62
G0 X220.6 Y226.9
G1 F1500 X221.4 Y226.9 E2512.55166
G1 X221.4 Y213.1 E2512.82705
G1 X220.6 Y213.1 E2512.84302
G1 X220.6 Y226.9 E2513.11841
G0 F9000 X220.2 Y227.3
;TYPE:WALL-OUTER
G1 F1500 X221.8 Y227.3 E2513.15034
G1 X221.8 Y212.7 E2513.4417
G1 X220.2 Y212.7 E2513.47363
G1 X220.2 Y227.3 E2513.76499
G1 F2700 E2508.76499
G0 F9000 X220.48 Y227.02
G0 X221.57 Y226.5
G0 X222.665 Y226.5
G0 X229.835 Y226.5
G0 X230.93 Y226.5
G0 X231.5 Y226.5
;TYPE:WALL-INNER
G1 F2700 E2513.76499
G1 F1500 X231.5 Y213.5 E2514.02442
G0 F9000 X231.38 Y226.62
G0 X231.1 Y226.9
G1 F1500 X231.9 Y226.9 E2514.04038
G1 X231.9 Y213.1 E2514.31577
G1 X231.1 Y213.1 E2514.33174
G1 X231.1 Y226.9 E2514.60713
G0 F9000 X230.7 Y227.3
;TYPE:WALL-OUTER
G1 F1500 X232.3 Y227.3 E2514.63906
G1 X232.3 Y212.7 E2514.93042
G1 X230.7 Y212.7 E2514.96235
G1 X230.7 Y227.3 E2515.25371
G1 F2700 E2510.25371
G0 F9000 X230.98 Y227.02
G0 X232.07 Y226.475
G0 X233.165 Y226.475
G0 X234.335 Y226.475
G0 X235.43 Y226.475
G0 X236.025 Y226.475
;TYPE:WALL-INNER
G1 F2700 E2515.25371
G1 F1333.3 X236.475 Y226.475 E2515.26381
G1 X236.475 Y213.525 E2515.55455
G1 X236.025 Y213.525 E2515.56465
G1 X236.025 Y226.475 E2515.85539
G0 F9000 X235.6 Y226.9
G1 F1500 X236.9 Y226.9 E2515.88133
G1 X236.9 Y213.1 E2516.15672
G1 X235.6 Y213.1 E2516.18267
G1 X235.6 Y226.9 E2516.45806
G0 F9000 X235.2 Y227.3
;TYPE:WALL-OUTER
G1 F1500 X237.3 Y227.3 E2516.49997
G1 X237.3 Y212.7 E2516.79133
G1 X235.2 Y212.7 E2516.83323
G1 X235.2 Y227.3 E2517.12459
G0 F9000 X236.092 Y226.29
G1 F2700 E2512.12459
;MESH:NONMESH
G0 F300 X236.092 Y226.29 Z7.2
G0 F9000 X235.43 Y213.5
G0 X234.335 Y213.5
G0 X233.153 Y211.847
G0 X129.347 Y211.847
G0 X128.165 Y213.5
G0 X127.07 Y213.5
G0 X126.5 Y213.5
;TIME_ELAPSED:6253.397508
;LAYER:59
;TYPE:WALL-INNER
;MESH:BusConnAssyAid.stl
G1 F2700 E2517.12459
G1 F1500 X126.5 Y226.5 E2517.38402
G0 F9000 X126.1 Y226.9
G1 F1500 X126.9 Y226.9 E2517.39999
G1 X126.9 Y213.1 E2517.67538
G1 X126.1 Y213.1 E2517.69135
G1 X126.1 Y226.9 E2517.96674
G0 F9000 X125.7 Y227.3
;TYPE:WALL-OUTER
G1 F1500 X127.3 Y227.3 E2517.99867
G1 X127.3 Y212.7 E2518.29003
G1 X125.7 Y212.7 E2518.32196
G1 X125.7 Y227.3 E2518.61332
G1 F2700 E2513.61332
G0 F9000 X125.98 Y227.02
G0 X127.07 Y226.5
G0 X128.165 Y226.5
G0 X129.335 Y226.5
G0 X130.43 Y226.5
G0 X131 Y226.5
;TYPE:WALL-INNER
G1 F2700 E2518.61332
G1 F1500 X131 Y213.5 E2518.87275
G0 F9000 X130.88 Y226.62
G0 X130.6 Y226.9
G1 F1500 X131.4 Y226.9 E2518.88871
G1 X131.4 Y213.1 E2519.1641
G1 X130.6 Y213.1 E2519.18007
G1 X130.6 Y226.9 E2519.45546
G0 F9000 X130.2 Y227.3
;TYPE:WALL-OUTER
G1 F1500 X131.8 Y227.3 E2519.48739
G1 X131.8 Y212.7 E2519.77875
G1 X130.2 Y212.7 E2519.81068
G1 X130.2 Y227.3 E2520.10204
G1 F2700 E2515.10204
G0 F9000 X130.48 Y227.02
G0 X131.57 Y226.5
G0 X132.665 Y226.5
G0 X139.835 Y226.5
G0 X140.93 Y226.5
G0 X141.5 Y226.5
;TYPE:WALL-INNER
G1 F2700 E2520.10204
G1 F1500 X141.5 Y213.5 E2520.36147
G0 F9000 X141.38 Y226.62
G0 X141.1 Y226.9
G1 F1500 X141.9 Y226.9 E2520.37743
G1 X141.9 Y213.1 E2520.65283
G1 X141.1 Y213.1 E2520.66879
G1 X141.1 Y226.9 E2520.94419
G0 F9000 X140.7 Y227.3
;TYPE:WALL-OUTER
G1 F1500 X142.3 Y227.3 E2520.97612
G1 X142.3 Y212.7 E2521.26748
G1 X140.7 Y212.7 E2521.29941
G1 X140.7 Y227.3 E2521.59076
G1 F2700 E2516.59076
G0 F9000 X140.98 Y227.02
G0 X142.07 Y226.5
G0 X143.165 Y226.5
G0 X144.335 Y226.5
G0 X145.43 Y226.5
G0 X146 Y226.5
;TYPE:WALL-INNER
G1 F2700 E2521.59076
G1 F1500 X146 Y213.5 E2521.85019
G0 F9000 X145.88 Y226.62
G0 X145.6 Y226.9
G1 F1500 X146.4 Y226.9 E2521.86616
G1 X146.4 Y213.1 E2522.14155
G1 X145.6 Y213.1 E2522.15752
G1 X145.6 Y226.9 E2522.43291
G0 F9000 X145.2 Y227.3
;TYPE:WALL-OUTER
G1 F1500 X146.8 Y227.3 E2522.46484
G1 X146.8 Y212.7 E2522.7562
G1 X145.2 Y212.7 E2522.78813
G1 X145.2 Y227.3 E2523.07949
G1 F2700 E2518.07949
G0 F9000 X145.48 Y227.02
G0 X146.57 Y226.5
G0 X147.665 Y226.5
G0 X154.835 Y226.5
G0 X155.93 Y226.5
G0 X156.5 Y226.5
;TYPE:WALL-INNER
G1 F2700 E2523.07949
G1 F1500 X156.5 Y213.5 E2523.33892
G0 F9000 X156.38 Y226.62
G0 X156.1 Y226.9
G1 F1500 X156.9 Y226.9 E2523.35488
G1 X156.9 Y213.1 E2523.63028
G1 X156.1 Y213.1 E2523.64624
G1 X156.1 Y226.9 E2523.92163
G0 F9000 X155.7 Y227.3
;TYPE:WALL-OUTER
G1 F1500 X157.3 Y227.3 E2523.95356
G1 X157.3 Y212.7 E2524.24492
G1 X155.7 Y212.7 E2524.27685
G1 X155.7 Y227.3 E2524.56821
G1 F2700 E2519.56821
G0 F9000 X155.98 Y227.02
G0 X157.07 Y226.5
G0 X158.165 Y226.5
G0 X159.335 Y226.5
G0 X160.43 Y226.5
G0 X161 Y226.5
;TYPE:WALL-INNER
G1 F2700 E2524.56821
G1 F1500 X161 Y213.5 E2524.82764
G0 F9000 X160.88 Y226.62
G0 X160.6 Y226.9
G1 F1500 X161.4 Y226.9 E2524.84361
G1 X161.4 Y213.1 E2525.119
G1 X160.6 Y213.1 E2525.13496
G1 X160.6 Y226.9 E2525.41036
G0 F9000 X160.2 Y227.3
;TYPE:WALL-OUTER
G1 F1500 X161.8 Y227.3 E2525.44229
G1 X161.8 Y212.7 E2525.73365
G1 X160.2 Y212.7 E2525.76558
G1 X160.2 Y227.3 E2526.05694
G1 F2700 E2521.05694
G0 F9000 X160.48 Y227.02
G0 X161.57 Y226.5
G0 X162.665 Y226.5
G0 X169.835 Y226.5
G0 X170.93 Y226.5
G0 X171.5 Y226.5
;TYPE:WALL-INNER
G1 F2700 E2526.05694
G1 F1500 X171.5 Y213.5 E2526.31636
G0 F9000 X171.38 Y226.62
G0 X171.1 Y226.9
G1 F1500 X171.9 Y226.9 E2526.33233
G1 X171.9 Y213.1 E2526.60772
G1 X171.1 Y213.1 E2526.62369
G1 X171.1 Y226.9 E2526.89908
G0 F9000 X170.7 Y227.3
;TYPE:WALL-OUTER
G1 F1500 X172.3 Y227.3 E2526.93101
G1 X172.3 Y212.7 E2527.22237
G1 X170.7 Y212.7 E2527.2543
G1 X170.7 Y227.3 E2527.54566
G1 F2700 E2522.54566
G0 F9000 X170.98 Y227.02
G0 X172.07 Y226.5
G0 X173.165 Y226.5
G0 X174.335 Y226.5
G0 X175.43 Y226.5
G0 X176 Y226.5
;TYPE:WALL-INNER
G1 F2700 E2527.54566
G1 F1500 X176 Y213.5 E2527.80509
G0 F9000 X175.88 Y226.62
G0 X175.6 Y226.9
G1 F1500 X176.4 Y226.9 E2527.82105
G1 X176.4 Y213.1 E2528.09645
G1 X175.6 Y213.1 E2528.11241
G1 X175.6 Y226.9 E2528.38781
G0 F9000 X175.2 Y227.3
;TYPE:WALL-OUTER
G1 F1500 X176.8 Y227.3 E2528.41974
G1 X176.8 Y212.7 E2528.71109
G1 X175.2 Y212.7 E2528.74302
G1 X175.2 Y227.3 E2529.03438
G1 F2700 E2524.03438
G0 F9000 X175.48 Y227.02
G0 X176.57 Y226.5
G0 X177.665 Y226.5
G0 X184.835 Y226.5
G0 X185.93 Y226.5
G0 X186.5 Y226.5
;TYPE:WALL-INNER
G1 F2700 E2529.03438
G1 F1500 X186.5 Y213.5 E2529.29381
G0 F9000 X186.38 Y226.62
G0 X186.1 Y226.9
G1 F1500 X186.9 Y226.9 E2529.30978
G1 X186.9 Y213.1 E2529.58517
G1 X186.1 Y213.1 E2529.60114
G1 X186.1 Y226.9 E2529.87653
G0 F9000 X185.7 Y227.3
;TYPE:WALL-OUTER
G1 F1500 X187.3 Y227.3 E2529.90846
G1 X187.3 Y212.7 E2530.19982
G1 X185.7 Y212.7 E2530.23175
G1 X185.7 Y227.3 E2530.52311
G1 F2700 E2525.52311
G0 F9000 X185.98 Y227.02
G0 X187.07 Y226.5
G0 X188.165 Y226.5
G0 X189.335 Y226.5
G0 X190.43 Y226.5
G0 X191 Y226.5
;TYPE:WALL-INNER
G1 F2700 E2530.52311
G1 F1500 X191 Y213.5 E2530.78254
G0 F9000 X190.88 Y226.62
G0 X190.6 Y226.9
G1 F1500 X191.4 Y226.9 E2530.7985
G1 X191.4 Y213.1 E2531.07389
G1 X190.6 Y213.1 E2531.08986
G1 X190.6 Y226.9 E2531.36525
G0 F9000 X190.2 Y227.3
;TYPE:WALL-OUTER
G1 F1500 X191.8 Y227.3 E2531.39718
G1 X191.8 Y212.7 E2531.68854
G1 X190.2 Y212.7 E2531.72047
G1 X190.2 Y227.3 E2532.01183
G1 F2700 E2527.01183
G0 F9000 X190.48 Y227.02
G0 X191.57 Y226.5
G0 X192.665 Y226.5
G0 X199.835 Y226.5
G0 X200.93 Y226.5
G0 X201.5 Y226.5
;TYPE:WALL-INNER
G1 F2700 E2532.01183
G1 F1500 X201.5 Y213.5 E2532.27126
G0 F9000 X201.38 Y226.62
G0 X201.1 Y226.9
G1 F1500 X201.9 Y226.9 E2532.28722
G1 X201.9 Y213.1 E2532.56262
G1 X201.1 Y213.1 E2532.57858
G1 X201.1 Y226.9 E2532.85398
G0 F9000 X200.7 Y227.3
;TYPE:WALL-OUTER
G1 F1500 X202.3 Y227.3 E2532.88591
G1 X202.3 Y212.7 E2533.17726
G1 X200.7 Y212.7 E2533.20919
G1 X200.7 Y227.3 E2533.50055
G1 F2700 E2528.50055
G0 F9000 X200.98 Y227.02
G0 X202.07 Y226.5
G0 X203.165 Y226.5
G0 X204.335 Y226.5
G0 X205.43 Y226.5
G0 X206 Y226.5
;TYPE:WALL-INNER
G1 F2700 E2533.50055
G1 F1500 X206 Y213.5 E2533.75998
G0 F9000 X205.88 Y226.62
G0 X205.6 Y226.9
G1 F1500 X206.4 Y226.9 E2533.77595
G1 X206.4 Y213.1 E2534.05134
G1 X205.6 Y213.1 E2534.06731
G1 X205.6 Y226.9 E2534.3427
G0 F9000 X205.2 Y227.3
;TYPE:WALL-OUTER
G1 F1500 X206.8 Y227.3 E2534.37463
G1 X206.8 Y212.7 E2534.66599
G1 X205.2 Y212.7 E2534.69792
G1 X205.2 Y227.3 E2534.98928
G1 F2700 E2529.98928
G0 F9000 X205.48 Y227.02
G0 X206.57 Y226.5
G0 X207.665 Y226.5
G0 X214.835 Y226.5
G0 X215.93 Y226.5
G0 X216.5 Y226.5
;TYPE:WALL-INNER
G1 F2700 E2534.98928
G1 F1500 X216.5 Y213.5 E2535.24871
G0 F9000 X216.38 Y226.62
G0 X216.1 Y226.9
G1 F1500 X216.9 Y226.9 E2535.26467
G1 X216.9 Y213.1 E2535.54006
G1 X216.1 Y213.1 E2535.55603
G1 X216.1 Y226.9 E2535.83142
G0 F9000 X215.7 Y227.3
;TYPE:WALL-OUTER
G1 F1500 X217.3 Y227.3 E2535.86335
G1 X217.3 Y212.7 E2536.15471
G1 X215.7 Y212.7 E2536.18664
G1 X215.7 Y227.3 E2536.478
G1 F2700 E2531.478
G0 F9000 X215.98 Y227.02
G0 X217.07 Y226.5
G0 X218.165 Y226.5
G0 X219.335 Y226.5
G0 X220.43 Y226.5
G0 X221 Y226.5
;TYPE:WALL-INNER
G1 F2700 E2536.478
G1 F1500 X221 Y213.5 E2536.73743
G0 F9000 X220.88 Y226.62
G0 X220.6 Y226.9
G1 F1500 X221.4 Y226.9 E2536.75339
G1 X221.4 Y213.1 E2537.02879
G1 X220.6 Y213.1 E2537.04475
G1 X220.6 Y226.9 E2537.32015
G0 F9000 X220.2 Y227.3
;TYPE:WALL-OUTER
G1 F1500 X221.8 Y227.3 E2537.35208
G1 X221.8 Y212.7 E2537.64344
G1 X220.2 Y212.7 E2537.67537
G1 X220.2 Y227.3 E2537.96672
G1 F2700 E2532.96672
G0 F9000 X220.48 Y227.02
G0 X221.57 Y226.5
G0 X222.665 Y226.5
G0 X229.835 Y226.5
G0 X230.93 Y226.5
G0 X231.5 Y226.5
;TYPE:WALL-INNER
G1 F2700 E2537.96672
G1 F1500 X231.5 Y213.5 E2538.22615
G0 F9000 X231.38 Y226.62
G0 X231.1 Y226.9
G1 F1500 X231.9 Y226.9 E2538.24212
G1 X231.9 Y213.1 E2538.51751
G1 X231.1 Y213.1 E2538.53348
G1 X231.1 Y226.9 E2538.80887
G0 F9000 X230.7 Y227.3
;TYPE:WALL-OUTER
G1 F1500 X232.3 Y227.3 E2538.8408
G1 X232.3 Y212.7 E2539.13216
G1 X230.7 Y212.7 E2539.16409
G1 X230.7 Y227.3 E2539.45545
G1 F2700 E2534.45545
G0 F9000 X230.98 Y227.02
G0 X232.07 Y226.475
G0 X233.165 Y226.475
G0 X234.335 Y226.475
G0 X235.43 Y226.475
G0 X236.025 Y226.475
;TYPE:WALL-INNER
G1 F2700 E2539.45545
G1 F1333.3 X236.475 Y226.475 E2539.46555
G1 X236.475 Y213.525 E2539.75629
G1 X236.025 Y213.525 E2539.76639
G1 X236.025 Y226.475 E2540.05712
G0 F9000 X235.6 Y226.9
G1 F1500 X236.9 Y226.9 E2540.08307
G1 X236.9 Y213.1 E2540.35846
G1 X235.6 Y213.1 E2540.3844
G1 X235.6 Y226.9 E2540.6598
G0 F9000 X235.2 Y227.3
;TYPE:WALL-OUTER
G1 F1500 X237.3 Y227.3 E2540.70171
G1 X237.3 Y212.7 E2540.99306
G1 X235.2 Y212.7 E2541.03497
G1 X235.2 Y227.3 E2541.32633
G0 F9000 X236.092 Y226.29
G1 F2700 E2536.32633
;MESH:NONMESH
G0 F300 X236.092 Y226.29 Z7.32
G0 F9000 X235.43 Y213.5
G0 X234.335 Y213.5
G0 X233.153 Y211.847
G0 X129.347 Y211.847
G0 X128.165 Y213.5
G0 X127.07 Y213.5
G0 X126.5 Y213.5
;TIME_ELAPSED:6322.687742
;LAYER:60
;TYPE:WALL-INNER
;MESH:BusConnAssyAid.stl
G1 F2700 E2541.32633
G1 F1500 X126.5 Y226.5 E2541.58576
G0 F9000 X126.1 Y226.9
G1 F1500 X126.9 Y226.9 E2541.60172
G1 X126.9 Y213.1 E2541.87712
G1 X126.1 Y213.1 E2541.89308
G1 X126.1 Y226.9 E2542.16848
G0 F9000 X125.7 Y227.3
;TYPE:WALL-OUTER
G1 F1500 X127.3 Y227.3 E2542.20041
G1 X127.3 Y212.7 E2542.49177
G1 X125.7 Y212.7 E2542.5237
G1 X125.7 Y227.3 E2542.81505
G1 F2700 E2537.81505
G0 F9000 X125.98 Y227.02
G0 X127.07 Y226.5
G0 X128.165 Y226.5
G0 X129.335 Y226.5
G0 X130.43 Y226.5
G0 X131 Y226.5
;TYPE:WALL-INNER
G1 F2700 E2542.81505
G1 F1500 X131 Y213.5 E2543.07448
G0 F9000 X130.88 Y226.62
G0 X130.6 Y226.9
G1 F1500 X131.4 Y226.9 E2543.09045
G1 X131.4 Y213.1 E2543.36584
G1 X130.6 Y213.1 E2543.38181
G1 X130.6 Y226.9 E2543.6572
G0 F9000 X130.2 Y227.3
;TYPE:WALL-OUTER
G1 F1500 X131.8 Y227.3 E2543.68913
G1 X131.8 Y212.7 E2543.98049
G1 X130.2 Y212.7 E2544.01242
G1 X130.2 Y227.3 E2544.30378
G1 F2700 E2539.30378
G0 F9000 X130.48 Y227.02
G0 X131.57 Y226.5
G0 X132.665 Y226.5
G0 X139.835 Y226.5
G0 X140.93 Y226.5
G0 X141.5 Y226.5
;TYPE:WALL-INNER
G1 F2700 E2544.30378
G1 F1500 X141.5 Y213.5 E2544.56321
G0 F9000 X141.38 Y226.62
G0 X141.1 Y226.9
G1 F1500 X141.9 Y226.9 E2544.57917
G1 X141.9 Y213.1 E2544.85457
G1 X141.1 Y213.1 E2544.87053
G1 X141.1 Y226.9 E2545.14592
G0 F9000 X140.7 Y227.3
;TYPE:WALL-OUTER
G1 F1500 X142.3 Y227.3 E2545.17785
G1 X142.3 Y212.7 E2545.46921
G1 X140.7 Y212.7 E2545.50114
G1 X140.7 Y227.3 E2545.7925
G1 F2700 E2540.7925
G0 F9000 X140.98 Y227.02
G0 X142.07 Y226.5
G0 X143.165 Y226.5
G0 X144.335 Y226.5
G0 X145.43 Y226.5
G0 X146 Y226.5
;TYPE:WALL-INNER
G1 F2700 E2545.7925
G1 F1500 X146 Y213.5 E2546.05193
G0 F9000 X145.88 Y226.62
G0 X145.6 Y226.9
G1 F1500 X146.4 Y226.9 E2546.0679
G1 X146.4 Y213.1 E2546.34329
G1 X145.6 Y213.1 E2546.35925
G1 X145.6 Y226.9 E2546.63465
G0 F9000 X145.2 Y227.3
;TYPE:WALL-OUTER
G1 F1500 X146.8 Y227.3 E2546.66658
G1 X146.8 Y212.7 E2546.95794
G1 X145.2 Y212.7 E2546.98987
G1 X145.2 Y227.3 E2547.28122
G1 F2700 E2542.28122
G0 F9000 X145.48 Y227.02
G0 X146.57 Y226.5
G0 X147.665 Y226.5
G0 X154.835 Y226.5
G0 X155.93 Y226.5
G0 X156.5 Y226.5
;TYPE:WALL-INNER
G1 F2700 E2547.28122
G1 F1500 X156.5 Y213.5 E2547.54065
G0 F9000 X156.38 Y226.62
G0 X156.1 Y226.9
G1 F1500 X156.9 Y226.9 E2547.55662
G1 X156.9 Y213.1 E2547.83201
G1 X156.1 Y213.1 E2547.84798
G1 X156.1 Y226.9 E2548.12337
G0 F9000 X155.7 Y227.3
;TYPE:WALL-OUTER
G1 F1500 X157.3 Y227.3 E2548.1553
G1 X157.3 Y212.7 E2548.44666
G1 X155.7 Y212.7 E2548.47859
G1 X155.7 Y227.3 E2548.76995
G1 F2700 E2543.76995
G0 F9000 X155.98 Y227.02
G0 X157.07 Y226.5
G0 X158.165 Y226.5
G0 X159.335 Y226.5
G0 X160.43 Y226.5
G0 X161 Y226.5
;TYPE:WALL-INNER
G1 F2700 E2548.76995
G1 F1500 X161 Y213.5 E2549.02938
G0 F9000 X160.88 Y226.62
G0 X160.6 Y226.9
G1 F1500 X161.4 Y226.9 E2549.04534
G1 X161.4 Y213.1 E2549.32074
G1 X160.6 Y213.1 E2549.3367
G1 X160.6 Y226.9 E2549.6121
G0 F9000 X160.2 Y227.3
;TYPE:WALL-OUTER
G1 F1500 X161.8 Y227.3 E2549.64402
G1 X161.8 Y212.7 E2549.93538
G1 X160.2 Y212.7 E2549.96731
G1 X160.2 Y227.3 E2550.25867
G1 F2700 E2545.25867
G0 F9000 X160.48 Y227.02
G0 X161.57 Y226.5
G0 X162.665 Y226.5
G0 X169.835 Y226.5
G0 X170.93 Y226.5
G0 X171.5 Y226.5
;TYPE:WALL-INNER
G1 F2700 E2550.25867
G1 F1500 X171.5 Y213.5 E2550.5181
G0 F9000 X171.38 Y226.62
G0 X171.1 Y226.9
G1 F1500 X171.9 Y226.9 E2550.53407
G1 X171.9 Y213.1 E2550.80946
G1 X171.1 Y213.1 E2550.82542
G1 X171.1 Y226.9 E2551.10082
G0 F9000 X170.7 Y227.3
;TYPE:WALL-OUTER
G1 F1500 X172.3 Y227.3 E2551.13275
G1 X172.3 Y212.7 E2551.42411
G1 X170.7 Y212.7 E2551.45604
G1 X170.7 Y227.3 E2551.7474
G1 F2700 E2546.7474
G0 F9000 X170.98 Y227.02
G0 X172.07 Y226.5
G0 X173.165 Y226.5
G0 X174.335 Y226.5
G0 X175.43 Y226.5
G0 X176 Y226.5
;TYPE:WALL-INNER
G1 F2700 E2551.7474
G1 F1500 X176 Y213.5 E2552.00682
G0 F9000 X175.88 Y226.62
G0 X175.6 Y226.9
G1 F1500 X176.4 Y226.9 E2552.02279
G1 X176.4 Y213.1 E2552.29818
G1 X175.6 Y213.1 E2552.31415
G1 X175.6 Y226.9 E2552.58954
G0 F9000 X175.2 Y227.3
;TYPE:WALL-OUTER
G1 F1500 X176.8 Y227.3 E2552.62147
G1 X176.8 Y212.7 E2552.91283
G1 X175.2 Y212.7 E2552.94476
G1 X175.2 Y227.3 E2553.23612
G1 F2700 E2548.23612
G0 F9000 X175.48 Y227.02
G0 X176.57 Y226.5
G0 X177.665 Y226.5
G0 X184.835 Y226.5
G0 X185.93 Y226.5
G0 X186.5 Y226.5
;TYPE:WALL-INNER
G1 F2700 E2553.23612
G1 F1500 X186.5 Y213.5 E2553.49555
G0 F9000 X186.38 Y226.62
G0 X186.1 Y226.9
G1 F1500 X186.9 Y226.9 E2553.51151
G1 X186.9 Y213.1 E2553.78691
G1 X186.1 Y213.1 E2553.80287
G1 X186.1 Y226.9 E2554.07827
G0 F9000 X185.7 Y227.3
;TYPE:WALL-OUTER
G1 F1500 X187.3 Y227.3 E2554.1102
G1 X187.3 Y212.7 E2554.40155
G1 X185.7 Y212.7 E2554.43348
G1 X185.7 Y227.3 E2554.72484
G1 F2700 E2549.72484
G0 F9000 X185.98 Y227.02
G0 X187.07 Y226.5
G0 X188.165 Y226.5
G0 X189.335 Y226.5
G0 X190.43 Y226.5
G0 X191 Y226.5
;TYPE:WALL-INNER
G1 F2700 E2554.72484
G1 F1500 X191 Y213.5 E2554.98427
G0 F9000 X190.88 Y226.62
G0 X190.6 Y226.9
G1 F1500 X191.4 Y226.9 E2555.00024
G1 X191.4 Y213.1 E2555.27563
G1 X190.6 Y213.1 E2555.2916
G1 X190.6 Y226.9 E2555.56699
G0 F9000 X190.2 Y227.3
;TYPE:WALL-OUTER
G1 F1500 X191.8 Y227.3 E2555.59892
G1 X191.8 Y212.7 E2555.89028
G1 X190.2 Y212.7 E2555.92221
G1 X190.2 Y227.3 E2556.21357
G1 F2700 E2551.21357
G0 F9000 X190.48 Y227.02
G0 X191.57 Y226.5
G0 X192.665 Y226.5
G0 X199.835 Y226.5
G0 X200.93 Y226.5
G0 X201.5 Y226.5
;TYPE:WALL-INNER
G1 F2700 E2556.21357
G1 F1500 X201.5 Y213.5 E2556.473
G0 F9000 X201.38 Y226.62
G0 X201.1 Y226.9
G1 F1500 X201.9 Y226.9 E2556.48896
G1 X201.9 Y213.1 E2556.76435
G1 X201.1 Y213.1 E2556.78032
G1 X201.1 Y226.9 E2557.05571
G0 F9000 X200.7 Y227.3
;TYPE:WALL-OUTER
G1 F1500 X202.3 Y227.3 E2557.08764
G1 X202.3 Y212.7 E2557.379
G1 X200.7 Y212.7 E2557.41093
G1 X200.7 Y227.3 E2557.70229
G1 F2700 E2552.70229
G0 F9000 X200.98 Y227.02
G0 X202.07 Y226.5
G0 X203.165 Y226.5
G0 X204.335 Y226.5
G0 X205.43 Y226.5
G0 X206 Y226.5
;TYPE:WALL-INNER
G1 F2700 E2557.70229
G1 F1500 X206 Y213.5 E2557.96172
G0 F9000 X205.88 Y226.62
G0 X205.6 Y226.9
G1 F1500 X206.4 Y226.9 E2557.97768
G1 X206.4 Y213.1 E2558.25308
G1 X205.6 Y213.1 E2558.26904
G1 X205.6 Y226.9 E2558.54444
G0 F9000 X205.2 Y227.3
;TYPE:WALL-OUTER
G1 F1500 X206.8 Y227.3 E2558.57637
G1 X206.8 Y212.7 E2558.86773
G1 X205.2 Y212.7 E2558.89966
G1 X205.2 Y227.3 E2559.19101
G1 F2700 E2554.19101
G0 F9000 X205.48 Y227.02
G0 X206.57 Y226.5
G0 X207.665 Y226.5
G0 X214.835 Y226.5
G0 X215.93 Y226.5
G0 X216.5 Y226.5
;TYPE:WALL-INNER
G1 F2700 E2559.19101
G1 F1500 X216.5 Y213.5 E2559.45044
G0 F9000 X216.38 Y226.62
G0 X216.1 Y226.9
G1 F1500 X216.9 Y226.9 E2559.46641
G1 X216.9 Y213.1 E2559.7418
G1 X216.1 Y213.1 E2559.75777
G1 X216.1 Y226.9 E2560.03316
G0 F9000 X215.7 Y227.3
;TYPE:WALL-OUTER
G1 F1500 X217.3 Y227.3 E2560.06509
G1 X217.3 Y212.7 E2560.35645
G1 X215.7 Y212.7 E2560.38838
G1 X215.7 Y227.3 E2560.67974
G1 F2700 E2555.67974
G0 F9000 X215.98 Y227.02
G0 X217.07 Y226.5
G0 X218.165 Y226.5
G0 X219.335 Y226.5
G0 X220.43 Y226.5
G0 X221 Y226.5
;TYPE:WALL-INNER
G1 F2700 E2560.67974
G1 F1500 X221 Y213.5 E2560.93917
G0 F9000 X220.88 Y226.62
G0 X220.6 Y226.9
G1 F1500 X221.4 Y226.9 E2560.95513
G1 X221.4 Y213.1 E2561.23053
G1 X220.6 Y213.1 E2561.24649
G1 X220.6 Y226.9 E2561.52188
G0 F9000 X220.2 Y227.3
;TYPE:WALL-OUTER
G1 F1500 X221.8 Y227.3 E2561.55381
G1 X221.8 Y212.7 E2561.84517
G1 X220.2 Y212.7 E2561.8771
G1 X220.2 Y227.3 E2562.16846
G1 F2700 E2557.16846
G0 F9000 X220.48 Y227.02
G0 X221.57 Y226.5
G0 X222.665 Y226.5
G0 X229.835 Y226.5
G0 X230.93 Y226.5
G0 X231.5 Y226.5
;TYPE:WALL-INNER
G1 F2700 E2562.16846
G1 F1500 X231.5 Y213.5 E2562.42789
G0 F9000 X231.38 Y226.62
G0 X231.1 Y226.9
G1 F1500 X231.9 Y226.9 E2562.44386
G1 X231.9 Y213.1 E2562.71925
G1 X231.1 Y213.1 E2562.73521
G1 X231.1 Y226.9 E2563.01061
G0 F9000 X230.7 Y227.3
;TYPE:WALL-OUTER
G1 F1500 X232.3 Y227.3 E2563.04254
G1 X232.3 Y212.7 E2563.3339
G1 X230.7 Y212.7 E2563.36583
G1 X230.7 Y227.3 E2563.65719
G1 F2700 E2558.65719
G0 F9000 X230.98 Y227.02
G0 X232.07 Y226.475
G0 X233.165 Y226.475
G0 X234.335 Y226.475
G0 X235.43 Y226.475
G0 X236.025 Y226.475
;TYPE:WALL-INNER
G1 F2700 E2563.65719
G1 F1333.3 X236.475 Y226.475 E2563.66729
G1 X236.475 Y213.525 E2563.95802
G1 X236.025 Y213.525 E2563.96813
G1 X236.025 Y226.475 E2564.25886
G0 F9000 X235.6 Y226.9
G1 F1500 X236.9 Y226.9 E2564.2848
G1 X236.9 Y213.1 E2564.5602
G1 X235.6 Y213.1 E2564.58614
G1 X235.6 Y226.9 E2564.86153
G0 F9000 X235.2 Y227.3
;TYPE:WALL-OUTER
G1 F1500 X237.3 Y227.3 E2564.90344
G1 X237.3 Y212.7 E2565.1948
G1 X235.2 Y212.7 E2565.23671
G1 X235.2 Y227.3 E2565.52807
G0 F9000 X236.092 Y226.29
G1 F2700 E2560.52807
;MESH:NONMESH
G0 F300 X236.092 Y226.29 Z7.44
G0 F9000 X235.43 Y213.5
G0 X234.335 Y213.5
G0 X233.153 Y211.847
G0 X129.347 Y211.847
G0 X128.165 Y213.5
G0 X127.07 Y213.5
G0 X126.5 Y213.5
;TIME_ELAPSED:6391.977976
;LAYER:61
;TYPE:WALL-INNER
;MESH:BusConnAssyAid.stl
G1 F2700 E2565.52807
G1 F1500 X126.5 Y226.5 E2565.7875
G0 F9000 X126.1 Y226.9
G1 F1500 X126.9 Y226.9 E2565.80346
G1 X126.9 Y213.1 E2566.07886
G1 X126.1 Y213.1 E2566.09482
G1 X126.1 Y226.9 E2566.37021
G0 F9000 X125.7 Y227.3
;TYPE:WALL-OUTER
G1 F1500 X127.3 Y227.3 E2566.40214
G1 X127.3 Y212.7 E2566.6935
G1 X125.7 Y212.7 E2566.72543
G1 X125.7 Y227.3 E2567.01679
G1 F2700 E2562.01679
G0 F9000 X125.98 Y227.02
G0 X127.07 Y226.5
G0 X128.165 Y226.5
G0 X129.335 Y226.5
G0 X130.43 Y226.5
G0 X131 Y226.5
;TYPE:WALL-INNER
G1 F2700 E2567.01679
G1 F1500 X131 Y213.5 E2567.27622
G0 F9000 X130.88 Y226.62
G0 X130.6 Y226.9
G1 F1500 X131.4 Y226.9 E2567.29219
G1 X131.4 Y213.1 E2567.56758
G1 X130.6 Y213.1 E2567.58354
G1 X130.6 Y226.9 E2567.85894
G0 F9000 X130.2 Y227.3
;TYPE:WALL-OUTER
G1 F1500 X131.8 Y227.3 E2567.89087
G1 X131.8 Y212.7 E2568.18223
G1 X130.2 Y212.7 E2568.21416
G1 X130.2 Y227.3 E2568.50551
G1 F2700 E2563.50551
G0 F9000 X130.48 Y227.02
G0 X131.57 Y226.5
G0 X132.665 Y226.5
G0 X139.835 Y226.5
G0 X140.93 Y226.5
G0 X141.5 Y226.5
;TYPE:WALL-INNER
G1 F2700 E2568.50551
G1 F1500 X141.5 Y213.5 E2568.76494
G0 F9000 X141.38 Y226.62
G0 X141.1 Y226.9
G1 F1500 X141.9 Y226.9 E2568.78091
G1 X141.9 Y213.1 E2569.0563
G1 X141.1 Y213.1 E2569.07227
G1 X141.1 Y226.9 E2569.34766
G0 F9000 X140.7 Y227.3
;TYPE:WALL-OUTER
G1 F1500 X142.3 Y227.3 E2569.37959
G1 X142.3 Y212.7 E2569.67095
G1 X140.7 Y212.7 E2569.70288
G1 X140.7 Y227.3 E2569.99424
G1 F2700 E2564.99424
G0 F9000 X140.98 Y227.02
G0 X142.07 Y226.5
G0 X143.165 Y226.5
G0 X144.335 Y226.5
G0 X145.43 Y226.5
G0 X146 Y226.5
;TYPE:WALL-INNER
G1 F2700 E2569.99424
G1 F1500 X146 Y213.5 E2570.25367
G0 F9000 X145.88 Y226.62
G0 X145.6 Y226.9
G1 F1500 X146.4 Y226.9 E2570.26963
G1 X146.4 Y213.1 E2570.54503
G1 X145.6 Y213.1 E2570.56099
G1 X145.6 Y226.9 E2570.83639
G0 F9000 X145.2 Y227.3
;TYPE:WALL-OUTER
G1 F1500 X146.8 Y227.3 E2570.86831
G1 X146.8 Y212.7 E2571.15967
G1 X145.2 Y212.7 E2571.1916
G1 X145.2 Y227.3 E2571.48296
G1 F2700 E2566.48296
G0 F9000 X145.48 Y227.02
G0 X146.57 Y226.5
G0 X147.665 Y226.5
G0 X154.835 Y226.5
G0 X155.93 Y226.5
G0 X156.5 Y226.5
;TYPE:WALL-INNER
G1 F2700 E2571.48296
G1 F1500 X156.5 Y213.5 E2571.74239
G0 F9000 X156.38 Y226.62
G0 X156.1 Y226.9
G1 F1500 X156.9 Y226.9 E2571.75836
G1 X156.9 Y213.1 E2572.03375
G1 X156.1 Y213.1 E2572.04971
G1 X156.1 Y226.9 E2572.32511
G0 F9000 X155.7 Y227.3
;TYPE:WALL-OUTER
G1 F1500 X157.3 Y227.3 E2572.35704
G1 X157.3 Y212.7 E2572.6484
G1 X155.7 Y212.7 E2572.68033
G1 X155.7 Y227.3 E2572.97169
G1 F2700 E2567.97169
G0 F9000 X155.98 Y227.02
G0 X157.07 Y226.5
G0 X158.165 Y226.5
G0 X159.335 Y226.5
G0 X160.43 Y226.5
G0 X161 Y226.5
;TYPE:WALL-INNER
G1 F2700 E2572.97169
G1 F1500 X161 Y213.5 E2573.23111
G0 F9000 X160.88 Y226.62
G0 X160.6 Y226.9
G1 F1500 X161.4 Y226.9 E2573.24708
G1 X161.4 Y213.1 E2573.52247
G1 X160.6 Y213.1 E2573.53844
G1 X160.6 Y226.9 E2573.81383
G0 F9000 X160.2 Y227.3
;TYPE:WALL-OUTER
G1 F1500 X161.8 Y227.3 E2573.84576
G1 X161.8 Y212.7 E2574.13712
G1 X160.2 Y212.7 E2574.16905
G1 X160.2 Y227.3 E2574.46041
G1 F2700 E2569.46041
G0 F9000 X160.48 Y227.02
G0 X161.57 Y226.5
G0 X162.665 Y226.5
G0 X169.835 Y226.5
G0 X170.93 Y226.5
G0 X171.5 Y226.5
;TYPE:WALL-INNER
G1 F2700 E2574.46041
G1 F1500 X171.5 Y213.5 E2574.71984
G0 F9000 X171.38 Y226.62
G0 X171.1 Y226.9
G1 F1500 X171.9 Y226.9 E2574.7358
G1 X171.9 Y213.1 E2575.0112
G1 X171.1 Y213.1 E2575.02716
G1 X171.1 Y226.9 E2575.30256
G0 F9000 X170.7 Y227.3
;TYPE:WALL-OUTER
G1 F1500 X172.3 Y227.3 E2575.33449
G1 X172.3 Y212.7 E2575.62584
G1 X170.7 Y212.7 E2575.65777
G1 X170.7 Y227.3 E2575.94913
G1 F2700 E2570.94913
G0 F9000 X170.98 Y227.02
G0 X172.07 Y226.5
G0 X173.165 Y226.5
G0 X174.335 Y226.5
G0 X175.43 Y226.5
G0 X176 Y226.5
;TYPE:WALL-INNER
G1 F2700 E2575.94913
G1 F1500 X176 Y213.5 E2576.20856
G0 F9000 X175.88 Y226.62
G0 X175.6 Y226.9
G1 F1500 X176.4 Y226.9 E2576.22453
G1 X176.4 Y213.1 E2576.49992
G1 X175.6 Y213.1 E2576.51589
G1 X175.6 Y226.9 E2576.79128
G0 F9000 X175.2 Y227.3
;TYPE:WALL-OUTER
G1 F1500 X176.8 Y227.3 E2576.82321
G1 X176.8 Y212.7 E2577.11457
G1 X175.2 Y212.7 E2577.1465
G1 X175.2 Y227.3 E2577.43786
G1 F2700 E2572.43786
G0 F9000 X175.48 Y227.02
G0 X176.57 Y226.5
G0 X177.665 Y226.5
G0 X184.835 Y226.5
G0 X185.93 Y226.5
G0 X186.5 Y226.5
;TYPE:WALL-INNER
G1 F2700 E2577.43786
G1 F1500 X186.5 Y213.5 E2577.69729
G0 F9000 X186.38 Y226.62
G0 X186.1 Y226.9
G1 F1500 X186.9 Y226.9 E2577.71325
G1 X186.9 Y213.1 E2577.98864
G1 X186.1 Y213.1 E2578.00461
G1 X186.1 Y226.9 E2578.28
G0 F9000 X185.7 Y227.3
;TYPE:WALL-OUTER
G1 F1500 X187.3 Y227.3 E2578.31193
G1 X187.3 Y212.7 E2578.60329
G1 X185.7 Y212.7 E2578.63522
G1 X185.7 Y227.3 E2578.92658
G1 F2700 E2573.92658
G0 F9000 X185.98 Y227.02
G0 X187.07 Y226.5
G0 X188.165 Y226.5
G0 X189.335 Y226.5
G0 X190.43 Y226.5
G0 X191 Y226.5
;TYPE:WALL-INNER
G1 F2700 E2578.92658
G1 F1500 X191 Y213.5 E2579.18601
G0 F9000 X190.88 Y226.62
G0 X190.6 Y226.9
G1 F1500 X191.4 Y226.9 E2579.20197
G1 X191.4 Y213.1 E2579.47737
G1 X190.6 Y213.1 E2579.49333
G1 X190.6 Y226.9 E2579.76873
G0 F9000 X190.2 Y227.3
;TYPE:WALL-OUTER
G1 F1500 X191.8 Y227.3 E2579.80066
G1 X191.8 Y212.7 E2580.09202
G1 X190.2 Y212.7 E2580.12395
G1 X190.2 Y227.3 E2580.4153
G1 F2700 E2575.4153
G0 F9000 X190.48 Y227.02
G0 X191.57 Y226.5
G0 X192.665 Y226.5
G0 X199.835 Y226.5
G0 X200.93 Y226.5
G0 X201.5 Y226.5
;TYPE:WALL-INNER
G1 F2700 E2580.4153
G1 F1500 X201.5 Y213.5 E2580.67473
G0 F9000 X201.38 Y226.62
G0 X201.1 Y226.9
G1 F1500 X201.9 Y226.9 E2580.6907
G1 X201.9 Y213.1 E2580.96609
G1 X201.1 Y213.1 E2580.98206
G1 X201.1 Y226.9 E2581.25745
G0 F9000 X200.7 Y227.3
;TYPE:WALL-OUTER
G1 F1500 X202.3 Y227.3 E2581.28938
G1 X202.3 Y212.7 E2581.58074
G1 X200.7 Y212.7 E2581.61267
G1 X200.7 Y227.3 E2581.90403
G1 F2700 E2576.90403
G0 F9000 X200.98 Y227.02
G0 X202.07 Y226.5
G0 X203.165 Y226.5
G0 X204.335 Y226.5
G0 X205.43 Y226.5
G0 X206 Y226.5
;TYPE:WALL-INNER
G1 F2700 E2581.90403
G1 F1500 X206 Y213.5 E2582.16346
G0 F9000 X205.88 Y226.62
G0 X205.6 Y226.9
G1 F1500 X206.4 Y226.9 E2582.17942
G1 X206.4 Y213.1 E2582.45482
G1 X205.6 Y213.1 E2582.47078
G1 X205.6 Y226.9 E2582.74617
G0 F9000 X205.2 Y227.3
;TYPE:WALL-OUTER
G1 F1500 X206.8 Y227.3 E2582.7781
G1 X206.8 Y212.7 E2583.06946
G1 X205.2 Y212.7 E2583.10139
G1 X205.2 Y227.3 E2583.39275
G1 F2700 E2578.39275
G0 F9000 X205.48 Y227.02
G0 X206.57 Y226.5
G0 X207.665 Y226.5
G0 X214.835 Y226.5
G0 X215.93 Y226.5
G0 X216.5 Y226.5
;TYPE:WALL-INNER
G1 F2700 E2583.39275
G1 F1500 X216.5 Y213.5 E2583.65218
G0 F9000 X216.38 Y226.62
G0 X216.1 Y226.9
G1 F1500 X216.9 Y226.9 E2583.66815
G1 X216.9 Y213.1 E2583.94354
G1 X216.1 Y213.1 E2583.9595
G1 X216.1 Y226.9 E2584.2349
G0 F9000 X215.7 Y227.3
;TYPE:WALL-OUTER
G1 F1500 X217.3 Y227.3 E2584.26683
G1 X217.3 Y212.7 E2584.55819
G1 X215.7 Y212.7 E2584.59012
G1 X215.7 Y227.3 E2584.88148
G1 F2700 E2579.88148
G0 F9000 X215.98 Y227.02
G0 X217.07 Y226.5
G0 X218.165 Y226.5
G0 X219.335 Y226.5
G0 X220.43 Y226.5
G0 X221 Y226.5
;TYPE:WALL-INNER
G1 F2700 E2584.88148
G1 F1500 X221 Y213.5 E2585.1409
G0 F9000 X220.88 Y226.62
G0 X220.6 Y226.9
G1 F1500 X221.4 Y226.9 E2585.15687
G1 X221.4 Y213.1 E2585.43226
G1 X220.6 Y213.1 E2585.44823
G1 X220.6 Y226.9 E2585.72362
G0 F9000 X220.2 Y227.3
;TYPE:WALL-OUTER
G1 F1500 X221.8 Y227.3 E2585.75555
G1 X221.8 Y212.7 E2586.04691
G1 X220.2 Y212.7 E2586.07884
G1 X220.2 Y227.3 E2586.3702
G1 F2700 E2581.3702
G0 F9000 X220.48 Y227.02
G0 X221.57 Y226.5
G0 X222.665 Y226.5
G0 X229.835 Y226.5
G0 X230.93 Y226.5
G0 X231.5 Y226.5
;TYPE:WALL-INNER
G1 F2700 E2586.3702
G1 F1500 X231.5 Y213.5 E2586.62963
G0 F9000 X231.38 Y226.62
G0 X231.1 Y226.9
G1 F1500 X231.9 Y226.9 E2586.64559
G1 X231.9 Y213.1 E2586.92099
G1 X231.1 Y213.1 E2586.93695
G1 X231.1 Y226.9 E2587.21235
G0 F9000 X230.7 Y227.3
;TYPE:WALL-OUTER
G1 F1500 X232.3 Y227.3 E2587.24428
G1 X232.3 Y212.7 E2587.53563
G1 X230.7 Y212.7 E2587.56756
G1 X230.7 Y227.3 E2587.85892
G1 F2700 E2582.85892
G0 F9000 X230.98 Y227.02
G0 X232.07 Y226.475
G0 X233.165 Y226.475
G0 X234.335 Y226.475
G0 X235.43 Y226.475
G0 X236.025 Y226.475
;TYPE:WALL-INNER
G1 F2700 E2587.85892
G1 F1333.3 X236.475 Y226.475 E2587.86903
G1 X236.475 Y213.525 E2588.15976
G1 X236.025 Y213.525 E2588.16986
G1 X236.025 Y226.475 E2588.4606
G0 F9000 X235.6 Y226.9
G1 F1500 X236.9 Y226.9 E2588.48654
G1 X236.9 Y213.1 E2588.76194
G1 X235.6 Y213.1 E2588.78788
G1 X235.6 Y226.9 E2589.06327
G0 F9000 X235.2 Y227.3
;TYPE:WALL-OUTER
G1 F1500 X237.3 Y227.3 E2589.10518
G1 X237.3 Y212.7 E2589.39654
G1 X235.2 Y212.7 E2589.43845
G1 X235.2 Y227.3 E2589.7298
G0 F9000 X236.092 Y226.29
G1 F2700 E2584.7298
;MESH:NONMESH
G0 F300 X236.092 Y226.29 Z7.56
G0 F9000 X235.43 Y213.5
G0 X234.335 Y213.5
G0 X233.153 Y211.847
G0 X129.347 Y211.847
G0 X128.165 Y213.5
G0 X127.07 Y213.5
G0 X126.5 Y213.5
;TIME_ELAPSED:6461.268210
;LAYER:62
;TYPE:WALL-INNER
;MESH:BusConnAssyAid.stl
G1 F2700 E2589.7298
G1 F1500 X126.5 Y226.5 E2589.98923
G0 F9000 X126.1 Y226.9
G1 F1500 X126.9 Y226.9 E2590.0052
G1 X126.9 Y213.1 E2590.28059
G1 X126.1 Y213.1 E2590.29656
G1 X126.1 Y226.9 E2590.57195
G0 F9000 X125.7 Y227.3
;TYPE:WALL-OUTER
G1 F1500 X127.3 Y227.3 E2590.60388
G1 X127.3 Y212.7 E2590.89524
G1 X125.7 Y212.7 E2590.92717
G1 X125.7 Y227.3 E2591.21853
G1 F2700 E2586.21853
G0 F9000 X125.98 Y227.02
G0 X127.07 Y226.5
G0 X128.165 Y226.5
G0 X129.335 Y226.5
G0 X130.43 Y226.5
G0 X131 Y226.5
;TYPE:WALL-INNER
G1 F2700 E2591.21853
G1 F1500 X131 Y213.5 E2591.47796
G0 F9000 X130.88 Y226.62
G0 X130.6 Y226.9
G1 F1500 X131.4 Y226.9 E2591.49392
G1 X131.4 Y213.1 E2591.76932
G1 X130.6 Y213.1 E2591.78528
G1 X130.6 Y226.9 E2592.06068
G0 F9000 X130.2 Y227.3
;TYPE:WALL-OUTER
G1 F1500 X131.8 Y227.3 E2592.0926
G1 X131.8 Y212.7 E2592.38396
G1 X130.2 Y212.7 E2592.41589
G1 X130.2 Y227.3 E2592.70725
G1 F2700 E2587.70725
G0 F9000 X130.48 Y227.02
G0 X131.57 Y226.5
G0 X132.665 Y226.5
G0 X139.835 Y226.5
G0 X140.93 Y226.5
G0 X141.5 Y226.5
;TYPE:WALL-INNER
G1 F2700 E2592.70725
G1 F1500 X141.5 Y213.5 E2592.96668
G0 F9000 X141.38 Y226.62
G0 X141.1 Y226.9
G1 F1500 X141.9 Y226.9 E2592.98265
G1 X141.9 Y213.1 E2593.25804
G1 X141.1 Y213.1 E2593.274
G1 X141.1 Y226.9 E2593.5494
G0 F9000 X140.7 Y227.3
;TYPE:WALL-OUTER
G1 F1500 X142.3 Y227.3 E2593.58133
G1 X142.3 Y212.7 E2593.87269
G1 X140.7 Y212.7 E2593.90462
G1 X140.7 Y227.3 E2594.19598
G1 F2700 E2589.19598
G0 F9000 X140.98 Y227.02
G0 X142.07 Y226.5
G0 X143.165 Y226.5
G0 X144.335 Y226.5
G0 X145.43 Y226.5
G0 X146 Y226.5
;TYPE:WALL-INNER
G1 F2700 E2594.19598
G1 F1500 X146 Y213.5 E2594.4554
G0 F9000 X145.88 Y226.62
G0 X145.6 Y226.9
G1 F1500 X146.4 Y226.9 E2594.47137
G1 X146.4 Y213.1 E2594.74676
G1 X145.6 Y213.1 E2594.76273
G1 X145.6 Y226.9 E2595.03812
G0 F9000 X145.2 Y227.3
;TYPE:WALL-OUTER
G1 F1500 X146.8 Y227.3 E2595.07005
G1 X146.8 Y212.7 E2595.36141
G1 X145.2 Y212.7 E2595.39334
G1 X145.2 Y227.3 E2595.6847
G1 F2700 E2590.6847
G0 F9000 X145.48 Y227.02
G0 X146.57 Y226.5
G0 X147.665 Y226.5
G0 X154.835 Y226.5
G0 X155.93 Y226.5
G0 X156.5 Y226.5
;TYPE:WALL-INNER
G1 F2700 E2595.6847
G1 F1500 X156.5 Y213.5 E2595.94413
G0 F9000 X156.38 Y226.62
G0 X156.1 Y226.9
G1 F1500 X156.9 Y226.9 E2595.96009
G1 X156.9 Y213.1 E2596.23549
G1 X156.1 Y213.1 E2596.25145
G1 X156.1 Y226.9 E2596.52685
G0 F9000 X155.7 Y227.3
;TYPE:WALL-OUTER
G1 F1500 X157.3 Y227.3 E2596.55878
G1 X157.3 Y212.7 E2596.85013
G1 X155.7 Y212.7 E2596.88206
G1 X155.7 Y227.3 E2597.17342
G1 F2700 E2592.17342
G0 F9000 X155.98 Y227.02
G0 X157.07 Y226.5
G0 X158.165 Y226.5
G0 X159.335 Y226.5
G0 X160.43 Y226.5
G0 X161 Y226.5
;TYPE:WALL-INNER
G1 F2700 E2597.17342
G1 F1500 X161 Y213.5 E2597.43285
G0 F9000 X160.88 Y226.62
G0 X160.6 Y226.9
G1 F1500 X161.4 Y226.9 E2597.44882
G1 X161.4 Y213.1 E2597.72421
G1 X160.6 Y213.1 E2597.74018
G1 X160.6 Y226.9 E2598.01557
G0 F9000 X160.2 Y227.3
;TYPE:WALL-OUTER
G1 F1500 X161.8 Y227.3 E2598.0475
G1 X161.8 Y212.7 E2598.33886
G1 X160.2 Y212.7 E2598.37079
G1 X160.2 Y227.3 E2598.66215
G1 F2700 E2593.66215
G0 F9000 X160.48 Y227.02
G0 X161.57 Y226.5
G0 X162.665 Y226.5
G0 X169.835 Y226.5
G0 X170.93 Y226.5
G0 X171.5 Y226.5
;TYPE:WALL-INNER
G1 F2700 E2598.66215
G1 F1500 X171.5 Y213.5 E2598.92158
G0 F9000 X171.38 Y226.62
G0 X171.1 Y226.9
G1 F1500 X171.9 Y226.9 E2598.93754
G1 X171.9 Y213.1 E2599.21293
G1 X171.1 Y213.1 E2599.2289
G1 X171.1 Y226.9 E2599.50429
G0 F9000 X170.7 Y227.3
;TYPE:WALL-OUTER
G1 F1500 X172.3 Y227.3 E2599.53622
G1 X172.3 Y212.7 E2599.82758
G1 X170.7 Y212.7 E2599.85951
G1 X170.7 Y227.3 E2600.15087
G1 F2700 E2595.15087
G0 F9000 X170.98 Y227.02
G0 X172.07 Y226.5
G0 X173.165 Y226.5
G0 X174.335 Y226.5
G0 X175.43 Y226.5
G0 X176 Y226.5
;TYPE:WALL-INNER
G1 F2700 E2600.15087
G1 F1500 X176 Y213.5 E2600.4103
G0 F9000 X175.88 Y226.62
G0 X175.6 Y226.9
G1 F1500 X176.4 Y226.9 E2600.42626
G1 X176.4 Y213.1 E2600.70166
G1 X175.6 Y213.1 E2600.71762
G1 X175.6 Y226.9 E2600.99302
G0 F9000 X175.2 Y227.3
;TYPE:WALL-OUTER
G1 F1500 X176.8 Y227.3 E2601.02495
G1 X176.8 Y212.7 E2601.31631
G1 X175.2 Y212.7 E2601.34824
G1 X175.2 Y227.3 E2601.63959
G1 F2700 E2596.63959
G0 F9000 X175.48 Y227.02
G0 X176.57 Y226.5
G0 X177.665 Y226.5
G0 X184.835 Y226.5
G0 X185.93 Y226.5
G0 X186.5 Y226.5
;TYPE:WALL-INNER
G1 F2700 E2601.63959
G1 F1500 X186.5 Y213.5 E2601.89902
G0 F9000 X186.38 Y226.62
G0 X186.1 Y226.9
G1 F1500 X186.9 Y226.9 E2601.91499
G1 X186.9 Y213.1 E2602.19038
G1 X186.1 Y213.1 E2602.20635
G1 X186.1 Y226.9 E2602.48174
G0 F9000 X185.7 Y227.3
;TYPE:WALL-OUTER
G1 F1500 X187.3 Y227.3 E2602.51367
G1 X187.3 Y212.7 E2602.80503
G1 X185.7 Y212.7 E2602.83696
G1 X185.7 Y227.3 E2603.12832
G1 F2700 E2598.12832
G0 F9000 X185.98 Y227.02
G0 X187.07 Y226.5
G0 X188.165 Y226.5
G0 X189.335 Y226.5
G0 X190.43 Y226.5
G0 X191 Y226.5
;TYPE:WALL-INNER
G1 F2700 E2603.12832
G1 F1500 X191 Y213.5 E2603.38775
G0 F9000 X190.88 Y226.62
G0 X190.6 Y226.9
G1 F1500 X191.4 Y226.9 E2603.40371
G1 X191.4 Y213.1 E2603.67911
G1 X190.6 Y213.1 E2603.69507
G1 X190.6 Y226.9 E2603.97046
G0 F9000 X190.2 Y227.3
;TYPE:WALL-OUTER
G1 F1500 X191.8 Y227.3 E2604.00239
G1 X191.8 Y212.7 E2604.29375
G1 X190.2 Y212.7 E2604.32568
G1 X190.2 Y227.3 E2604.61704
G1 F2700 E2599.61704
G0 F9000 X190.48 Y227.02
G0 X191.57 Y226.5
G0 X192.665 Y226.5
G0 X199.835 Y226.5
G0 X200.93 Y226.5
G0 X201.5 Y226.5
;TYPE:WALL-INNER
G1 F2700 E2604.61704
G1 F1500 X201.5 Y213.5 E2604.87647
G0 F9000 X201.38 Y226.62
G0 X201.1 Y226.9
G1 F1500 X201.9 Y226.9 E2604.89244
G1 X201.9 Y213.1 E2605.16783
G1 X201.1 Y213.1 E2605.18379
G1 X201.1 Y226.9 E2605.45919
G0 F9000 X200.7 Y227.3
;TYPE:WALL-OUTER
G1 F1500 X202.3 Y227.3 E2605.49112
G1 X202.3 Y212.7 E2605.78248
G1 X200.7 Y212.7 E2605.81441
G1 X200.7 Y227.3 E2606.10577
G1 F2700 E2601.10577
G0 F9000 X200.98 Y227.02
G0 X202.07 Y226.5
G0 X203.165 Y226.5
G0 X204.335 Y226.5
G0 X205.43 Y226.5
G0 X206 Y226.5
;TYPE:WALL-INNER
G1 F2700 E2606.10577
G1 F1500 X206 Y213.5 E2606.36519
G0 F9000 X205.88 Y226.62
G0 X205.6 Y226.9
G1 F1500 X206.4 Y226.9 E2606.38116
G1 X206.4 Y213.1 E2606.65655
G1 X205.6 Y213.1 E2606.67252
G1 X205.6 Y226.9 E2606.94791
G0 F9000 X205.2 Y227.3
;TYPE:WALL-OUTER
G1 F1500 X206.8 Y227.3 E2606.97984
G1 X206.8 Y212.7 E2607.2712
G1 X205.2 Y212.7 E2607.30313
G1 X205.2 Y227.3 E2607.59449
G1 F2700 E2602.59449
G0 F9000 X205.48 Y227.02
G0 X206.57 Y226.5
G0 X207.665 Y226.5
G0 X214.835 Y226.5
G0 X215.93 Y226.5
G0 X216.5 Y226.5
;TYPE:WALL-INNER
G1 F2700 E2607.59449
G1 F1500 X216.5 Y213.5 E2607.85392
G0 F9000 X216.38 Y226.62
G0 X216.1 Y226.9
G1 F1500 X216.9 Y226.9 E2607.86988
G1 X216.9 Y213.1 E2608.14528
G1 X216.1 Y213.1 E2608.16124
G1 X216.1 Y226.9 E2608.43664
G0 F9000 X215.7 Y227.3
;TYPE:WALL-OUTER
G1 F1500 X217.3 Y227.3 E2608.46857
G1 X217.3 Y212.7 E2608.75992
G1 X215.7 Y212.7 E2608.79185
G1 X215.7 Y227.3 E2609.08321
G1 F2700 E2604.08321
G0 F9000 X215.98 Y227.02
G0 X217.07 Y226.5
G0 X218.165 Y226.5
G0 X219.335 Y226.5
G0 X220.43 Y226.5
G0 X221 Y226.5
;TYPE:WALL-INNER
G1 F2700 E2609.08321
G1 F1500 X221 Y213.5 E2609.34264
G0 F9000 X220.88 Y226.62
G0 X220.6 Y226.9
G1 F1500 X221.4 Y226.9 E2609.35861
G1 X221.4 Y213.1 E2609.634
G1 X220.6 Y213.1 E2609.64997
G1 X220.6 Y226.9 E2609.92536
G0 F9000 X220.2 Y227.3
;TYPE:WALL-OUTER
G1 F1500 X221.8 Y227.3 E2609.95729
G1 X221.8 Y212.7 E2610.24865
G1 X220.2 Y212.7 E2610.28058
G1 X220.2 Y227.3 E2610.57194
G1 F2700 E2605.57194
G0 F9000 X220.48 Y227.02
G0 X221.57 Y226.5
G0 X222.665 Y226.5
G0 X229.835 Y226.5
G0 X230.93 Y226.5
G0 X231.5 Y226.5
;TYPE:WALL-INNER
G1 F2700 E2610.57194
G1 F1500 X231.5 Y213.5 E2610.83137
G0 F9000 X231.38 Y226.62
G0 X231.1 Y226.9
G1 F1500 X231.9 Y226.9 E2610.84733
G1 X231.9 Y213.1 E2611.12272
G1 X231.1 Y213.1 E2611.13869
G1 X231.1 Y226.9 E2611.41408
G0 F9000 X230.7 Y227.3
;TYPE:WALL-OUTER
G1 F1500 X232.3 Y227.3 E2611.44601
G1 X232.3 Y212.7 E2611.73737
G1 X230.7 Y212.7 E2611.7693
G1 X230.7 Y227.3 E2612.06066
G1 F2700 E2607.06066
G0 F9000 X230.98 Y227.02
G0 X232.07 Y226.475
G0 X233.165 Y226.475
G0 X234.335 Y226.475
G0 X235.43 Y226.475
G0 X236.025 Y226.475
;TYPE:WALL-INNER
G1 F2700 E2612.06066
G1 F1333.3 X236.475 Y226.475 E2612.07076
G1 X236.475 Y213.525 E2612.3615
G1 X236.025 Y213.525 E2612.3716
G1 X236.025 Y226.475 E2612.66234
G0 F9000 X235.6 Y226.9
G1 F1500 X236.9 Y226.9 E2612.68828
G1 X236.9 Y213.1 E2612.96367
G1 X235.6 Y213.1 E2612.98962
G1 X235.6 Y226.9 E2613.26501
G0 F9000 X235.2 Y227.3
;TYPE:WALL-OUTER
G1 F1500 X237.3 Y227.3 E2613.30692
G1 X237.3 Y212.7 E2613.59828
G1 X235.2 Y212.7 E2613.64018
G1 X235.2 Y227.3 E2613.93154
G0 F9000 X236.092 Y226.29
G1 F2700 E2608.93154
;MESH:NONMESH
G0 F300 X236.092 Y226.29 Z7.68
G0 F9000 X235.43 Y213.5
G0 X234.335 Y213.5
G0 X233.153 Y211.847
G0 X129.347 Y211.847
G0 X128.165 Y213.5
G0 X127.07 Y213.5
G0 X126.5 Y213.5
;TIME_ELAPSED:6530.558444
;LAYER:63
;TYPE:WALL-INNER
;MESH:BusConnAssyAid.stl
G1 F2700 E2613.93154
G1 F1500 X126.5 Y226.5 E2614.19097
G0 F9000 X126.1 Y226.9
G1 F1500 X126.9 Y226.9 E2614.20694
G1 X126.9 Y213.1 E2614.48233
G1 X126.1 Y213.1 E2614.49829
G1 X126.1 Y226.9 E2614.77369
G0 F9000 X125.7 Y227.3
;TYPE:WALL-OUTER
G1 F1500 X127.3 Y227.3 E2614.80562
G1 X127.3 Y212.7 E2615.09698
G1 X125.7 Y212.7 E2615.12891
G1 X125.7 Y227.3 E2615.42027
G1 F2700 E2610.42027
G0 F9000 X125.98 Y227.02
G0 X127.07 Y226.5
G0 X128.165 Y226.5
G0 X129.335 Y226.5
G0 X130.43 Y226.5
G0 X131 Y226.5
;TYPE:WALL-INNER
G1 F2700 E2615.42027
G1 F1500 X131 Y213.5 E2615.67969
G0 F9000 X130.88 Y226.62
G0 X130.6 Y226.9
G1 F1500 X131.4 Y226.9 E2615.69566
G1 X131.4 Y213.1 E2615.97105
G1 X130.6 Y213.1 E2615.98702
G1 X130.6 Y226.9 E2616.26241
G0 F9000 X130.2 Y227.3
;TYPE:WALL-OUTER
G1 F1500 X131.8 Y227.3 E2616.29434
G1 X131.8 Y212.7 E2616.5857
G1 X130.2 Y212.7 E2616.61763
G1 X130.2 Y227.3 E2616.90899
G1 F2700 E2611.90899
G0 F9000 X130.48 Y227.02
G0 X131.57 Y226.5
G0 X132.665 Y226.5
G0 X139.835 Y226.5
G0 X140.93 Y226.5
G0 X141.5 Y226.5
;TYPE:WALL-INNER
G1 F2700 E2616.90899
G1 F1500 X141.5 Y213.5 E2617.16842
G0 F9000 X141.38 Y226.62
G0 X141.1 Y226.9
G1 F1500 X141.9 Y226.9 E2617.18438
G1 X141.9 Y213.1 E2617.45978
G1 X141.1 Y213.1 E2617.47574
G1 X141.1 Y226.9 E2617.75114
G0 F9000 X140.7 Y227.3
;TYPE:WALL-OUTER
G1 F1500 X142.3 Y227.3 E2617.78307
G1 X142.3 Y212.7 E2618.07442
G1 X140.7 Y212.7 E2618.10635
G1 X140.7 Y227.3 E2618.39771
G1 F2700 E2613.39771
G0 F9000 X140.98 Y227.02
G0 X142.07 Y226.5
G0 X143.165 Y226.5
G0 X144.335 Y226.5
G0 X145.43 Y226.5
G0 X146 Y226.5
;TYPE:WALL-INNER
G1 F2700 E2618.39771
G1 F1500 X146 Y213.5 E2618.65714
G0 F9000 X145.88 Y226.62
G0 X145.6 Y226.9
G1 F1500 X146.4 Y226.9 E2618.67311
G1 X146.4 Y213.1 E2618.9485
G1 X145.6 Y213.1 E2618.96447
G1 X145.6 Y226.9 E2619.23986
G0 F9000 X145.2 Y227.3
;TYPE:WALL-OUTER
G1 F1500 X146.8 Y227.3 E2619.27179
G1 X146.8 Y212.7 E2619.56315
G1 X145.2 Y212.7 E2619.59508
G1 X145.2 Y227.3 E2619.88644
G1 F2700 E2614.88644
G0 F9000 X145.48 Y227.02
G0 X146.57 Y226.5
G0 X147.665 Y226.5
G0 X154.835 Y226.5
G0 X155.93 Y226.5
G0 X156.5 Y226.5
;TYPE:WALL-INNER
G1 F2700 E2619.88644
G1 F1500 X156.5 Y213.5 E2620.14587
G0 F9000 X156.38 Y226.62
G0 X156.1 Y226.9
G1 F1500 X156.9 Y226.9 E2620.16183
G1 X156.9 Y213.1 E2620.43722
G1 X156.1 Y213.1 E2620.45319
G1 X156.1 Y226.9 E2620.72858
G0 F9000 X155.7 Y227.3
;TYPE:WALL-OUTER
G1 F1500 X157.3 Y227.3 E2620.76051
G1 X157.3 Y212.7 E2621.05187
G1 X155.7 Y212.7 E2621.0838
G1 X155.7 Y227.3 E2621.37516
G1 F2700 E2616.37516
G0 F9000 X155.98 Y227.02
G0 X157.07 Y226.5
G0 X158.165 Y226.5
G0 X159.335 Y226.5
G0 X160.43 Y226.5
G0 X161 Y226.5
;TYPE:WALL-INNER
G1 F2700 E2621.37516
G1 F1500 X161 Y213.5 E2621.63459
G0 F9000 X160.88 Y226.62
G0 X160.6 Y226.9
G1 F1500 X161.4 Y226.9 E2621.65055
G1 X161.4 Y213.1 E2621.92595
G1 X160.6 Y213.1 E2621.94191
G1 X160.6 Y226.9 E2622.21731
G0 F9000 X160.2 Y227.3
;TYPE:WALL-OUTER
G1 F1500 X161.8 Y227.3 E2622.24924
G1 X161.8 Y212.7 E2622.5406
G1 X160.2 Y212.7 E2622.57253
G1 X160.2 Y227.3 E2622.86388
G1 F2700 E2617.86388
G0 F9000 X160.48 Y227.02
G0 X161.57 Y226.5
G0 X162.665 Y226.5
G0 X169.835 Y226.5
G0 X170.93 Y226.5
G0 X171.5 Y226.5
;TYPE:WALL-INNER
G1 F2700 E2622.86388
G1 F1500 X171.5 Y213.5 E2623.12331
G0 F9000 X171.38 Y226.62
G0 X171.1 Y226.9
G1 F1500 X171.9 Y226.9 E2623.13928
G1 X171.9 Y213.1 E2623.41467
G1 X171.1 Y213.1 E2623.43064
G1 X171.1 Y226.9 E2623.70603
G0 F9000 X170.7 Y227.3
;TYPE:WALL-OUTER
G1 F1500 X172.3 Y227.3 E2623.73796
G1 X172.3 Y212.7 E2624.02932
G1 X170.7 Y212.7 E2624.06125
G1 X170.7 Y227.3 E2624.35261
G1 F2700 E2619.35261
G0 F9000 X170.98 Y227.02
G0 X172.07 Y226.5
G0 X173.165 Y226.5
G0 X174.335 Y226.5
G0 X175.43 Y226.5
G0 X176 Y226.5
;TYPE:WALL-INNER
G1 F2700 E2624.35261
G1 F1500 X176 Y213.5 E2624.61204
G0 F9000 X175.88 Y226.62
G0 X175.6 Y226.9
G1 F1500 X176.4 Y226.9 E2624.628
G1 X176.4 Y213.1 E2624.9034
G1 X175.6 Y213.1 E2624.91936
G1 X175.6 Y226.9 E2625.19475
G0 F9000 X175.2 Y227.3
;TYPE:WALL-OUTER
G1 F1500 X176.8 Y227.3 E2625.22668
G1 X176.8 Y212.7 E2625.51804
G1 X175.2 Y212.7 E2625.54997
G1 X175.2 Y227.3 E2625.84133
G1 F2700 E2620.84133
G0 F9000 X175.48 Y227.02
G0 X176.57 Y226.5
G0 X177.665 Y226.5
G0 X184.835 Y226.5
G0 X185.93 Y226.5
G0 X186.5 Y226.5
;TYPE:WALL-INNER
G1 F2700 E2625.84133
G1 F1500 X186.5 Y213.5 E2626.10076
G0 F9000 X186.38 Y226.62
G0 X186.1 Y226.9
G1 F1500 X186.9 Y226.9 E2626.11673
G1 X186.9 Y213.1 E2626.39212
G1 X186.1 Y213.1 E2626.40808
G1 X186.1 Y226.9 E2626.68348
G0 F9000 X185.7 Y227.3
;TYPE:WALL-OUTER
G1 F1500 X187.3 Y227.3 E2626.71541
G1 X187.3 Y212.7 E2627.00677
G1 X185.7 Y212.7 E2627.0387
G1 X185.7 Y227.3 E2627.33006
G1 F2700 E2622.33006
G0 F9000 X185.98 Y227.02
G0 X187.07 Y226.5
G0 X188.165 Y226.5
G0 X189.335 Y226.5
G0 X190.43 Y226.5
G0 X191 Y226.5
;TYPE:WALL-INNER
G1 F2700 E2627.33006
G1 F1500 X191 Y213.5 E2627.58948
G0 F9000 X190.88 Y226.62
G0 X190.6 Y226.9
G1 F1500 X191.4 Y226.9 E2627.60545
G1 X191.4 Y213.1 E2627.88084
G1 X190.6 Y213.1 E2627.89681
G1 X190.6 Y226.9 E2628.1722
G0 F9000 X190.2 Y227.3
;TYPE:WALL-OUTER
G1 F1500 X191.8 Y227.3 E2628.20413
G1 X191.8 Y212.7 E2628.49549
G1 X190.2 Y212.7 E2628.52742
G1 X190.2 Y227.3 E2628.81878
G1 F2700 E2623.81878
G0 F9000 X190.48 Y227.02
G0 X191.57 Y226.5
G0 X192.665 Y226.5
G0 X199.835 Y226.5
G0 X200.93 Y226.5
G0 X201.5 Y226.5
;TYPE:WALL-INNER
G1 F2700 E2628.81878
G1 F1500 X201.5 Y213.5 E2629.07821
G0 F9000 X201.38 Y226.62
G0 X201.1 Y226.9
G1 F1500 X201.9 Y226.9 E2629.09417
G1 X201.9 Y213.1 E2629.36957
G1 X201.1 Y213.1 E2629.38553
G1 X201.1 Y226.9 E2629.66093
G0 F9000 X200.7 Y227.3
;TYPE:WALL-OUTER
G1 F1500 X202.3 Y227.3 E2629.69286
G1 X202.3 Y212.7 E2629.98421
G1 X200.7 Y212.7 E2630.01614
G1 X200.7 Y227.3 E2630.3075
G1 F2700 E2625.3075
G0 F9000 X200.98 Y227.02
G0 X202.07 Y226.5
G0 X203.165 Y226.5
G0 X204.335 Y226.5
G0 X205.43 Y226.5
G0 X206 Y226.5
;TYPE:WALL-INNER
G1 F2700 E2630.3075
G1 F1500 X206 Y213.5 E2630.56693
G0 F9000 X205.88 Y226.62
G0 X205.6 Y226.9
G1 F1500 X206.4 Y226.9 E2630.5829
G1 X206.4 Y213.1 E2630.85829
G1 X205.6 Y213.1 E2630.87426
G1 X205.6 Y226.9 E2631.14965
G0 F9000 X205.2 Y227.3
;TYPE:WALL-OUTER
G1 F1500 X206.8 Y227.3 E2631.18158
G1 X206.8 Y212.7 E2631.47294
G1 X205.2 Y212.7 E2631.50487
G1 X205.2 Y227.3 E2631.79623
G1 F2700 E2626.79623
G0 F9000 X205.48 Y227.02
G0 X206.57 Y226.5
G0 X207.665 Y226.5
G0 X214.835 Y226.5
G0 X215.93 Y226.5
G0 X216.5 Y226.5
;TYPE:WALL-INNER
G1 F2700 E2631.79623
G1 F1500 X216.5 Y213.5 E2632.05566
G0 F9000 X216.38 Y226.62
G0 X216.1 Y226.9
G1 F1500 X216.9 Y226.9 E2632.07162
G1 X216.9 Y213.1 E2632.34701
G1 X216.1 Y213.1 E2632.36298
G1 X216.1 Y226.9 E2632.63837
G0 F9000 X215.7 Y227.3
;TYPE:WALL-OUTER
G1 F1500 X217.3 Y227.3 E2632.6703
G1 X217.3 Y212.7 E2632.96166
G1 X215.7 Y212.7 E2632.99359
G1 X215.7 Y227.3 E2633.28495
G1 F2700 E2628.28495
G0 F9000 X215.98 Y227.02
G0 X217.07 Y226.5
G0 X218.165 Y226.5
G0 X219.335 Y226.5
G0 X220.43 Y226.5
G0 X221 Y226.5
;TYPE:WALL-INNER
G1 F2700 E2633.28495
G1 F1500 X221 Y213.5 E2633.54438
G0 F9000 X220.88 Y226.62
G0 X220.6 Y226.9
G1 F1500 X221.4 Y226.9 E2633.56034
G1 X221.4 Y213.1 E2633.83574
G1 X220.6 Y213.1 E2633.8517
G1 X220.6 Y226.9 E2634.1271
G0 F9000 X220.2 Y227.3
;TYPE:WALL-OUTER
G1 F1500 X221.8 Y227.3 E2634.15903
G1 X221.8 Y212.7 E2634.45038
G1 X220.2 Y212.7 E2634.48231
G1 X220.2 Y227.3 E2634.77367
G1 F2700 E2629.77367
G0 F9000 X220.48 Y227.02
G0 X221.57 Y226.5
G0 X222.665 Y226.5
G0 X229.835 Y226.5
G0 X230.93 Y226.5
G0 X231.5 Y226.5
;TYPE:WALL-INNER
G1 F2700 E2634.77367
G1 F1500 X231.5 Y213.5 E2635.0331
G0 F9000 X231.38 Y226.62
G0 X231.1 Y226.9
G1 F1500 X231.9 Y226.9 E2635.04907
G1 X231.9 Y213.1 E2635.32446
G1 X231.1 Y213.1 E2635.34043
G1 X231.1 Y226.9 E2635.61582
G0 F9000 X230.7 Y227.3
;TYPE:WALL-OUTER
G1 F1500 X232.3 Y227.3 E2635.64775
G1 X232.3 Y212.7 E2635.93911
G1 X230.7 Y212.7 E2635.97104
G1 X230.7 Y227.3 E2636.2624
G1 F2700 E2631.2624
G0 F9000 X230.98 Y227.02
G0 X232.07 Y226.475
G0 X233.165 Y226.475
G0 X234.335 Y226.475
G0 X235.43 Y226.475
G0 X236.025 Y226.475
;TYPE:WALL-INNER
G1 F2700 E2636.2624
G1 F1333.3 X236.475 Y226.475 E2636.2725
G1 X236.475 Y213.525 E2636.56323
G1 X236.025 Y213.525 E2636.57334
G1 X236.025 Y226.475 E2636.86407
G0 F9000 X235.6 Y226.9
G1 F1500 X236.9 Y226.9 E2636.89002
G1 X236.9 Y213.1 E2637.16541
G1 X235.6 Y213.1 E2637.19135
G1 X235.6 Y226.9 E2637.46675
G0 F9000 X235.2 Y227.3
;TYPE:WALL-OUTER
G1 F1500 X237.3 Y227.3 E2637.50865
G1 X237.3 Y212.7 E2637.80001
G1 X235.2 Y212.7 E2637.84192
G1 X235.2 Y227.3 E2638.13328
G0 F9000 X236.092 Y226.29
G1 F2700 E2633.13328
;MESH:NONMESH
G0 F300 X236.092 Y226.29 Z7.8
G0 F9000 X235.43 Y213.5
G0 X234.335 Y213.5
G0 X233.153 Y211.847
G0 X129.347 Y211.847
G0 X128.165 Y213.5
G0 X127.07 Y213.5
G0 X126.5 Y213.5
;TIME_ELAPSED:6599.848678
;LAYER:64
;TYPE:WALL-INNER
;MESH:BusConnAssyAid.stl
G1 F2700 E2638.13328
G1 F1500 X126.5 Y226.5 E2638.39271
G0 F9000 X126.1 Y226.9
G1 F1500 X126.9 Y226.9 E2638.40867
G1 X126.9 Y213.1 E2638.68407
G1 X126.1 Y213.1 E2638.70003
G1 X126.1 Y226.9 E2638.97543
G0 F9000 X125.7 Y227.3
;TYPE:WALL-OUTER
G1 F1500 X127.3 Y227.3 E2639.00736
G1 X127.3 Y212.7 E2639.29871
G1 X125.7 Y212.7 E2639.33064
G1 X125.7 Y227.3 E2639.622
G1 F2700 E2634.622
G0 F9000 X125.98 Y227.02
G0 X127.07 Y226.5
G0 X128.165 Y226.5
G0 X129.335 Y226.5
G0 X130.43 Y226.5
G0 X131 Y226.5
;TYPE:WALL-INNER
G1 F2700 E2639.622
G1 F1500 X131 Y213.5 E2639.88143
G0 F9000 X130.88 Y226.62
G0 X130.6 Y226.9
G1 F1500 X131.4 Y226.9 E2639.8974
G1 X131.4 Y213.1 E2640.17279
G1 X130.6 Y213.1 E2640.18876
G1 X130.6 Y226.9 E2640.46415
G0 F9000 X130.2 Y227.3
;TYPE:WALL-OUTER
G1 F1500 X131.8 Y227.3 E2640.49608
G1 X131.8 Y212.7 E2640.78744
G1 X130.2 Y212.7 E2640.81937
G1 X130.2 Y227.3 E2641.11073
G1 F2700 E2636.11073
G0 F9000 X130.48 Y227.02
G0 X131.57 Y226.5
G0 X132.665 Y226.5
G0 X139.835 Y226.5
G0 X140.93 Y226.5
G0 X141.5 Y226.5
;TYPE:WALL-INNER
G1 F2700 E2641.11073
G1 F1500 X141.5 Y213.5 E2641.37016
G0 F9000 X141.38 Y226.62
G0 X141.1 Y226.9
G1 F1500 X141.9 Y226.9 E2641.38612
G1 X141.9 Y213.1 E2641.66151
G1 X141.1 Y213.1 E2641.67748
G1 X141.1 Y226.9 E2641.95287
G0 F9000 X140.7 Y227.3
;TYPE:WALL-OUTER
G1 F1500 X142.3 Y227.3 E2641.9848
G1 X142.3 Y212.7 E2642.27616
G1 X140.7 Y212.7 E2642.30809
G1 X140.7 Y227.3 E2642.59945
G1 F2700 E2637.59945
G0 F9000 X140.98 Y227.02
G0 X142.07 Y226.5
G0 X143.165 Y226.5
G0 X144.335 Y226.5
G0 X145.43 Y226.5
G0 X146 Y226.5
;TYPE:WALL-INNER
G1 F2700 E2642.59945
G1 F1500 X146 Y213.5 E2642.85888
G0 F9000 X145.88 Y226.62
G0 X145.6 Y226.9
G1 F1500 X146.4 Y226.9 E2642.87484
G1 X146.4 Y213.1 E2643.15024
G1 X145.6 Y213.1 E2643.1662
G1 X145.6 Y226.9 E2643.4416
G0 F9000 X145.2 Y227.3
;TYPE:WALL-OUTER
G1 F1500 X146.8 Y227.3 E2643.47353
G1 X146.8 Y212.7 E2643.76489
G1 X145.2 Y212.7 E2643.79682
G1 X145.2 Y227.3 E2644.08817
G1 F2700 E2639.08817
G0 F9000 X145.48 Y227.02
G0 X146.57 Y226.5
G0 X147.665 Y226.5
G0 X154.835 Y226.5
G0 X155.93 Y226.5
G0 X156.5 Y226.5
;TYPE:WALL-INNER
G1 F2700 E2644.08817
G1 F1500 X156.5 Y213.5 E2644.3476
G0 F9000 X156.38 Y226.62
G0 X156.1 Y226.9
G1 F1500 X156.9 Y226.9 E2644.36357
G1 X156.9 Y213.1 E2644.63896
G1 X156.1 Y213.1 E2644.65493
G1 X156.1 Y226.9 E2644.93032
G0 F9000 X155.7 Y227.3
;TYPE:WALL-OUTER
G1 F1500 X157.3 Y227.3 E2644.96225
G1 X157.3 Y212.7 E2645.25361
G1 X155.7 Y212.7 E2645.28554
G1 X155.7 Y227.3 E2645.5769
G1 F2700 E2640.5769
G0 F9000 X155.98 Y227.02
G0 X157.07 Y226.5
G0 X158.165 Y226.5
G0 X159.335 Y226.5
G0 X160.43 Y226.5
G0 X161 Y226.5
;TYPE:WALL-INNER
G1 F2700 E2645.5769
G1 F1500 X161 Y213.5 E2645.83633
G0 F9000 X160.88 Y226.62
G0 X160.6 Y226.9
G1 F1500 X161.4 Y226.9 E2645.85229
G1 X161.4 Y213.1 E2646.12769
G1 X160.6 Y213.1 E2646.14365
G1 X160.6 Y226.9 E2646.41904
G0 F9000 X160.2 Y227.3
;TYPE:WALL-OUTER
G1 F1500 X161.8 Y227.3 E2646.45097
G1 X161.8 Y212.7 E2646.74233
G1 X160.2 Y212.7 E2646.77426
G1 X160.2 Y227.3 E2647.06562
G1 F2700 E2642.06562
G0 F9000 X160.48 Y227.02
G0 X161.57 Y226.5
G0 X162.665 Y226.5
G0 X169.835 Y226.5
G0 X170.93 Y226.5
G0 X171.5 Y226.5
;TYPE:WALL-INNER
G1 F2700 E2647.06562
G1 F1500 X171.5 Y213.5 E2647.32505
G0 F9000 X171.38 Y226.62
G0 X171.1 Y226.9
G1 F1500 X171.9 Y226.9 E2647.34102
G1 X171.9 Y213.1 E2647.61641
G1 X171.1 Y213.1 E2647.63237
G1 X171.1 Y226.9 E2647.90777
G0 F9000 X170.7 Y227.3
;TYPE:WALL-OUTER
G1 F1500 X172.3 Y227.3 E2647.9397
G1 X172.3 Y212.7 E2648.23106
G1 X170.7 Y212.7 E2648.26299
G1 X170.7 Y227.3 E2648.55434
G1 F2700 E2643.55434
G0 F9000 X170.98 Y227.02
G0 X172.07 Y226.5
G0 X173.165 Y226.5
G0 X174.335 Y226.5
G0 X175.43 Y226.5
G0 X176 Y226.5
;TYPE:WALL-INNER
G1 F2700 E2648.55434
G1 F1500 X176 Y213.5 E2648.81377
G0 F9000 X175.88 Y226.62
G0 X175.6 Y226.9
G1 F1500 X176.4 Y226.9 E2648.82974
G1 X176.4 Y213.1 E2649.10513
G1 X175.6 Y213.1 E2649.1211
G1 X175.6 Y226.9 E2649.39649
G0 F9000 X175.2 Y227.3
;TYPE:WALL-OUTER
G1 F1500 X176.8 Y227.3 E2649.42842
G1 X176.8 Y212.7 E2649.71978
G1 X175.2 Y212.7 E2649.75171
G1 X175.2 Y227.3 E2650.04307
G1 F2700 E2645.04307
G0 F9000 X175.48 Y227.02
G0 X176.57 Y226.5
G0 X177.665 Y226.5
G0 X184.835 Y226.5
G0 X185.93 Y226.5
G0 X186.5 Y226.5
;TYPE:WALL-INNER
G1 F2700 E2650.04307
G1 F1500 X186.5 Y213.5 E2650.3025
G0 F9000 X186.38 Y226.62
G0 X186.1 Y226.9
G1 F1500 X186.9 Y226.9 E2650.31846
G1 X186.9 Y213.1 E2650.59386
G1 X186.1 Y213.1 E2650.60982
G1 X186.1 Y226.9 E2650.88522
G0 F9000 X185.7 Y227.3
;TYPE:WALL-OUTER
G1 F1500 X187.3 Y227.3 E2650.91714
G1 X187.3 Y212.7 E2651.2085
G1 X185.7 Y212.7 E2651.24043
G1 X185.7 Y227.3 E2651.53179
G1 F2700 E2646.53179
G0 F9000 X185.98 Y227.02
G0 X187.07 Y226.5
G0 X188.165 Y226.5
G0 X189.335 Y226.5
G0 X190.43 Y226.5
G0 X191 Y226.5
;TYPE:WALL-INNER
G1 F2700 E2651.53179
G1 F1500 X191 Y213.5 E2651.79122
G0 F9000 X190.88 Y226.62
G0 X190.6 Y226.9
G1 F1500 X191.4 Y226.9 E2651.80719
G1 X191.4 Y213.1 E2652.08258
G1 X190.6 Y213.1 E2652.09854
G1 X190.6 Y226.9 E2652.37394
G0 F9000 X190.2 Y227.3
;TYPE:WALL-OUTER
G1 F1500 X191.8 Y227.3 E2652.40587
G1 X191.8 Y212.7 E2652.69723
G1 X190.2 Y212.7 E2652.72916
G1 X190.2 Y227.3 E2653.02052
G1 F2700 E2648.02052
G0 F9000 X190.48 Y227.02
G0 X191.57 Y226.5
G0 X192.665 Y226.5
G0 X199.835 Y226.5
G0 X200.93 Y226.5
G0 X201.5 Y226.5
;TYPE:WALL-INNER
G1 F2700 E2653.02052
G1 F1500 X201.5 Y213.5 E2653.27994
G0 F9000 X201.38 Y226.62
G0 X201.1 Y226.9
G1 F1500 X201.9 Y226.9 E2653.29591
G1 X201.9 Y213.1 E2653.5713
G1 X201.1 Y213.1 E2653.58727
G1 X201.1 Y226.9 E2653.86266
G0 F9000 X200.7 Y227.3
;TYPE:WALL-OUTER
G1 F1500 X202.3 Y227.3 E2653.89459
G1 X202.3 Y212.7 E2654.18595
G1 X200.7 Y212.7 E2654.21788
G1 X200.7 Y227.3 E2654.50924
G1 F2700 E2649.50924
G0 F9000 X200.98 Y227.02
G0 X202.07 Y226.5
G0 X203.165 Y226.5
G0 X204.335 Y226.5
G0 X205.43 Y226.5
G0 X206 Y226.5
;TYPE:WALL-INNER
G1 F2700 E2654.50924
G1 F1500 X206 Y213.5 E2654.76867
G0 F9000 X205.88 Y226.62
G0 X205.6 Y226.9
G1 F1500 X206.4 Y226.9 E2654.78463
G1 X206.4 Y213.1 E2655.06003
G1 X205.6 Y213.1 E2655.07599
G1 X205.6 Y226.9 E2655.35139
G0 F9000 X205.2 Y227.3
;TYPE:WALL-OUTER
G1 F1500 X206.8 Y227.3 E2655.38332
G1 X206.8 Y212.7 E2655.67467
G1 X205.2 Y212.7 E2655.7066
G1 X205.2 Y227.3 E2655.99796
G1 F2700 E2650.99796
G0 F9000 X205.48 Y227.02
G0 X206.57 Y226.5
G0 X207.665 Y226.5
G0 X214.835 Y226.5
G0 X215.93 Y226.5
G0 X216.5 Y226.5
;TYPE:WALL-INNER
G1 F2700 E2655.99796
G1 F1500 X216.5 Y213.5 E2656.25739
G0 F9000 X216.38 Y226.62
G0 X216.1 Y226.9
G1 F1500 X216.9 Y226.9 E2656.27336
G1 X216.9 Y213.1 E2656.54875
G1 X216.1 Y213.1 E2656.56472
G1 X216.1 Y226.9 E2656.84011
G0 F9000 X215.7 Y227.3
;TYPE:WALL-OUTER
G1 F1500 X217.3 Y227.3 E2656.87204
G1 X217.3 Y212.7 E2657.1634
G1 X215.7 Y212.7 E2657.19533
G1 X215.7 Y227.3 E2657.48669
G1 F2700 E2652.48669
G0 F9000 X215.98 Y227.02
G0 X217.07 Y226.5
G0 X218.165 Y226.5
G0 X219.335 Y226.5
G0 X220.43 Y226.5
G0 X221 Y226.5
;TYPE:WALL-INNER
G1 F2700 E2657.48669
G1 F1500 X221 Y213.5 E2657.74612
G0 F9000 X220.88 Y226.62
G0 X220.6 Y226.9
G1 F1500 X221.4 Y226.9 E2657.76208
G1 X221.4 Y213.1 E2658.03747
G1 X220.6 Y213.1 E2658.05344
G1 X220.6 Y226.9 E2658.32883
G0 F9000 X220.2 Y227.3
;TYPE:WALL-OUTER
G1 F1500 X221.8 Y227.3 E2658.36076
G1 X221.8 Y212.7 E2658.65212
G1 X220.2 Y212.7 E2658.68405
G1 X220.2 Y227.3 E2658.97541
G1 F2700 E2653.97541
G0 F9000 X220.48 Y227.02
G0 X221.57 Y226.5
G0 X222.665 Y226.5
G0 X229.835 Y226.5
G0 X230.93 Y226.5
G0 X231.5 Y226.5
;TYPE:WALL-INNER
G1 F2700 E2658.97541
G1 F1500 X231.5 Y213.5 E2659.23484
G0 F9000 X231.38 Y226.62
G0 X231.1 Y226.9
G1 F1500 X231.9 Y226.9 E2659.2508
G1 X231.9 Y213.1 E2659.5262
G1 X231.1 Y213.1 E2659.54216
G1 X231.1 Y226.9 E2659.81756
G0 F9000 X230.7 Y227.3
;TYPE:WALL-OUTER
G1 F1500 X232.3 Y227.3 E2659.84949
G1 X232.3 Y212.7 E2660.14085
G1 X230.7 Y212.7 E2660.17278
G1 X230.7 Y227.3 E2660.46413
G1 F2700 E2655.46413
G0 F9000 X230.98 Y227.02
G0 X232.07 Y226.475
G0 X233.165 Y226.475
G0 X234.335 Y226.475
G0 X235.43 Y226.475
G0 X236.025 Y226.475
;TYPE:WALL-INNER
G1 F2700 E2660.46413
G1 F1333.3 X236.475 Y226.475 E2660.47424
G1 X236.475 Y213.525 E2660.76497
G1 X236.025 Y213.525 E2660.77507
G1 X236.025 Y226.475 E2661.06581
G0 F9000 X235.6 Y226.9
G1 F1500 X236.9 Y226.9 E2661.09175
G1 X236.9 Y213.1 E2661.36715
G1 X235.6 Y213.1 E2661.39309
G1 X235.6 Y226.9 E2661.66848
G0 F9000 X235.2 Y227.3
;TYPE:WALL-OUTER
G1 F1500 X237.3 Y227.3 E2661.71039
G1 X237.3 Y212.7 E2662.00175
G1 X235.2 Y212.7 E2662.04366
G1 X235.2 Y227.3 E2662.33502
G0 F9000 X236.092 Y226.29
G1 F2700 E2657.33502
;MESH:NONMESH
G0 F300 X236.092 Y226.29 Z7.92
G0 F9000 X235.43 Y213.5
G0 X234.335 Y213.5
G0 X233.153 Y211.847
G0 X129.347 Y211.847
G0 X128.165 Y213.5
G0 X127.07 Y213.5
G0 X126.5 Y213.5
;TIME_ELAPSED:6669.138912
;LAYER:65
;TYPE:WALL-INNER
;MESH:BusConnAssyAid.stl
G1 F2700 E2662.33502
G1 F1500 X126.5 Y226.5 E2662.59445
G0 F9000 X126.1 Y226.9
G1 F1500 X126.9 Y226.9 E2662.61041
G1 X126.9 Y213.1 E2662.8858
G1 X126.1 Y213.1 E2662.90177
G1 X126.1 Y226.9 E2663.17716
G0 F9000 X125.7 Y227.3
;TYPE:WALL-OUTER
G1 F1500 X127.3 Y227.3 E2663.20909
G1 X127.3 Y212.7 E2663.50045
G1 X125.7 Y212.7 E2663.53238
G1 X125.7 Y227.3 E2663.82374
G1 F2700 E2658.82374
G0 F9000 X125.98 Y227.02
G0 X127.07 Y226.5
G0 X128.165 Y226.5
G0 X129.335 Y226.5
G0 X130.43 Y226.5
G0 X131 Y226.5
;TYPE:WALL-INNER
G1 F2700 E2663.82374
G1 F1500 X131 Y213.5 E2664.08317
G0 F9000 X130.88 Y226.62
G0 X130.6 Y226.9
G1 F1500 X131.4 Y226.9 E2664.09913
G1 X131.4 Y213.1 E2664.37453
G1 X130.6 Y213.1 E2664.39049
G1 X130.6 Y226.9 E2664.66589
G0 F9000 X130.2 Y227.3
;TYPE:WALL-OUTER
G1 F1500 X131.8 Y227.3 E2664.69782
G1 X131.8 Y212.7 E2664.98918
G1 X130.2 Y212.7 E2665.02111
G1 X130.2 Y227.3 E2665.31246
G1 F2700 E2660.31246
G0 F9000 X130.48 Y227.02
G0 X131.57 Y226.5
G0 X132.665 Y226.5
G0 X139.835 Y226.5
G0 X140.93 Y226.5
G0 X141.5 Y226.5
;TYPE:WALL-INNER
G1 F2700 E2665.31246
G1 F1500 X141.5 Y213.5 E2665.57189
G0 F9000 X141.38 Y226.62
G0 X141.1 Y226.9
G1 F1500 X141.9 Y226.9 E2665.58786
G1 X141.9 Y213.1 E2665.86325
G1 X141.1 Y213.1 E2665.87922
G1 X141.1 Y226.9 E2666.15461
G0 F9000 X140.7 Y227.3
;TYPE:WALL-OUTER
G1 F1500 X142.3 Y227.3 E2666.18654
G1 X142.3 Y212.7 E2666.4779
G1 X140.7 Y212.7 E2666.50983
G1 X140.7 Y227.3 E2666.80119
G1 F2700 E2661.80119
G0 F9000 X140.98 Y227.02
G0 X142.07 Y226.5
G0 X143.165 Y226.5
G0 X144.335 Y226.5
G0 X145.43 Y226.5
G0 X146 Y226.5
;TYPE:WALL-INNER
G1 F2700 E2666.80119
G1 F1500 X146 Y213.5 E2667.06062
G0 F9000 X145.88 Y226.62
G0 X145.6 Y226.9
G1 F1500 X146.4 Y226.9 E2667.07658
G1 X146.4 Y213.1 E2667.35198
G1 X145.6 Y213.1 E2667.36794
G1 X145.6 Y226.9 E2667.64333
G0 F9000 X145.2 Y227.3
;TYPE:WALL-OUTER
G1 F1500 X146.8 Y227.3 E2667.67526
G1 X146.8 Y212.7 E2667.96662
G1 X145.2 Y212.7 E2667.99855
G1 X145.2 Y227.3 E2668.28991
G1 F2700 E2663.28991
G0 F9000 X145.48 Y227.02
G0 X146.57 Y226.5
G0 X147.665 Y226.5
G0 X154.835 Y226.5
G0 X155.93 Y226.5
G0 X156.5 Y226.5
;TYPE:WALL-INNER
G1 F2700 E2668.28991
G1 F1500 X156.5 Y213.5 E2668.54934
G0 F9000 X156.38 Y226.62
G0 X156.1 Y226.9
G1 F1500 X156.9 Y226.9 E2668.56531
G1 X156.9 Y213.1 E2668.8407
G1 X156.1 Y213.1 E2668.85666
G1 X156.1 Y226.9 E2669.13206
G0 F9000 X155.7 Y227.3
;TYPE:WALL-OUTER
G1 F1500 X157.3 Y227.3 E2669.16399
G1 X157.3 Y212.7 E2669.45535
G1 X155.7 Y212.7 E2669.48728
G1 X155.7 Y227.3 E2669.77863
G1 F2700 E2664.77863
G0 F9000 X155.98 Y227.02
G0 X157.07 Y226.5
G0 X158.165 Y226.5
G0 X159.335 Y226.5
G0 X160.43 Y226.5
G0 X161 Y226.5
;TYPE:WALL-INNER
G1 F2700 E2669.77863
G1 F1500 X161 Y213.5 E2670.03806
G0 F9000 X160.88 Y226.62
G0 X160.6 Y226.9
G1 F1500 X161.4 Y226.9 E2670.05403
G1 X161.4 Y213.1 E2670.32942
G1 X160.6 Y213.1 E2670.34539
G1 X160.6 Y226.9 E2670.62078
G0 F9000 X160.2 Y227.3
;TYPE:WALL-OUTER
G1 F1500 X161.8 Y227.3 E2670.65271
G1 X161.8 Y212.7 E2670.94407
G1 X160.2 Y212.7 E2670.976
G1 X160.2 Y227.3 E2671.26736
G1 F2700 E2666.26736
G0 F9000 X160.48 Y227.02
G0 X161.57 Y226.5
G0 X162.665 Y226.5
G0 X169.835 Y226.5
G0 X170.93 Y226.5
G0 X171.5 Y226.5
;TYPE:WALL-INNER
G1 F2700 E2671.26736
G1 F1500 X171.5 Y213.5 E2671.52679
G0 F9000 X171.38 Y226.62
G0 X171.1 Y226.9
G1 F1500 X171.9 Y226.9 E2671.54275
G1 X171.9 Y213.1 E2671.81815
G1 X171.1 Y213.1 E2671.83411
G1 X171.1 Y226.9 E2672.10951
G0 F9000 X170.7 Y227.3
;TYPE:WALL-OUTER
G1 F1500 X172.3 Y227.3 E2672.14143
G1 X172.3 Y212.7 E2672.43279
G1 X170.7 Y212.7 E2672.46472
G1 X170.7 Y227.3 E2672.75608
G1 F2700 E2667.75608
G0 F9000 X170.98 Y227.02
G0 X172.07 Y226.5
G0 X173.165 Y226.5
G0 X174.335 Y226.5
G0 X175.43 Y226.5
G0 X176 Y226.5
;TYPE:WALL-INNER
G1 F2700 E2672.75608
G1 F1500 X176 Y213.5 E2673.01551
G0 F9000 X175.88 Y226.62
G0 X175.6 Y226.9
G1 F1500 X176.4 Y226.9 E2673.03148
G1 X176.4 Y213.1 E2673.30687
G1 X175.6 Y213.1 E2673.32283
G1 X175.6 Y226.9 E2673.59823
G0 F9000 X175.2 Y227.3
;TYPE:WALL-OUTER
G1 F1500 X176.8 Y227.3 E2673.63016
G1 X176.8 Y212.7 E2673.92152
G1 X175.2 Y212.7 E2673.95345
G1 X175.2 Y227.3 E2674.24481
G1 F2700 E2669.24481
G0 F9000 X175.48 Y227.02
G0 X176.57 Y226.5
G0 X177.665 Y226.5
G0 X184.835 Y226.5
G0 X185.93 Y226.5
G0 X186.5 Y226.5
;TYPE:WALL-INNER
G1 F2700 E2674.24481
G1 F1500 X186.5 Y213.5 E2674.50423
G0 F9000 X186.38 Y226.62
G0 X186.1 Y226.9
G1 F1500 X186.9 Y226.9 E2674.5202
G1 X186.9 Y213.1 E2674.79559
G1 X186.1 Y213.1 E2674.81156
G1 X186.1 Y226.9 E2675.08695
G0 F9000 X185.7 Y227.3
;TYPE:WALL-OUTER
G1 F1500 X187.3 Y227.3 E2675.11888
G1 X187.3 Y212.7 E2675.41024
G1 X185.7 Y212.7 E2675.44217
G1 X185.7 Y227.3 E2675.73353
G1 F2700 E2670.73353
G0 F9000 X185.98 Y227.02
G0 X187.07 Y226.5
G0 X188.165 Y226.5
G0 X189.335 Y226.5
G0 X190.43 Y226.5
G0 X191 Y226.5
;TYPE:WALL-INNER
G1 F2700 E2675.73353
G1 F1500 X191 Y213.5 E2675.99296
G0 F9000 X190.88 Y226.62
G0 X190.6 Y226.9
G1 F1500 X191.4 Y226.9 E2676.00892
G1 X191.4 Y213.1 E2676.28432
G1 X190.6 Y213.1 E2676.30028
G1 X190.6 Y226.9 E2676.57568
G0 F9000 X190.2 Y227.3
;TYPE:WALL-OUTER
G1 F1500 X191.8 Y227.3 E2676.60761
G1 X191.8 Y212.7 E2676.89896
G1 X190.2 Y212.7 E2676.93089
G1 X190.2 Y227.3 E2677.22225
G1 F2700 E2672.22225
G0 F9000 X190.48 Y227.02
G0 X191.57 Y226.5
G0 X192.665 Y226.5
G0 X199.835 Y226.5
G0 X200.93 Y226.5
G0 X201.5 Y226.5
;TYPE:WALL-INNER
G1 F2700 E2677.22225
G1 F1500 X201.5 Y213.5 E2677.48168
G0 F9000 X201.38 Y226.62
G0 X201.1 Y226.9
G1 F1500 X201.9 Y226.9 E2677.49765
G1 X201.9 Y213.1 E2677.77304
G1 X201.1 Y213.1 E2677.78901
G1 X201.1 Y226.9 E2678.0644
G0 F9000 X200.7 Y227.3
;TYPE:WALL-OUTER
G1 F1500 X202.3 Y227.3 E2678.09633
G1 X202.3 Y212.7 E2678.38769
G1 X200.7 Y212.7 E2678.41962
G1 X200.7 Y227.3 E2678.71098
G1 F2700 E2673.71098
G0 F9000 X200.98 Y227.02
G0 X202.07 Y226.5
G0 X203.165 Y226.5
G0 X204.335 Y226.5
G0 X205.43 Y226.5
G0 X206 Y226.5
;TYPE:WALL-INNER
G1 F2700 E2678.71098
G1 F1500 X206 Y213.5 E2678.97041
G0 F9000 X205.88 Y226.62
G0 X205.6 Y226.9
G1 F1500 X206.4 Y226.9 E2678.98637
G1 X206.4 Y213.1 E2679.26176
G1 X205.6 Y213.1 E2679.27773
G1 X205.6 Y226.9 E2679.55312
G0 F9000 X205.2 Y227.3
;TYPE:WALL-OUTER
G1 F1500 X206.8 Y227.3 E2679.58505
G1 X206.8 Y212.7 E2679.87641
G1 X205.2 Y212.7 E2679.90834
G1 X205.2 Y227.3 E2680.1997
G1 F2700 E2675.1997
G0 F9000 X205.48 Y227.02
G0 X206.57 Y226.5
G0 X207.665 Y226.5
G0 X214.835 Y226.5
G0 X215.93 Y226.5
G0 X216.5 Y226.5
;TYPE:WALL-INNER
G1 F2700 E2680.1997
G1 F1500 X216.5 Y213.5 E2680.45913
G0 F9000 X216.38 Y226.62
G0 X216.1 Y226.9
G1 F1500 X216.9 Y226.9 E2680.47509
G1 X216.9 Y213.1 E2680.75049
G1 X216.1 Y213.1 E2680.76645
G1 X216.1 Y226.9 E2681.04185
G0 F9000 X215.7 Y227.3
;TYPE:WALL-OUTER
G1 F1500 X217.3 Y227.3 E2681.07378
G1 X217.3 Y212.7 E2681.36514
G1 X215.7 Y212.7 E2681.39707
G1 X215.7 Y227.3 E2681.68842
G1 F2700 E2676.68842
G0 F9000 X215.98 Y227.02
G0 X217.07 Y226.5
G0 X218.165 Y226.5
G0 X219.335 Y226.5
G0 X220.43 Y226.5
G0 X221 Y226.5
;TYPE:WALL-INNER
G1 F2700 E2681.68842
G1 F1500 X221 Y213.5 E2681.94785
G0 F9000 X220.88 Y226.62
G0 X220.6 Y226.9
G1 F1500 X221.4 Y226.9 E2681.96382
G1 X221.4 Y213.1 E2682.23921
G1 X220.6 Y213.1 E2682.25518
G1 X220.6 Y226.9 E2682.53057
G0 F9000 X220.2 Y227.3
;TYPE:WALL-OUTER
G1 F1500 X221.8 Y227.3 E2682.5625
G1 X221.8 Y212.7 E2682.85386
G1 X220.2 Y212.7 E2682.88579
G1 X220.2 Y227.3 E2683.17715
G1 F2700 E2678.17715
G0 F9000 X220.48 Y227.02
G0 X221.57 Y226.5
G0 X222.665 Y226.5
G0 X229.835 Y226.5
G0 X230.93 Y226.5
G0 X231.5 Y226.5
;TYPE:WALL-INNER
G1 F2700 E2683.17715
G1 F1500 X231.5 Y213.5 E2683.43658
G0 F9000 X231.38 Y226.62
G0 X231.1 Y226.9
G1 F1500 X231.9 Y226.9 E2683.45254
G1 X231.9 Y213.1 E2683.72794
G1 X231.1 Y213.1 E2683.7439
G1 X231.1 Y226.9 E2684.01929
G0 F9000 X230.7 Y227.3
;TYPE:WALL-OUTER
G1 F1500 X232.3 Y227.3 E2684.05122
G1 X232.3 Y212.7 E2684.34258
G1 X230.7 Y212.7 E2684.37451
G1 X230.7 Y227.3 E2684.66587
G1 F2700 E2679.66587
G0 F9000 X230.98 Y227.02
G0 X232.07 Y226.475
G0 X233.165 Y226.475
G0 X234.335 Y226.475
G0 X235.43 Y226.475
G0 X236.025 Y226.475
;TYPE:WALL-INNER
G1 F2700 E2684.66587
G1 F1333.3 X236.475 Y226.475 E2684.67597
G1 X236.475 Y213.525 E2684.96671
G1 X236.025 Y213.525 E2684.97681
G1 X236.025 Y226.475 E2685.26755
G0 F9000 X235.6 Y226.9
G1 F1500 X236.9 Y226.9 E2685.29349
G1 X236.9 Y213.1 E2685.56888
G1 X235.6 Y213.1 E2685.59483
G1 X235.6 Y226.9 E2685.87022
G0 F9000 X235.2 Y227.3
;TYPE:WALL-OUTER
G1 F1500 X237.3 Y227.3 E2685.91213
G1 X237.3 Y212.7 E2686.20349
G1 X235.2 Y212.7 E2686.2454
G1 X235.2 Y227.3 E2686.53675
G0 F9000 X236.092 Y226.29
G1 F2700 E2681.53675
;MESH:NONMESH
G0 F300 X236.092 Y226.29 Z8.04
G0 F9000 X235.43 Y213.5
G0 X234.335 Y213.5
G0 X233.153 Y211.847
G0 X129.347 Y211.847
G0 X128.165 Y213.5
G0 X127.07 Y213.5
G0 X126.5 Y213.5
;TIME_ELAPSED:6738.429146
;LAYER:66
;TYPE:WALL-INNER
;MESH:BusConnAssyAid.stl
G1 F2700 E2686.53675
G1 F1500 X126.5 Y226.5 E2686.79618
G0 F9000 X126.1 Y226.9
G1 F1500 X126.9 Y226.9 E2686.81215
G1 X126.9 Y213.1 E2687.08754
G1 X126.1 Y213.1 E2687.10351
G1 X126.1 Y226.9 E2687.3789
G0 F9000 X125.7 Y227.3
;TYPE:WALL-OUTER
G1 F1500 X127.3 Y227.3 E2687.41083
G1 X127.3 Y212.7 E2687.70219
G1 X125.7 Y212.7 E2687.73412
G1 X125.7 Y227.3 E2688.02548
G1 F2700 E2683.02548
G0 F9000 X125.98 Y227.02
G0 X127.07 Y226.5
G0 X128.165 Y226.5
G0 X129.335 Y226.5
G0 X130.43 Y226.5
G0 X131 Y226.5
;TYPE:WALL-INNER
G1 F2700 E2688.02548
G1 F1500 X131 Y213.5 E2688.28491
G0 F9000 X130.88 Y226.62
G0 X130.6 Y226.9
G1 F1500 X131.4 Y226.9 E2688.30087
G1 X131.4 Y213.1 E2688.57627
G1 X130.6 Y213.1 E2688.59223
G1 X130.6 Y226.9 E2688.86762
G0 F9000 X130.2 Y227.3
;TYPE:WALL-OUTER
G1 F1500 X131.8 Y227.3 E2688.89955
G1 X131.8 Y212.7 E2689.19091
G1 X130.2 Y212.7 E2689.22284
G1 X130.2 Y227.3 E2689.5142
G1 F2700 E2684.5142
G0 F9000 X130.48 Y227.02
G0 X131.57 Y226.5
G0 X132.665 Y226.5
G0 X139.835 Y226.5
G0 X140.93 Y226.5
G0 X141.5 Y226.5
;TYPE:WALL-INNER
G1 F2700 E2689.5142
G1 F1500 X141.5 Y213.5 E2689.77363
G0 F9000 X141.38 Y226.62
G0 X141.1 Y226.9
G1 F1500 X141.9 Y226.9 E2689.7896
G1 X141.9 Y213.1 E2690.06499
G1 X141.1 Y213.1 E2690.08095
G1 X141.1 Y226.9 E2690.35635
G0 F9000 X140.7 Y227.3
;TYPE:WALL-OUTER
G1 F1500 X142.3 Y227.3 E2690.38828
G1 X142.3 Y212.7 E2690.67964
G1 X140.7 Y212.7 E2690.71157
G1 X140.7 Y227.3 E2691.00292
G1 F2700 E2686.00292
G0 F9000 X140.98 Y227.02
G0 X142.07 Y226.5
G0 X143.165 Y226.5
G0 X144.335 Y226.5
G0 X145.43 Y226.5
G0 X146 Y226.5
;TYPE:WALL-INNER
G1 F2700 E2691.00292
G1 F1500 X146 Y213.5 E2691.26235
G0 F9000 X145.88 Y226.62
G0 X145.6 Y226.9
G1 F1500 X146.4 Y226.9 E2691.27832
G1 X146.4 Y213.1 E2691.55371
G1 X145.6 Y213.1 E2691.56968
G1 X145.6 Y226.9 E2691.84507
G0 F9000 X145.2 Y227.3
;TYPE:WALL-OUTER
G1 F1500 X146.8 Y227.3 E2691.877
G1 X146.8 Y212.7 E2692.16836
G1 X145.2 Y212.7 E2692.20029
G1 X145.2 Y227.3 E2692.49165
G1 F2700 E2687.49165
G0 F9000 X145.48 Y227.02
G0 X146.57 Y226.5
G0 X147.665 Y226.5
G0 X154.835 Y226.5
G0 X155.93 Y226.5
G0 X156.5 Y226.5
;TYPE:WALL-INNER
G1 F2700 E2692.49165
G1 F1500 X156.5 Y213.5 E2692.75108
G0 F9000 X156.38 Y226.62
G0 X156.1 Y226.9
G1 F1500 X156.9 Y226.9 E2692.76704
G1 X156.9 Y213.1 E2693.04244
G1 X156.1 Y213.1 E2693.0584
G1 X156.1 Y226.9 E2693.3338
G0 F9000 X155.7 Y227.3
;TYPE:WALL-OUTER
G1 F1500 X157.3 Y227.3 E2693.36572
G1 X157.3 Y212.7 E2693.65708
G1 X155.7 Y212.7 E2693.68901
G1 X155.7 Y227.3 E2693.98037
G1 F2700 E2688.98037
G0 F9000 X155.98 Y227.02
G0 X157.07 Y226.5
G0 X158.165 Y226.5
G0 X159.335 Y226.5
G0 X160.43 Y226.5
G0 X161 Y226.5
;TYPE:WALL-INNER
G1 F2700 E2693.98037
G1 F1500 X161 Y213.5 E2694.2398
G0 F9000 X160.88 Y226.62
G0 X160.6 Y226.9
G1 F1500 X161.4 Y226.9 E2694.25577
G1 X161.4 Y213.1 E2694.53116
G1 X160.6 Y213.1 E2694.54712
G1 X160.6 Y226.9 E2694.82252
G0 F9000 X160.2 Y227.3
;TYPE:WALL-OUTER
G1 F1500 X161.8 Y227.3 E2694.85445
G1 X161.8 Y212.7 E2695.14581
G1 X160.2 Y212.7 E2695.17774
G1 X160.2 Y227.3 E2695.4691
G1 F2700 E2690.4691
G0 F9000 X160.48 Y227.02
G0 X161.57 Y226.5
G0 X162.665 Y226.5
G0 X169.835 Y226.5
G0 X170.93 Y226.5
G0 X171.5 Y226.5
;TYPE:WALL-INNER
G1 F2700 E2695.4691
G1 F1500 X171.5 Y213.5 E2695.72852
G0 F9000 X171.38 Y226.62
G0 X171.1 Y226.9
G1 F1500 X171.9 Y226.9 E2695.74449
G1 X171.9 Y213.1 E2696.01988
G1 X171.1 Y213.1 E2696.03585
G1 X171.1 Y226.9 E2696.31124
G0 F9000 X170.7 Y227.3
;TYPE:WALL-OUTER
G1 F1500 X172.3 Y227.3 E2696.34317
G1 X172.3 Y212.7 E2696.63453
G1 X170.7 Y212.7 E2696.66646
G1 X170.7 Y227.3 E2696.95782
G1 F2700 E2691.95782
G0 F9000 X170.98 Y227.02
G0 X172.07 Y226.5
G0 X173.165 Y226.5
G0 X174.335 Y226.5
G0 X175.43 Y226.5
G0 X176 Y226.5
;TYPE:WALL-INNER
G1 F2700 E2696.95782
G1 F1500 X176 Y213.5 E2697.21725
G0 F9000 X175.88 Y226.62
G0 X175.6 Y226.9
G1 F1500 X176.4 Y226.9 E2697.23321
G1 X176.4 Y213.1 E2697.50861
G1 X175.6 Y213.1 E2697.52457
G1 X175.6 Y226.9 E2697.79997
G0 F9000 X175.2 Y227.3
;TYPE:WALL-OUTER
G1 F1500 X176.8 Y227.3 E2697.8319
G1 X176.8 Y212.7 E2698.12325
G1 X175.2 Y212.7 E2698.15518
G1 X175.2 Y227.3 E2698.44654
G1 F2700 E2693.44654
G0 F9000 X175.48 Y227.02
G0 X176.57 Y226.5
G0 X177.665 Y226.5
G0 X184.835 Y226.5
G0 X185.93 Y226.5
G0 X186.5 Y226.5
;TYPE:WALL-INNER
G1 F2700 E2698.44654
G1 F1500 X186.5 Y213.5 E2698.70597
G0 F9000 X186.38 Y226.62
G0 X186.1 Y226.9
G1 F1500 X186.9 Y226.9 E2698.72194
G1 X186.9 Y213.1 E2698.99733
G1 X186.1 Y213.1 E2699.0133
G1 X186.1 Y226.9 E2699.28869
G0 F9000 X185.7 Y227.3
;TYPE:WALL-OUTER
G1 F1500 X187.3 Y227.3 E2699.32062
G1 X187.3 Y212.7 E2699.61198
G1 X185.7 Y212.7 E2699.64391
G1 X185.7 Y227.3 E2699.93527
G1 F2700 E2694.93527
G0 F9000 X185.98 Y227.02
G0 X187.07 Y226.5
G0 X188.165 Y226.5
G0 X189.335 Y226.5
G0 X190.43 Y226.5
G0 X191 Y226.5
;TYPE:WALL-INNER
G1 F2700 E2699.93527
G1 F1500 X191 Y213.5 E2700.1947
G0 F9000 X190.88 Y226.62
G0 X190.6 Y226.9
G1 F1500 X191.4 Y226.9 E2700.21066
G1 X191.4 Y213.1 E2700.48605
G1 X190.6 Y213.1 E2700.50202
G1 X190.6 Y226.9 E2700.77741
G0 F9000 X190.2 Y227.3
;TYPE:WALL-OUTER
G1 F1500 X191.8 Y227.3 E2700.80934
G1 X191.8 Y212.7 E2701.1007
G1 X190.2 Y212.7 E2701.13263
G1 X190.2 Y227.3 E2701.42399
G1 F2700 E2696.42399
G0 F9000 X190.48 Y227.02
G0 X191.57 Y226.5
G0 X192.665 Y226.5
G0 X199.835 Y226.5
G0 X200.93 Y226.5
G0 X201.5 Y226.5
;TYPE:WALL-INNER
G1 F2700 E2701.42399
G1 F1500 X201.5 Y213.5 E2701.68342
G0 F9000 X201.38 Y226.62
G0 X201.1 Y226.9
G1 F1500 X201.9 Y226.9 E2701.69938
G1 X201.9 Y213.1 E2701.97478
G1 X201.1 Y213.1 E2701.99074
G1 X201.1 Y226.9 E2702.26614
G0 F9000 X200.7 Y227.3
;TYPE:WALL-OUTER
G1 F1500 X202.3 Y227.3 E2702.29807
G1 X202.3 Y212.7 E2702.58943
G1 X200.7 Y212.7 E2702.62136
G1 X200.7 Y227.3 E2702.91271
G1 F2700 E2697.91271
G0 F9000 X200.98 Y227.02
G0 X202.07 Y226.5
G0 X203.165 Y226.5
G0 X204.335 Y226.5
G0 X205.43 Y226.5
G0 X206 Y226.5
;TYPE:WALL-INNER
G1 F2700 E2702.91271
G1 F1500 X206 Y213.5 E2703.17214
G0 F9000 X205.88 Y226.62
G0 X205.6 Y226.9
G1 F1500 X206.4 Y226.9 E2703.18811
G1 X206.4 Y213.1 E2703.4635
G1 X205.6 Y213.1 E2703.47947
G1 X205.6 Y226.9 E2703.75486
G0 F9000 X205.2 Y227.3
;TYPE:WALL-OUTER
G1 F1500 X206.8 Y227.3 E2703.78679
G1 X206.8 Y212.7 E2704.07815
G1 X205.2 Y212.7 E2704.11008
G1 X205.2 Y227.3 E2704.40144
G1 F2700 E2699.40144
G0 F9000 X205.48 Y227.02
G0 X206.57 Y226.5
G0 X207.665 Y226.5
G0 X214.835 Y226.5
G0 X215.93 Y226.5
G0 X216.5 Y226.5
;TYPE:WALL-INNER
G1 F2700 E2704.40144
G1 F1500 X216.5 Y213.5 E2704.66087
G0 F9000 X216.38 Y226.62
G0 X216.1 Y226.9
G1 F1500 X216.9 Y226.9 E2704.67683
G1 X216.9 Y213.1 E2704.95223
G1 X216.1 Y213.1 E2704.96819
G1 X216.1 Y226.9 E2705.24358
G0 F9000 X215.7 Y227.3
;TYPE:WALL-OUTER
G1 F1500 X217.3 Y227.3 E2705.27551
G1 X217.3 Y212.7 E2705.56687
G1 X215.7 Y212.7 E2705.5988
G1 X215.7 Y227.3 E2705.89016
G1 F2700 E2700.89016
G0 F9000 X215.98 Y227.02
G0 X217.07 Y226.5
G0 X218.165 Y226.5
G0 X219.335 Y226.5
G0 X220.43 Y226.5
G0 X221 Y226.5
;TYPE:WALL-INNER
G1 F2700 E2705.89016
G1 F1500 X221 Y213.5 E2706.14959
G0 F9000 X220.88 Y226.62
G0 X220.6 Y226.9
G1 F1500 X221.4 Y226.9 E2706.16556
G1 X221.4 Y213.1 E2706.44095
G1 X220.6 Y213.1 E2706.45691
G1 X220.6 Y226.9 E2706.73231
G0 F9000 X220.2 Y227.3
;TYPE:WALL-OUTER
G1 F1500 X221.8 Y227.3 E2706.76424
G1 X221.8 Y212.7 E2707.0556
G1 X220.2 Y212.7 E2707.08753
G1 X220.2 Y227.3 E2707.37889
G1 F2700 E2702.37889
G0 F9000 X220.48 Y227.02
G0 X221.57 Y226.5
G0 X222.665 Y226.5
G0 X229.835 Y226.5
G0 X230.93 Y226.5
G0 X231.5 Y226.5
;TYPE:WALL-INNER
G1 F2700 E2707.37889
G1 F1500 X231.5 Y213.5 E2707.63831
G0 F9000 X231.38 Y226.62
G0 X231.1 Y226.9
G1 F1500 X231.9 Y226.9 E2707.65428
G1 X231.9 Y213.1 E2707.92967
G1 X231.1 Y213.1 E2707.94564
G1 X231.1 Y226.9 E2708.22103
G0 F9000 X230.7 Y227.3
;TYPE:WALL-OUTER
G1 F1500 X232.3 Y227.3 E2708.25296
G1 X232.3 Y212.7 E2708.54432
G1 X230.7 Y212.7 E2708.57625
G1 X230.7 Y227.3 E2708.86761
G1 F2700 E2703.86761
G0 F9000 X230.98 Y227.02
G0 X232.07 Y226.475
G0 X233.165 Y226.475
G0 X234.335 Y226.475
G0 X235.43 Y226.475
G0 X236.025 Y226.475
;TYPE:WALL-INNER
G1 F2700 E2708.86761
G1 F1333.3 X236.475 Y226.475 E2708.87771
G1 X236.475 Y213.525 E2709.16845
G1 X236.025 Y213.525 E2709.17855
G1 X236.025 Y226.475 E2709.46928
G0 F9000 X235.6 Y226.9
G1 F1500 X236.9 Y226.9 E2709.49523
G1 X236.9 Y213.1 E2709.77062
G1 X235.6 Y213.1 E2709.79656
G1 X235.6 Y226.9 E2710.07196
G0 F9000 X235.2 Y227.3
;TYPE:WALL-OUTER
G1 F1500 X237.3 Y227.3 E2710.11387
G1 X237.3 Y212.7 E2710.40522
G1 X235.2 Y212.7 E2710.44713
G1 X235.2 Y227.3 E2710.73849
G0 F9000 X236.092 Y226.29
G1 F2700 E2705.73849
;MESH:NONMESH
G0 F300 X236.092 Y226.29 Z8.16
G0 F9000 X235.43 Y213.5
G0 X234.335 Y213.5
G0 X233.153 Y211.847
G0 X129.347 Y211.847
G0 X128.165 Y213.5
G0 X127.07 Y213.5
G0 X126.5 Y213.5
;TIME_ELAPSED:6807.719380
;LAYER:67
;TYPE:WALL-INNER
;MESH:BusConnAssyAid.stl
G1 F2700 E2710.73849
G1 F1500 X126.5 Y226.5 E2710.99792
G0 F9000 X126.1 Y226.9
G1 F1500 X126.9 Y226.9 E2711.01389
G1 X126.9 Y213.1 E2711.28928
G1 X126.1 Y213.1 E2711.30524
G1 X126.1 Y226.9 E2711.58064
G0 F9000 X125.7 Y227.3
;TYPE:WALL-OUTER
G1 F1500 X127.3 Y227.3 E2711.61257
G1 X127.3 Y212.7 E2711.90393
G1 X125.7 Y212.7 E2711.93586
G1 X125.7 Y227.3 E2712.22721
G1 F2700 E2707.22721
G0 F9000 X125.98 Y227.02
G0 X127.07 Y226.5
G0 X128.165 Y226.5
G0 X129.335 Y226.5
G0 X130.43 Y226.5
G0 X131 Y226.5
;TYPE:WALL-INNER
G1 F2700 E2712.22721
G1 F1500 X131 Y213.5 E2712.48664
G0 F9000 X130.88 Y226.62
G0 X130.6 Y226.9
G1 F1500 X131.4 Y226.9 E2712.50261
G1 X131.4 Y213.1 E2712.778
G1 X130.6 Y213.1 E2712.79397
G1 X130.6 Y226.9 E2713.06936
G0 F9000 X130.2 Y227.3
;TYPE:WALL-OUTER
G1 F1500 X131.8 Y227.3 E2713.10129
G1 X131.8 Y212.7 E2713.39265
G1 X130.2 Y212.7 E2713.42458
G1 X130.2 Y227.3 E2713.71594
G1 F2700 E2708.71594
G0 F9000 X130.48 Y227.02
G0 X131.57 Y226.5
G0 X132.665 Y226.5
G0 X139.835 Y226.5
G0 X140.93 Y226.5
G0 X141.5 Y226.5
;TYPE:WALL-INNER
G1 F2700 E2713.71594
G1 F1500 X141.5 Y213.5 E2713.97537
G0 F9000 X141.38 Y226.62
G0 X141.1 Y226.9
G1 F1500 X141.9 Y226.9 E2713.99133
G1 X141.9 Y213.1 E2714.26673
G1 X141.1 Y213.1 E2714.28269
G1 X141.1 Y226.9 E2714.55809
G0 F9000 X140.7 Y227.3
;TYPE:WALL-OUTER
G1 F1500 X142.3 Y227.3 E2714.59001
G1 X142.3 Y212.7 E2714.88137
G1 X140.7 Y212.7 E2714.9133
G1 X140.7 Y227.3 E2715.20466
G1 F2700 E2710.20466
G0 F9000 X140.98 Y227.02
G0 X142.07 Y226.5
G0 X143.165 Y226.5
G0 X144.335 Y226.5
G0 X145.43 Y226.5
G0 X146 Y226.5
;TYPE:WALL-INNER
G1 F2700 E2715.20466
G1 F1500 X146 Y213.5 E2715.46409
G0 F9000 X145.88 Y226.62
G0 X145.6 Y226.9
G1 F1500 X146.4 Y226.9 E2715.48006
G1 X146.4 Y213.1 E2715.75545
G1 X145.6 Y213.1 E2715.77141
G1 X145.6 Y226.9 E2716.04681
G0 F9000 X145.2 Y227.3
;TYPE:WALL-OUTER
G1 F1500 X146.8 Y227.3 E2716.07874
G1 X146.8 Y212.7 E2716.3701
G1 X145.2 Y212.7 E2716.40203
G1 X145.2 Y227.3 E2716.69339
G1 F2700 E2711.69339
G0 F9000 X145.48 Y227.02
G0 X146.57 Y226.5
G0 X147.665 Y226.5
G0 X154.835 Y226.5
G0 X155.93 Y226.5
G0 X156.5 Y226.5
;TYPE:WALL-INNER
G1 F2700 E2716.69339
G1 F1500 X156.5 Y213.5 E2716.95281
G0 F9000 X156.38 Y226.62
G0 X156.1 Y226.9
G1 F1500 X156.9 Y226.9 E2716.96878
G1 X156.9 Y213.1 E2717.24417
G1 X156.1 Y213.1 E2717.26014
G1 X156.1 Y226.9 E2717.53553
G0 F9000 X155.7 Y227.3
;TYPE:WALL-OUTER
G1 F1500 X157.3 Y227.3 E2717.56746
G1 X157.3 Y212.7 E2717.85882
G1 X155.7 Y212.7 E2717.89075
G1 X155.7 Y227.3 E2718.18211
G1 F2700 E2713.18211
G0 F9000 X155.98 Y227.02
G0 X157.07 Y226.5
G0 X158.165 Y226.5
G0 X159.335 Y226.5
G0 X160.43 Y226.5
G0 X161 Y226.5
;TYPE:WALL-INNER
G1 F2700 E2718.18211
G1 F1500 X161 Y213.5 E2718.44154
G0 F9000 X160.88 Y226.62
G0 X160.6 Y226.9
G1 F1500 X161.4 Y226.9 E2718.4575
G1 X161.4 Y213.1 E2718.7329
G1 X160.6 Y213.1 E2718.74886
G1 X160.6 Y226.9 E2719.02426
G0 F9000 X160.2 Y227.3
;TYPE:WALL-OUTER
G1 F1500 X161.8 Y227.3 E2719.05619
G1 X161.8 Y212.7 E2719.34754
G1 X160.2 Y212.7 E2719.37947
G1 X160.2 Y227.3 E2719.67083
G1 F2700 E2714.67083
G0 F9000 X160.48 Y227.02
G0 X161.57 Y226.5
G0 X162.665 Y226.5
G0 X169.835 Y226.5
G0 X170.93 Y226.5
G0 X171.5 Y226.5
;TYPE:WALL-INNER
G1 F2700 E2719.67083
G1 F1500 X171.5 Y213.5 E2719.93026
G0 F9000 X171.38 Y226.62
G0 X171.1 Y226.9
G1 F1500 X171.9 Y226.9 E2719.94623
G1 X171.9 Y213.1 E2720.22162
G1 X171.1 Y213.1 E2720.23759
G1 X171.1 Y226.9 E2720.51298
G0 F9000 X170.7 Y227.3
;TYPE:WALL-OUTER
G1 F1500 X172.3 Y227.3 E2720.54491
G1 X172.3 Y212.7 E2720.83627
G1 X170.7 Y212.7 E2720.8682
G1 X170.7 Y227.3 E2721.15956
G1 F2700 E2716.15956
G0 F9000 X170.98 Y227.02
G0 X172.07 Y226.5
G0 X173.165 Y226.5
G0 X174.335 Y226.5
G0 X175.43 Y226.5
G0 X176 Y226.5
;TYPE:WALL-INNER
G1 F2700 E2721.15956
G1 F1500 X176 Y213.5 E2721.41899
G0 F9000 X175.88 Y226.62
G0 X175.6 Y226.9
G1 F1500 X176.4 Y226.9 E2721.43495
G1 X176.4 Y213.1 E2721.71034
G1 X175.6 Y213.1 E2721.72631
G1 X175.6 Y226.9 E2722.0017
G0 F9000 X175.2 Y227.3
;TYPE:WALL-OUTER
G1 F1500 X176.8 Y227.3 E2722.03363
G1 X176.8 Y212.7 E2722.32499
G1 X175.2 Y212.7 E2722.35692
G1 X175.2 Y227.3 E2722.64828
G1 F2700 E2717.64828
G0 F9000 X175.48 Y227.02
G0 X176.57 Y226.5
G0 X177.665 Y226.5
G0 X184.835 Y226.5
G0 X185.93 Y226.5
G0 X186.5 Y226.5
;TYPE:WALL-INNER
G1 F2700 E2722.64828
G1 F1500 X186.5 Y213.5 E2722.90771
G0 F9000 X186.38 Y226.62
G0 X186.1 Y226.9
G1 F1500 X186.9 Y226.9 E2722.92367
G1 X186.9 Y213.1 E2723.19907
G1 X186.1 Y213.1 E2723.21503
G1 X186.1 Y226.9 E2723.49043
G0 F9000 X185.7 Y227.3
;TYPE:WALL-OUTER
G1 F1500 X187.3 Y227.3 E2723.52236
G1 X187.3 Y212.7 E2723.81372
G1 X185.7 Y212.7 E2723.84565
G1 X185.7 Y227.3 E2724.137
G1 F2700 E2719.137
G0 F9000 X185.98 Y227.02
G0 X187.07 Y226.5
G0 X188.165 Y226.5
G0 X189.335 Y226.5
G0 X190.43 Y226.5
G0 X191 Y226.5
;TYPE:WALL-INNER
G1 F2700 E2724.137
G1 F1500 X191 Y213.5 E2724.39643
G0 F9000 X190.88 Y226.62
G0 X190.6 Y226.9
G1 F1500 X191.4 Y226.9 E2724.4124
G1 X191.4 Y213.1 E2724.68779
G1 X190.6 Y213.1 E2724.70376
G1 X190.6 Y226.9 E2724.97915
G0 F9000 X190.2 Y227.3
;TYPE:WALL-OUTER
G1 F1500 X191.8 Y227.3 E2725.01108
G1 X191.8 Y212.7 E2725.30244
G1 X190.2 Y212.7 E2725.33437
G1 X190.2 Y227.3 E2725.62573
G1 F2700 E2720.62573
G0 F9000 X190.48 Y227.02
G0 X191.57 Y226.5
G0 X192.665 Y226.5
G0 X199.835 Y226.5
G0 X200.93 Y226.5
G0 X201.5 Y226.5
;TYPE:WALL-INNER
G1 F2700 E2725.62573
G1 F1500 X201.5 Y213.5 E2725.88516
G0 F9000 X201.38 Y226.62
G0 X201.1 Y226.9
G1 F1500 X201.9 Y226.9 E2725.90112
G1 X201.9 Y213.1 E2726.17652
G1 X201.1 Y213.1 E2726.19248
G1 X201.1 Y226.9 E2726.46787
G0 F9000 X200.7 Y227.3
;TYPE:WALL-OUTER
G1 F1500 X202.3 Y227.3 E2726.4998
G1 X202.3 Y212.7 E2726.79116
G1 X200.7 Y212.7 E2726.82309
G1 X200.7 Y227.3 E2727.11445
G1 F2700 E2722.11445
G0 F9000 X200.98 Y227.02
G0 X202.07 Y226.5
G0 X203.165 Y226.5
G0 X204.335 Y226.5
G0 X205.43 Y226.5
G0 X206 Y226.5
;TYPE:WALL-INNER
G1 F2700 E2727.11445
G1 F1500 X206 Y213.5 E2727.37388
G0 F9000 X205.88 Y226.62
G0 X205.6 Y226.9
G1 F1500 X206.4 Y226.9 E2727.38985
G1 X206.4 Y213.1 E2727.66524
G1 X205.6 Y213.1 E2727.6812
G1 X205.6 Y226.9 E2727.9566
G0 F9000 X205.2 Y227.3
;TYPE:WALL-OUTER
G1 F1500 X206.8 Y227.3 E2727.98853
G1 X206.8 Y212.7 E2728.27989
G1 X205.2 Y212.7 E2728.31182
G1 X205.2 Y227.3 E2728.60318
G1 F2700 E2723.60318
G0 F9000 X205.48 Y227.02
G0 X206.57 Y226.5
G0 X207.665 Y226.5
G0 X214.835 Y226.5
G0 X215.93 Y226.5
G0 X216.5 Y226.5
;TYPE:WALL-INNER
G1 F2700 E2728.60318
G1 F1500 X216.5 Y213.5 E2728.8626
G0 F9000 X216.38 Y226.62
G0 X216.1 Y226.9
G1 F1500 X216.9 Y226.9 E2728.87857
G1 X216.9 Y213.1 E2729.15396
G1 X216.1 Y213.1 E2729.16993
G1 X216.1 Y226.9 E2729.44532
G0 F9000 X215.7 Y227.3
;TYPE:WALL-OUTER
G1 F1500 X217.3 Y227.3 E2729.47725
G1 X217.3 Y212.7 E2729.76861
G1 X215.7 Y212.7 E2729.80054
G1 X215.7 Y227.3 E2730.0919
G1 F2700 E2725.0919
G0 F9000 X215.98 Y227.02
G0 X217.07 Y226.5
G0 X218.165 Y226.5
G0 X219.335 Y226.5
G0 X220.43 Y226.5
G0 X221 Y226.5
;TYPE:WALL-INNER
G1 F2700 E2730.0919
G1 F1500 X221 Y213.5 E2730.35133
G0 F9000 X220.88 Y226.62
G0 X220.6 Y226.9
G1 F1500 X221.4 Y226.9 E2730.36729
G1 X221.4 Y213.1 E2730.64269
G1 X220.6 Y213.1 E2730.65865
G1 X220.6 Y226.9 E2730.93405
G0 F9000 X220.2 Y227.3
;TYPE:WALL-OUTER
G1 F1500 X221.8 Y227.3 E2730.96598
G1 X221.8 Y212.7 E2731.25733
G1 X220.2 Y212.7 E2731.28926
G1 X220.2 Y227.3 E2731.58062
G1 F2700 E2726.58062
G0 F9000 X220.48 Y227.02
G0 X221.57 Y226.5
G0 X222.665 Y226.5
G0 X229.835 Y226.5
G0 X230.93 Y226.5
G0 X231.5 Y226.5
;TYPE:WALL-INNER
G1 F2700 E2731.58062
G1 F1500 X231.5 Y213.5 E2731.84005
G0 F9000 X231.38 Y226.62
G0 X231.1 Y226.9
G1 F1500 X231.9 Y226.9 E2731.85602
G1 X231.9 Y213.1 E2732.13141
G1 X231.1 Y213.1 E2732.14738
G1 X231.1 Y226.9 E2732.42277
G0 F9000 X230.7 Y227.3
;TYPE:WALL-OUTER
G1 F1500 X232.3 Y227.3 E2732.4547
G1 X232.3 Y212.7 E2732.74606
G1 X230.7 Y212.7 E2732.77799
G1 X230.7 Y227.3 E2733.06935
G1 F2700 E2728.06935
G0 F9000 X230.98 Y227.02
G0 X232.07 Y226.475
G0 X233.165 Y226.475
G0 X234.335 Y226.475
G0 X235.43 Y226.475
G0 X236.025 Y226.475
;TYPE:WALL-INNER
G1 F2700 E2733.06935
G1 F1333.3 X236.475 Y226.475 E2733.07945
G1 X236.475 Y213.525 E2733.37018
G1 X236.025 Y213.525 E2733.38029
G1 X236.025 Y226.475 E2733.67102
G0 F9000 X235.6 Y226.9
G1 F1500 X236.9 Y226.9 E2733.69696
G1 X236.9 Y213.1 E2733.97236
G1 X235.6 Y213.1 E2733.9983
G1 X235.6 Y226.9 E2734.2737
G0 F9000 X235.2 Y227.3
;TYPE:WALL-OUTER
G1 F1500 X237.3 Y227.3 E2734.3156
G1 X237.3 Y212.7 E2734.60696
G1 X235.2 Y212.7 E2734.64887
G1 X235.2 Y227.3 E2734.94023
G0 F9000 X236.092 Y226.29
G1 F2700 E2729.94023
;MESH:NONMESH
G0 F300 X236.092 Y226.29 Z8.28
G0 F9000 X235.43 Y213.5
G0 X234.335 Y213.5
G0 X233.153 Y211.847
G0 X129.347 Y211.847
G0 X128.165 Y213.5
G0 X127.07 Y213.5
G0 X126.5 Y213.5
;TIME_ELAPSED:6877.009614
;LAYER:68
;TYPE:WALL-INNER
;MESH:BusConnAssyAid.stl
G1 F2700 E2734.94023
G1 F1500 X126.5 Y226.5 E2735.19966
G0 F9000 X126.1 Y226.9
G1 F1500 X126.9 Y226.9 E2735.21562
G1 X126.9 Y213.1 E2735.49102
G1 X126.1 Y213.1 E2735.50698
G1 X126.1 Y226.9 E2735.78238
G0 F9000 X125.7 Y227.3
;TYPE:WALL-OUTER
G1 F1500 X127.3 Y227.3 E2735.8143
G1 X127.3 Y212.7 E2736.10566
G1 X125.7 Y212.7 E2736.13759
G1 X125.7 Y227.3 E2736.42895
G1 F2700 E2731.42895
G0 F9000 X125.98 Y227.02
G0 X127.07 Y226.5
G0 X128.165 Y226.5
G0 X129.335 Y226.5
G0 X130.43 Y226.5
G0 X131 Y226.5
;TYPE:WALL-INNER
G1 F2700 E2736.42895
G1 F1500 X131 Y213.5 E2736.68838
G0 F9000 X130.88 Y226.62
G0 X130.6 Y226.9
G1 F1500 X131.4 Y226.9 E2736.70435
G1 X131.4 Y213.1 E2736.97974
G1 X130.6 Y213.1 E2736.9957
G1 X130.6 Y226.9 E2737.2711
G0 F9000 X130.2 Y227.3
;TYPE:WALL-OUTER
G1 F1500 X131.8 Y227.3 E2737.30303
G1 X131.8 Y212.7 E2737.59439
G1 X130.2 Y212.7 E2737.62632
G1 X130.2 Y227.3 E2737.91768
G1 F2700 E2732.91768
G0 F9000 X130.48 Y227.02
G0 X131.57 Y226.5
G0 X132.665 Y226.5
G0 X139.835 Y226.5
G0 X140.93 Y226.5
G0 X141.5 Y226.5
;TYPE:WALL-INNER
G1 F2700 E2737.91768
G1 F1500 X141.5 Y213.5 E2738.1771
G0 F9000 X141.38 Y226.62
G0 X141.1 Y226.9
G1 F1500 X141.9 Y226.9 E2738.19307
G1 X141.9 Y213.1 E2738.46846
G1 X141.1 Y213.1 E2738.48443
G1 X141.1 Y226.9 E2738.75982
G0 F9000 X140.7 Y227.3
;TYPE:WALL-OUTER
G1 F1500 X142.3 Y227.3 E2738.79175
G1 X142.3 Y212.7 E2739.08311
G1 X140.7 Y212.7 E2739.11504
G1 X140.7 Y227.3 E2739.4064
G1 F2700 E2734.4064
G0 F9000 X140.98 Y227.02
G0 X142.07 Y226.5
G0 X143.165 Y226.5
G0 X144.335 Y226.5
G0 X145.43 Y226.5
G0 X146 Y226.5
;TYPE:WALL-INNER
G1 F2700 E2739.4064
G1 F1500 X146 Y213.5 E2739.66583
G0 F9000 X145.88 Y226.62
G0 X145.6 Y226.9
G1 F1500 X146.4 Y226.9 E2739.68179
G1 X146.4 Y213.1 E2739.95719
G1 X145.6 Y213.1 E2739.97315
G1 X145.6 Y226.9 E2740.24855
G0 F9000 X145.2 Y227.3
;TYPE:WALL-OUTER
G1 F1500 X146.8 Y227.3 E2740.28048
G1 X146.8 Y212.7 E2740.57183
G1 X145.2 Y212.7 E2740.60376
G1 X145.2 Y227.3 E2740.89512
G1 F2700 E2735.89512
G0 F9000 X145.48 Y227.02
G0 X146.57 Y226.5
G0 X147.665 Y226.5
G0 X154.835 Y226.5
G0 X155.93 Y226.5
G0 X156.5 Y226.5
;TYPE:WALL-INNER
G1 F2700 E2740.89512
G1 F1500 X156.5 Y213.5 E2741.15455
G0 F9000 X156.38 Y226.62
G0 X156.1 Y226.9
G1 F1500 X156.9 Y226.9 E2741.17052
G1 X156.9 Y213.1 E2741.44591
G1 X156.1 Y213.1 E2741.46188
G1 X156.1 Y226.9 E2741.73727
G0 F9000 X155.7 Y227.3
;TYPE:WALL-OUTER
G1 F1500 X157.3 Y227.3 E2741.7692
G1 X157.3 Y212.7 E2742.06056
G1 X155.7 Y212.7 E2742.09249
G1 X155.7 Y227.3 E2742.38385
G1 F2700 E2737.38385
G0 F9000 X155.98 Y227.02
G0 X157.07 Y226.5
G0 X158.165 Y226.5
G0 X159.335 Y226.5
G0 X160.43 Y226.5
G0 X161 Y226.5
;TYPE:WALL-INNER
G1 F2700 E2742.38385
G1 F1500 X161 Y213.5 E2742.64328
G0 F9000 X160.88 Y226.62
G0 X160.6 Y226.9
G1 F1500 X161.4 Y226.9 E2742.65924
G1 X161.4 Y213.1 E2742.93463
G1 X160.6 Y213.1 E2742.9506
G1 X160.6 Y226.9 E2743.22599
G0 F9000 X160.2 Y227.3
;TYPE:WALL-OUTER
G1 F1500 X161.8 Y227.3 E2743.25792
G1 X161.8 Y212.7 E2743.54928
G1 X160.2 Y212.7 E2743.58121
G1 X160.2 Y227.3 E2743.87257
G1 F2700 E2738.87257
G0 F9000 X160.48 Y227.02
G0 X161.57 Y226.5
G0 X162.665 Y226.5
G0 X169.835 Y226.5
G0 X170.93 Y226.5
G0 X171.5 Y226.5
;TYPE:WALL-INNER
G1 F2700 E2743.87257
G1 F1500 X171.5 Y213.5 E2744.132
G0 F9000 X171.38 Y226.62
G0 X171.1 Y226.9
G1 F1500 X171.9 Y226.9 E2744.14796
G1 X171.9 Y213.1 E2744.42336
G1 X171.1 Y213.1 E2744.43932
G1 X171.1 Y226.9 E2744.71472
G0 F9000 X170.7 Y227.3
;TYPE:WALL-OUTER
G1 F1500 X172.3 Y227.3 E2744.74665
G1 X172.3 Y212.7 E2745.03801
G1 X170.7 Y212.7 E2745.06994
G1 X170.7 Y227.3 E2745.36129
G1 F2700 E2740.36129
G0 F9000 X170.98 Y227.02
G0 X172.07 Y226.5
G0 X173.165 Y226.5
G0 X174.335 Y226.5
G0 X175.43 Y226.5
G0 X176 Y226.5
;TYPE:WALL-INNER
G1 F2700 E2745.36129
G1 F1500 X176 Y213.5 E2745.62072
G0 F9000 X175.88 Y226.62
G0 X175.6 Y226.9
G1 F1500 X176.4 Y226.9 E2745.63669
G1 X176.4 Y213.1 E2745.91208
G1 X175.6 Y213.1 E2745.92805
G1 X175.6 Y226.9 E2746.20344
G0 F9000 X175.2 Y227.3
;TYPE:WALL-OUTER
G1 F1500 X176.8 Y227.3 E2746.23537
G1 X176.8 Y212.7 E2746.52673
G1 X175.2 Y212.7 E2746.55866
G1 X175.2 Y227.3 E2746.85002
G1 F2700 E2741.85002
G0 F9000 X175.48 Y227.02
G0 X176.57 Y226.5
G0 X177.665 Y226.5
G0 X184.835 Y226.5
G0 X185.93 Y226.5
G0 X186.5 Y226.5
;TYPE:WALL-INNER
G1 F2700 E2746.85002
G1 F1500 X186.5 Y213.5 E2747.10945
G0 F9000 X186.38 Y226.62
G0 X186.1 Y226.9
G1 F1500 X186.9 Y226.9 E2747.12541
G1 X186.9 Y213.1 E2747.40081
G1 X186.1 Y213.1 E2747.41677
G1 X186.1 Y226.9 E2747.69216
G0 F9000 X185.7 Y227.3
;TYPE:WALL-OUTER
G1 F1500 X187.3 Y227.3 E2747.72409
G1 X187.3 Y212.7 E2748.01545
G1 X185.7 Y212.7 E2748.04738
G1 X185.7 Y227.3 E2748.33874
G1 F2700 E2743.33874
G0 F9000 X185.98 Y227.02
G0 X187.07 Y226.5
G0 X188.165 Y226.5
G0 X189.335 Y226.5
G0 X190.43 Y226.5
G0 X191 Y226.5
;TYPE:WALL-INNER
G1 F2700 E2748.33874
G1 F1500 X191 Y213.5 E2748.59817
G0 F9000 X190.88 Y226.62
G0 X190.6 Y226.9
G1 F1500 X191.4 Y226.9 E2748.61414
G1 X191.4 Y213.1 E2748.88953
G1 X190.6 Y213.1 E2748.90549
G1 X190.6 Y226.9 E2749.18089
G0 F9000 X190.2 Y227.3
;TYPE:WALL-OUTER
G1 F1500 X191.8 Y227.3 E2749.21282
G1 X191.8 Y212.7 E2749.50418
G1 X190.2 Y212.7 E2749.53611
G1 X190.2 Y227.3 E2749.82746
G1 F2700 E2744.82746
G0 F9000 X190.48 Y227.02
G0 X191.57 Y226.5
G0 X192.665 Y226.5
G0 X199.835 Y226.5
G0 X200.93 Y226.5
G0 X201.5 Y226.5
;TYPE:WALL-INNER
G1 F2700 E2749.82746
G1 F1500 X201.5 Y213.5 E2750.08689
G0 F9000 X201.38 Y226.62
G0 X201.1 Y226.9
G1 F1500 X201.9 Y226.9 E2750.10286
G1 X201.9 Y213.1 E2750.37825
G1 X201.1 Y213.1 E2750.39422
G1 X201.1 Y226.9 E2750.66961
G0 F9000 X200.7 Y227.3
;TYPE:WALL-OUTER
G1 F1500 X202.3 Y227.3 E2750.70154
G1 X202.3 Y212.7 E2750.9929
G1 X200.7 Y212.7 E2751.02483
G1 X200.7 Y227.3 E2751.31619
G1 F2700 E2746.31619
G0 F9000 X200.98 Y227.02
G0 X202.07 Y226.5
G0 X203.165 Y226.5
G0 X204.335 Y226.5
G0 X205.43 Y226.5
G0 X206 Y226.5
;TYPE:WALL-INNER
G1 F2700 E2751.31619
G1 F1500 X206 Y213.5 E2751.57562
G0 F9000 X205.88 Y226.62
G0 X205.6 Y226.9
G1 F1500 X206.4 Y226.9 E2751.59158
G1 X206.4 Y213.1 E2751.86698
G1 X205.6 Y213.1 E2751.88294
G1 X205.6 Y226.9 E2752.15834
G0 F9000 X205.2 Y227.3
;TYPE:WALL-OUTER
G1 F1500 X206.8 Y227.3 E2752.19026
G1 X206.8 Y212.7 E2752.48162
G1 X205.2 Y212.7 E2752.51355
G1 X205.2 Y227.3 E2752.80491
G1 F2700 E2747.80491
G0 F9000 X205.48 Y227.02
G0 X206.57 Y226.5
G0 X207.665 Y226.5
G0 X214.835 Y226.5
G0 X215.93 Y226.5
G0 X216.5 Y226.5
;TYPE:WALL-INNER
G1 F2700 E2752.80491
G1 F1500 X216.5 Y213.5 E2753.06434
G0 F9000 X216.38 Y226.62
G0 X216.1 Y226.9
G1 F1500 X216.9 Y226.9 E2753.08031
G1 X216.9 Y213.1 E2753.3557
G1 X216.1 Y213.1 E2753.37166
G1 X216.1 Y226.9 E2753.64706
G0 F9000 X215.7 Y227.3
;TYPE:WALL-OUTER
G1 F1500 X217.3 Y227.3 E2753.67899
G1 X217.3 Y212.7 E2753.97035
G1 X215.7 Y212.7 E2754.00228
G1 X215.7 Y227.3 E2754.29364
G1 F2700 E2749.29364
G0 F9000 X215.98 Y227.02
G0 X217.07 Y226.5
G0 X218.165 Y226.5
G0 X219.335 Y226.5
G0 X220.43 Y226.5
G0 X221 Y226.5
;TYPE:WALL-INNER
G1 F2700 E2754.29364
G1 F1500 X221 Y213.5 E2754.55306
G0 F9000 X220.88 Y226.62
G0 X220.6 Y226.9
G1 F1500 X221.4 Y226.9 E2754.56903
G1 X221.4 Y213.1 E2754.84442
G1 X220.6 Y213.1 E2754.86039
G1 X220.6 Y226.9 E2755.13578
G0 F9000 X220.2 Y227.3
;TYPE:WALL-OUTER
G1 F1500 X221.8 Y227.3 E2755.16771
G1 X221.8 Y212.7 E2755.45907
G1 X220.2 Y212.7 E2755.491
G1 X220.2 Y227.3 E2755.78236
G1 F2700 E2750.78236
G0 F9000 X220.48 Y227.02
G0 X221.57 Y226.5
G0 X222.665 Y226.5
G0 X229.835 Y226.5
G0 X230.93 Y226.5
G0 X231.5 Y226.5
;TYPE:WALL-INNER
G1 F2700 E2755.78236
G1 F1500 X231.5 Y213.5 E2756.04179
G0 F9000 X231.38 Y226.62
G0 X231.1 Y226.9
G1 F1500 X231.9 Y226.9 E2756.05775
G1 X231.9 Y213.1 E2756.33315
G1 X231.1 Y213.1 E2756.34911
G1 X231.1 Y226.9 E2756.62451
G0 F9000 X230.7 Y227.3
;TYPE:WALL-OUTER
G1 F1500 X232.3 Y227.3 E2756.65644
G1 X232.3 Y212.7 E2756.94779
G1 X230.7 Y212.7 E2756.97972
G1 X230.7 Y227.3 E2757.27108
G1 F2700 E2752.27108
G0 F9000 X230.98 Y227.02
G0 X232.07 Y226.475
G0 X233.165 Y226.475
G0 X234.335 Y226.475
G0 X235.43 Y226.475
G0 X236.025 Y226.475
;TYPE:WALL-INNER
G1 F2700 E2757.27108
G1 F1333.3 X236.475 Y226.475 E2757.28119
G1 X236.475 Y213.525 E2757.57192
G1 X236.025 Y213.525 E2757.58202
G1 X236.025 Y226.475 E2757.87276
G0 F9000 X235.6 Y226.9
G1 F1500 X236.9 Y226.9 E2757.8987
G1 X236.9 Y213.1 E2758.1741
G1 X235.6 Y213.1 E2758.20004
G1 X235.6 Y226.9 E2758.47543
G0 F9000 X235.2 Y227.3
;TYPE:WALL-OUTER
G1 F1500 X237.3 Y227.3 E2758.51734
G1 X237.3 Y212.7 E2758.8087
G1 X235.2 Y212.7 E2758.85061
G1 X235.2 Y227.3 E2759.14197
G0 F9000 X236.092 Y226.29
G1 F2700 E2754.14197
;MESH:NONMESH
G0 F300 X236.092 Y226.29 Z8.4
G0 F9000 X235.43 Y213.5
G0 X234.335 Y213.5
G0 X233.153 Y211.847
G0 X129.347 Y211.847
G0 X128.165 Y213.5
G0 X127.07 Y213.5
G0 X126.5 Y213.5
;TIME_ELAPSED:6946.299848
;LAYER:69
;TYPE:WALL-INNER
;MESH:BusConnAssyAid.stl
G1 F2700 E2759.14197
G1 F1500 X126.5 Y226.5 E2759.40139
G0 F9000 X126.1 Y226.9
G1 F1500 X126.9 Y226.9 E2759.41736
G1 X126.9 Y213.1 E2759.69275
G1 X126.1 Y213.1 E2759.70872
G1 X126.1 Y226.9 E2759.98411
G0 F9000 X125.7 Y227.3
;TYPE:WALL-OUTER
G1 F1500 X127.3 Y227.3 E2760.01604
G1 X127.3 Y212.7 E2760.3074
G1 X125.7 Y212.7 E2760.33933
G1 X125.7 Y227.3 E2760.63069
G1 F2700 E2755.63069
G0 F9000 X125.98 Y227.02
G0 X127.07 Y226.5
G0 X128.165 Y226.5
G0 X129.335 Y226.5
G0 X130.43 Y226.5
G0 X131 Y226.5
;TYPE:WALL-INNER
G1 F2700 E2760.63069
G1 F1500 X131 Y213.5 E2760.89012
G0 F9000 X130.88 Y226.62
G0 X130.6 Y226.9
G1 F1500 X131.4 Y226.9 E2760.90608
G1 X131.4 Y213.1 E2761.18148
G1 X130.6 Y213.1 E2761.19744
G1 X130.6 Y226.9 E2761.47284
G0 F9000 X130.2 Y227.3
;TYPE:WALL-OUTER
G1 F1500 X131.8 Y227.3 E2761.50477
G1 X131.8 Y212.7 E2761.79612
G1 X130.2 Y212.7 E2761.82805
G1 X130.2 Y227.3 E2762.11941
G1 F2700 E2757.11941
G0 F9000 X130.48 Y227.02
G0 X131.57 Y226.5
G0 X132.665 Y226.5
G0 X139.835 Y226.5
G0 X140.93 Y226.5
G0 X141.5 Y226.5
;TYPE:WALL-INNER
G1 F2700 E2762.11941
G1 F1500 X141.5 Y213.5 E2762.37884
G0 F9000 X141.38 Y226.62
G0 X141.1 Y226.9
G1 F1500 X141.9 Y226.9 E2762.39481
G1 X141.9 Y213.1 E2762.6702
G1 X141.1 Y213.1 E2762.68617
G1 X141.1 Y226.9 E2762.96156
G0 F9000 X140.7 Y227.3
;TYPE:WALL-OUTER
G1 F1500 X142.3 Y227.3 E2762.99349
G1 X142.3 Y212.7 E2763.28485
G1 X140.7 Y212.7 E2763.31678
G1 X140.7 Y227.3 E2763.60814
G1 F2700 E2758.60814
G0 F9000 X140.98 Y227.02
G0 X142.07 Y226.5
G0 X143.165 Y226.5
G0 X144.335 Y226.5
G0 X145.43 Y226.5
G0 X146 Y226.5
;TYPE:WALL-INNER
G1 F2700 E2763.60814
G1 F1500 X146 Y213.5 E2763.86757
G0 F9000 X145.88 Y226.62
G0 X145.6 Y226.9
G1 F1500 X146.4 Y226.9 E2763.88353
G1 X146.4 Y213.1 E2764.15892
G1 X145.6 Y213.1 E2764.17489
G1 X145.6 Y226.9 E2764.45028
G0 F9000 X145.2 Y227.3
;TYPE:WALL-OUTER
G1 F1500 X146.8 Y227.3 E2764.48221
G1 X146.8 Y212.7 E2764.77357
G1 X145.2 Y212.7 E2764.8055
G1 X145.2 Y227.3 E2765.09686
G1 F2700 E2760.09686
G0 F9000 X145.48 Y227.02
G0 X146.57 Y226.5
G0 X147.665 Y226.5
G0 X154.835 Y226.5
G0 X155.93 Y226.5
G0 X156.5 Y226.5
;TYPE:WALL-INNER
G1 F2700 E2765.09686
G1 F1500 X156.5 Y213.5 E2765.35629
G0 F9000 X156.38 Y226.62
G0 X156.1 Y226.9
G1 F1500 X156.9 Y226.9 E2765.37225
G1 X156.9 Y213.1 E2765.64765
G1 X156.1 Y213.1 E2765.66361
G1 X156.1 Y226.9 E2765.93901
G0 F9000 X155.7 Y227.3
;TYPE:WALL-OUTER
G1 F1500 X157.3 Y227.3 E2765.97094
G1 X157.3 Y212.7 E2766.2623
G1 X155.7 Y212.7 E2766.29423
G1 X155.7 Y227.3 E2766.58558
G1 F2700 E2761.58558
G0 F9000 X155.98 Y227.02
G0 X157.07 Y226.5
G0 X158.165 Y226.5
G0 X159.335 Y226.5
G0 X160.43 Y226.5
G0 X161 Y226.5
;TYPE:WALL-INNER
G1 F2700 E2766.58558
G1 F1500 X161 Y213.5 E2766.84501
G0 F9000 X160.88 Y226.62
G0 X160.6 Y226.9
G1 F1500 X161.4 Y226.9 E2766.86098
G1 X161.4 Y213.1 E2767.13637
G1 X160.6 Y213.1 E2767.15234
G1 X160.6 Y226.9 E2767.42773
G0 F9000 X160.2 Y227.3
;TYPE:WALL-OUTER
G1 F1500 X161.8 Y227.3 E2767.45966
G1 X161.8 Y212.7 E2767.75102
G1 X160.2 Y212.7 E2767.78295
G1 X160.2 Y227.3 E2768.07431
G1 F2700 E2763.07431
G0 F9000 X160.48 Y227.02
G0 X161.57 Y226.5
G0 X162.665 Y226.5
G0 X169.835 Y226.5
G0 X170.93 Y226.5
G0 X171.5 Y226.5
;TYPE:WALL-INNER
G1 F2700 E2768.07431
G1 F1500 X171.5 Y213.5 E2768.33374
G0 F9000 X171.38 Y226.62
G0 X171.1 Y226.9
G1 F1500 X171.9 Y226.9 E2768.3497
G1 X171.9 Y213.1 E2768.6251
G1 X171.1 Y213.1 E2768.64106
G1 X171.1 Y226.9 E2768.91645
G0 F9000 X170.7 Y227.3
;TYPE:WALL-OUTER
G1 F1500 X172.3 Y227.3 E2768.94838
G1 X172.3 Y212.7 E2769.23974
G1 X170.7 Y212.7 E2769.27167
G1 X170.7 Y227.3 E2769.56303
G1 F2700 E2764.56303
G0 F9000 X170.98 Y227.02
G0 X172.07 Y226.5
G0 X173.165 Y226.5
G0 X174.335 Y226.5
G0 X175.43 Y226.5
G0 X176 Y226.5
;TYPE:WALL-INNER
G1 F2700 E2769.56303
G1 F1500 X176 Y213.5 E2769.82246
G0 F9000 X175.88 Y226.62
G0 X175.6 Y226.9
G1 F1500 X176.4 Y226.9 E2769.83843
G1 X176.4 Y213.1 E2770.11382
G1 X175.6 Y213.1 E2770.12978
G1 X175.6 Y226.9 E2770.40518
G0 F9000 X175.2 Y227.3
;TYPE:WALL-OUTER
G1 F1500 X176.8 Y227.3 E2770.43711
G1 X176.8 Y212.7 E2770.72847
G1 X175.2 Y212.7 E2770.7604
G1 X175.2 Y227.3 E2771.05175
G1 F2700 E2766.05175
G0 F9000 X175.48 Y227.02
G0 X176.57 Y226.5
G0 X177.665 Y226.5
G0 X184.835 Y226.5
G0 X185.93 Y226.5
G0 X186.5 Y226.5
;TYPE:WALL-INNER
G1 F2700 E2771.05175
G1 F1500 X186.5 Y213.5 E2771.31118
G0 F9000 X186.38 Y226.62
G0 X186.1 Y226.9
G1 F1500 X186.9 Y226.9 E2771.32715
G1 X186.9 Y213.1 E2771.60254
G1 X186.1 Y213.1 E2771.61851
G1 X186.1 Y226.9 E2771.8939
G0 F9000 X185.7 Y227.3
;TYPE:WALL-OUTER
G1 F1500 X187.3 Y227.3 E2771.92583
G1 X187.3 Y212.7 E2772.21719
G1 X185.7 Y212.7 E2772.24912
G1 X185.7 Y227.3 E2772.54048
G1 F2700 E2767.54048
G0 F9000 X185.98 Y227.02
G0 X187.07 Y226.5
G0 X188.165 Y226.5
G0 X189.335 Y226.5
G0 X190.43 Y226.5
G0 X191 Y226.5
;TYPE:WALL-INNER
G1 F2700 E2772.54048
G1 F1500 X191 Y213.5 E2772.79991
G0 F9000 X190.88 Y226.62
G0 X190.6 Y226.9
G1 F1500 X191.4 Y226.9 E2772.81587
G1 X191.4 Y213.1 E2773.09127
G1 X190.6 Y213.1 E2773.10723
G1 X190.6 Y226.9 E2773.38263
G0 F9000 X190.2 Y227.3
;TYPE:WALL-OUTER
G1 F1500 X191.8 Y227.3 E2773.41455
G1 X191.8 Y212.7 E2773.70591
G1 X190.2 Y212.7 E2773.73784
G1 X190.2 Y227.3 E2774.0292
G1 F2700 E2769.0292
G0 F9000 X190.48 Y227.02
G0 X191.57 Y226.5
G0 X192.665 Y226.5
G0 X199.835 Y226.5
G0 X200.93 Y226.5
G0 X201.5 Y226.5
;TYPE:WALL-INNER
G1 F2700 E2774.0292
G1 F1500 X201.5 Y213.5 E2774.28863
G0 F9000 X201.38 Y226.62
G0 X201.1 Y226.9
G1 F1500 X201.9 Y226.9 E2774.3046
G1 X201.9 Y213.1 E2774.57999
G1 X201.1 Y213.1 E2774.59595
G1 X201.1 Y226.9 E2774.87135
G0 F9000 X200.7 Y227.3
;TYPE:WALL-OUTER
G1 F1500 X202.3 Y227.3 E2774.90328
G1 X202.3 Y212.7 E2775.19464
G1 X200.7 Y212.7 E2775.22657
G1 X200.7 Y227.3 E2775.51793
G1 F2700 E2770.51793
G0 F9000 X200.98 Y227.02
G0 X202.07 Y226.5
G0 X203.165 Y226.5
G0 X204.335 Y226.5
G0 X205.43 Y226.5
G0 X206 Y226.5
;TYPE:WALL-INNER
G1 F2700 E2775.51793
G1 F1500 X206 Y213.5 E2775.77735
G0 F9000 X205.88 Y226.62
G0 X205.6 Y226.9
G1 F1500 X206.4 Y226.9 E2775.79332
G1 X206.4 Y213.1 E2776.06871
G1 X205.6 Y213.1 E2776.08468
G1 X205.6 Y226.9 E2776.36007
G0 F9000 X205.2 Y227.3
;TYPE:WALL-OUTER
G1 F1500 X206.8 Y227.3 E2776.392
G1 X206.8 Y212.7 E2776.68336
G1 X205.2 Y212.7 E2776.71529
G1 X205.2 Y227.3 E2777.00665
G1 F2700 E2772.00665
G0 F9000 X205.48 Y227.02
G0 X206.57 Y226.5
G0 X207.665 Y226.5
G0 X214.835 Y226.5
G0 X215.93 Y226.5
G0 X216.5 Y226.5
;TYPE:WALL-INNER
G1 F2700 E2777.00665
G1 F1500 X216.5 Y213.5 E2777.26608
G0 F9000 X216.38 Y226.62
G0 X216.1 Y226.9
G1 F1500 X216.9 Y226.9 E2777.28204
G1 X216.9 Y213.1 E2777.55744
G1 X216.1 Y213.1 E2777.5734
G1 X216.1 Y226.9 E2777.8488
G0 F9000 X215.7 Y227.3
;TYPE:WALL-OUTER
G1 F1500 X217.3 Y227.3 E2777.88073
G1 X217.3 Y212.7 E2778.17208
G1 X215.7 Y212.7 E2778.20401
G1 X215.7 Y227.3 E2778.49537
G1 F2700 E2773.49537
G0 F9000 X215.98 Y227.02
G0 X217.07 Y226.5
G0 X218.165 Y226.5
G0 X219.335 Y226.5
G0 X220.43 Y226.5
G0 X221 Y226.5
;TYPE:WALL-INNER
G1 F2700 E2778.49537
G1 F1500 X221 Y213.5 E2778.7548
G0 F9000 X220.88 Y226.62
G0 X220.6 Y226.9
G1 F1500 X221.4 Y226.9 E2778.77077
G1 X221.4 Y213.1 E2779.04616
G1 X220.6 Y213.1 E2779.06213
G1 X220.6 Y226.9 E2779.33752
G0 F9000 X220.2 Y227.3
;TYPE:WALL-OUTER
G1 F1500 X221.8 Y227.3 E2779.36945
G1 X221.8 Y212.7 E2779.66081
G1 X220.2 Y212.7 E2779.69274
G1 X220.2 Y227.3 E2779.9841
G1 F2700 E2774.9841
G0 F9000 X220.48 Y227.02
G0 X221.57 Y226.5
G0 X222.665 Y226.5
G0 X229.835 Y226.5
G0 X230.93 Y226.5
G0 X231.5 Y226.5
;TYPE:WALL-INNER
G1 F2700 E2779.9841
G1 F1500 X231.5 Y213.5 E2780.24353
G0 F9000 X231.38 Y226.62
G0 X231.1 Y226.9
G1 F1500 X231.9 Y226.9 E2780.25949
G1 X231.9 Y213.1 E2780.53488
G1 X231.1 Y213.1 E2780.55085
G1 X231.1 Y226.9 E2780.82624
G0 F9000 X230.7 Y227.3
;TYPE:WALL-OUTER
G1 F1500 X232.3 Y227.3 E2780.85817
G1 X232.3 Y212.7 E2781.14953
G1 X230.7 Y212.7 E2781.18146
G1 X230.7 Y227.3 E2781.47282
G1 F2700 E2776.47282
G0 F9000 X230.98 Y227.02
G0 X232.07 Y226.475
G0 X233.165 Y226.475
G0 X234.335 Y226.475
G0 X235.43 Y226.475
G0 X236.025 Y226.475
;TYPE:WALL-INNER
G1 F2700 E2781.47282
G1 F1333.3 X236.475 Y226.475 E2781.48292
G1 X236.475 Y213.525 E2781.77366
G1 X236.025 Y213.525 E2781.78376
G1 X236.025 Y226.475 E2782.0745
G0 F9000 X235.6 Y226.9
G1 F1500 X236.9 Y226.9 E2782.10044
G1 X236.9 Y213.1 E2782.37583
G1 X235.6 Y213.1 E2782.40178
G1 X235.6 Y226.9 E2782.67717
G0 F9000 X235.2 Y227.3
;TYPE:WALL-OUTER
G1 F1500 X237.3 Y227.3 E2782.71908
G1 X237.3 Y212.7 E2783.01044
G1 X235.2 Y212.7 E2783.05234
G1 X235.2 Y227.3 E2783.3437
G0 F9000 X236.092 Y226.29
G1 F2700 E2778.3437
;MESH:NONMESH
G0 F300 X236.092 Y226.29 Z8.52
G0 F9000 X235.43 Y213.5
G0 X234.335 Y213.5
G0 X233.153 Y211.847
G0 X129.347 Y211.847
G0 X128.165 Y213.5
G0 X127.07 Y213.5
G0 X126.5 Y213.5
;TIME_ELAPSED:7015.590082
;LAYER:70
;TYPE:WALL-INNER
;MESH:BusConnAssyAid.stl
G1 F2700 E2783.3437
G1 F1500 X126.5 Y226.5 E2783.60313
G0 F9000 X126.1 Y226.9
G1 F1500 X126.9 Y226.9 E2783.6191
G1 X126.9 Y213.1 E2783.89449
G1 X126.1 Y213.1 E2783.91046
G1 X126.1 Y226.9 E2784.18585
G0 F9000 X125.7 Y227.3
;TYPE:WALL-OUTER
G1 F1500 X127.3 Y227.3 E2784.21778
G1 X127.3 Y212.7 E2784.50914
G1 X125.7 Y212.7 E2784.54107
G1 X125.7 Y227.3 E2784.83243
G1 F2700 E2779.83243
G0 F9000 X125.98 Y227.02
G0 X127.07 Y226.5
G0 X128.165 Y226.5
G0 X129.335 Y226.5
G0 X130.43 Y226.5
G0 X131 Y226.5
;TYPE:WALL-INNER
G1 F2700 E2784.83243
G1 F1500 X131 Y213.5 E2785.09186
G0 F9000 X130.88 Y226.62
G0 X130.6 Y226.9
G1 F1500 X131.4 Y226.9 E2785.10782
G1 X131.4 Y213.1 E2785.38321
G1 X130.6 Y213.1 E2785.39918
G1 X130.6 Y226.9 E2785.67457
G0 F9000 X130.2 Y227.3
;TYPE:WALL-OUTER
G1 F1500 X131.8 Y227.3 E2785.7065
G1 X131.8 Y212.7 E2785.99786
G1 X130.2 Y212.7 E2786.02979
G1 X130.2 Y227.3 E2786.32115
G1 F2700 E2781.32115
G0 F9000 X130.48 Y227.02
G0 X131.57 Y226.5
G0 X132.665 Y226.5
G0 X139.835 Y226.5
G0 X140.93 Y226.5
G0 X141.5 Y226.5
;TYPE:WALL-INNER
G1 F2700 E2786.32115
G1 F1500 X141.5 Y213.5 E2786.58058
G0 F9000 X141.38 Y226.62
G0 X141.1 Y226.9
G1 F1500 X141.9 Y226.9 E2786.59654
G1 X141.9 Y213.1 E2786.87194
G1 X141.1 Y213.1 E2786.8879
G1 X141.1 Y226.9 E2787.1633
G0 F9000 X140.7 Y227.3
;TYPE:WALL-OUTER
G1 F1500 X142.3 Y227.3 E2787.19523
G1 X142.3 Y212.7 E2787.48659
G1 X140.7 Y212.7 E2787.51852
G1 X140.7 Y227.3 E2787.80987
G1 F2700 E2782.80987
G0 F9000 X140.98 Y227.02
G0 X142.07 Y226.5
G0 X143.165 Y226.5
G0 X144.335 Y226.5
G0 X145.43 Y226.5
G0 X146 Y226.5
;TYPE:WALL-INNER
G1 F2700 E2787.80987
G1 F1500 X146 Y213.5 E2788.0693
G0 F9000 X145.88 Y226.62
G0 X145.6 Y226.9
G1 F1500 X146.4 Y226.9 E2788.08527
G1 X146.4 Y213.1 E2788.36066
G1 X145.6 Y213.1 E2788.37663
G1 X145.6 Y226.9 E2788.65202
G0 F9000 X145.2 Y227.3
;TYPE:WALL-OUTER
G1 F1500 X146.8 Y227.3 E2788.68395
G1 X146.8 Y212.7 E2788.97531
G1 X145.2 Y212.7 E2789.00724
G1 X145.2 Y227.3 E2789.2986
G1 F2700 E2784.2986
G0 F9000 X145.48 Y227.02
G0 X146.57 Y226.5
G0 X147.665 Y226.5
G0 X154.835 Y226.5
G0 X155.93 Y226.5
G0 X156.5 Y226.5
;TYPE:WALL-INNER
G1 F2700 E2789.2986
G1 F1500 X156.5 Y213.5 E2789.55803
G0 F9000 X156.38 Y226.62
G0 X156.1 Y226.9
G1 F1500 X156.9 Y226.9 E2789.57399
G1 X156.9 Y213.1 E2789.84939
G1 X156.1 Y213.1 E2789.86535
G1 X156.1 Y226.9 E2790.14074
G0 F9000 X155.7 Y227.3
;TYPE:WALL-OUTER
G1 F1500 X157.3 Y227.3 E2790.17267
G1 X157.3 Y212.7 E2790.46403
G1 X155.7 Y212.7 E2790.49596
G1 X155.7 Y227.3 E2790.78732
G1 F2700 E2785.78732
G0 F9000 X155.98 Y227.02
G0 X157.07 Y226.5
G0 X158.165 Y226.5
G0 X159.335 Y226.5
G0 X160.43 Y226.5
G0 X161 Y226.5
;TYPE:WALL-INNER
G1 F2700 E2790.78732
G1 F1500 X161 Y213.5 E2791.04675
G0 F9000 X160.88 Y226.62
G0 X160.6 Y226.9
G1 F1500 X161.4 Y226.9 E2791.06272
G1 X161.4 Y213.1 E2791.33811
G1 X160.6 Y213.1 E2791.35407
G1 X160.6 Y226.9 E2791.62947
G0 F9000 X160.2 Y227.3
;TYPE:WALL-OUTER
G1 F1500 X161.8 Y227.3 E2791.6614
G1 X161.8 Y212.7 E2791.95276
G1 X160.2 Y212.7 E2791.98469
G1 X160.2 Y227.3 E2792.27604
G1 F2700 E2787.27604
G0 F9000 X160.48 Y227.02
G0 X161.57 Y226.5
G0 X162.665 Y226.5
G0 X169.835 Y226.5
G0 X170.93 Y226.5
G0 X171.5 Y226.5
;TYPE:WALL-INNER
G1 F2700 E2792.27604
G1 F1500 X171.5 Y213.5 E2792.53547
G0 F9000 X171.38 Y226.62
G0 X171.1 Y226.9
G1 F1500 X171.9 Y226.9 E2792.55144
G1 X171.9 Y213.1 E2792.82683
G1 X171.1 Y213.1 E2792.8428
G1 X171.1 Y226.9 E2793.11819
G0 F9000 X170.7 Y227.3
;TYPE:WALL-OUTER
G1 F1500 X172.3 Y227.3 E2793.15012
G1 X172.3 Y212.7 E2793.44148
G1 X170.7 Y212.7 E2793.47341
G1 X170.7 Y227.3 E2793.76477
G1 F2700 E2788.76477
G0 F9000 X170.98 Y227.02
G0 X172.07 Y226.5
G0 X173.165 Y226.5
G0 X174.335 Y226.5
G0 X175.43 Y226.5
G0 X176 Y226.5
;TYPE:WALL-INNER
G1 F2700 E2793.76477
G1 F1500 X176 Y213.5 E2794.0242
G0 F9000 X175.88 Y226.62
G0 X175.6 Y226.9
G1 F1500 X176.4 Y226.9 E2794.04016
G1 X176.4 Y213.1 E2794.31556
G1 X175.6 Y213.1 E2794.33152
G1 X175.6 Y226.9 E2794.60692
G0 F9000 X175.2 Y227.3
;TYPE:WALL-OUTER
G1 F1500 X176.8 Y227.3 E2794.63884
G1 X176.8 Y212.7 E2794.9302
G1 X175.2 Y212.7 E2794.96213
G1 X175.2 Y227.3 E2795.25349
G1 F2700 E2790.25349
G0 F9000 X175.48 Y227.02
G0 X176.57 Y226.5
G0 X177.665 Y226.5
G0 X184.835 Y226.5
G0 X185.93 Y226.5
G0 X186.5 Y226.5
;TYPE:WALL-INNER
G1 F2700 E2795.25349
G1 F1500 X186.5 Y213.5 E2795.51292
G0 F9000 X186.38 Y226.62
G0 X186.1 Y226.9
G1 F1500 X186.9 Y226.9 E2795.52889
G1 X186.9 Y213.1 E2795.80428
G1 X186.1 Y213.1 E2795.82024
G1 X186.1 Y226.9 E2796.09564
G0 F9000 X185.7 Y227.3
;TYPE:WALL-OUTER
G1 F1500 X187.3 Y227.3 E2796.12757
G1 X187.3 Y212.7 E2796.41893
G1 X185.7 Y212.7 E2796.45086
G1 X185.7 Y227.3 E2796.74222
G1 F2700 E2791.74222
G0 F9000 X185.98 Y227.02
G0 X187.07 Y226.5
G0 X188.165 Y226.5
G0 X189.335 Y226.5
G0 X190.43 Y226.5
G0 X191 Y226.5
;TYPE:WALL-INNER
G1 F2700 E2796.74222
G1 F1500 X191 Y213.5 E2797.00164
G0 F9000 X190.88 Y226.62
G0 X190.6 Y226.9
G1 F1500 X191.4 Y226.9 E2797.01761
G1 X191.4 Y213.1 E2797.293
G1 X190.6 Y213.1 E2797.30897
G1 X190.6 Y226.9 E2797.58436
G0 F9000 X190.2 Y227.3
;TYPE:WALL-OUTER
G1 F1500 X191.8 Y227.3 E2797.61629
G1 X191.8 Y212.7 E2797.90765
G1 X190.2 Y212.7 E2797.93958
G1 X190.2 Y227.3 E2798.23094
G1 F2700 E2793.23094
G0 F9000 X190.48 Y227.02
G0 X191.57 Y226.5
G0 X192.665 Y226.5
G0 X199.835 Y226.5
G0 X200.93 Y226.5
G0 X201.5 Y226.5
;TYPE:WALL-INNER
G1 F2700 E2798.23094
G1 F1500 X201.5 Y213.5 E2798.49037
G0 F9000 X201.38 Y226.62
G0 X201.1 Y226.9
G1 F1500 X201.9 Y226.9 E2798.50633
G1 X201.9 Y213.1 E2798.78173
G1 X201.1 Y213.1 E2798.79769
G1 X201.1 Y226.9 E2799.07309
G0 F9000 X200.7 Y227.3
;TYPE:WALL-OUTER
G1 F1500 X202.3 Y227.3 E2799.10502
G1 X202.3 Y212.7 E2799.39637
G1 X200.7 Y212.7 E2799.4283
G1 X200.7 Y227.3 E2799.71966
G1 F2700 E2794.71966
G0 F9000 X200.98 Y227.02
G0 X202.07 Y226.5
G0 X203.165 Y226.5
G0 X204.335 Y226.5
G0 X205.43 Y226.5
G0 X206 Y226.5
;TYPE:WALL-INNER
G1 F2700 E2799.71966
G1 F1500 X206 Y213.5 E2799.97909
G0 F9000 X205.88 Y226.62
G0 X205.6 Y226.9
G1 F1500 X206.4 Y226.9 E2799.99506
G1 X206.4 Y213.1 E2800.27045
G1 X205.6 Y213.1 E2800.28642
G1 X205.6 Y226.9 E2800.56181
G0 F9000 X205.2 Y227.3
;TYPE:WALL-OUTER
G1 F1500 X206.8 Y227.3 E2800.59374
G1 X206.8 Y212.7 E2800.8851
G1 X205.2 Y212.7 E2800.91703
G1 X205.2 Y227.3 E2801.20839
G1 F2700 E2796.20839
G0 F9000 X205.48 Y227.02
G0 X206.57 Y226.5
G0 X207.665 Y226.5
G0 X214.835 Y226.5
G0 X215.93 Y226.5
G0 X216.5 Y226.5
;TYPE:WALL-INNER
G1 F2700 E2801.20839
G1 F1500 X216.5 Y213.5 E2801.46782
G0 F9000 X216.38 Y226.62
G0 X216.1 Y226.9
G1 F1500 X216.9 Y226.9 E2801.48378
G1 X216.9 Y213.1 E2801.75917
G1 X216.1 Y213.1 E2801.77514
G1 X216.1 Y226.9 E2802.05053
G0 F9000 X215.7 Y227.3
;TYPE:WALL-OUTER
G1 F1500 X217.3 Y227.3 E2802.08246
G1 X217.3 Y212.7 E2802.37382
G1 X215.7 Y212.7 E2802.40575
G1 X215.7 Y227.3 E2802.69711
G1 F2700 E2797.69711
G0 F9000 X215.98 Y227.02
G0 X217.07 Y226.5
G0 X218.165 Y226.5
G0 X219.335 Y226.5
G0 X220.43 Y226.5
G0 X221 Y226.5
;TYPE:WALL-INNER
G1 F2700 E2802.69711
G1 F1500 X221 Y213.5 E2802.95654
G0 F9000 X220.88 Y226.62
G0 X220.6 Y226.9
G1 F1500 X221.4 Y226.9 E2802.9725
G1 X221.4 Y213.1 E2803.2479
G1 X220.6 Y213.1 E2803.26386
G1 X220.6 Y226.9 E2803.53926
G0 F9000 X220.2 Y227.3
;TYPE:WALL-OUTER
G1 F1500 X221.8 Y227.3 E2803.57119
G1 X221.8 Y212.7 E2803.86255
G1 X220.2 Y212.7 E2803.89448
G1 X220.2 Y227.3 E2804.18583
G1 F2700 E2799.18583
G0 F9000 X220.48 Y227.02
G0 X221.57 Y226.5
G0 X222.665 Y226.5
G0 X229.835 Y226.5
G0 X230.93 Y226.5
G0 X231.5 Y226.5
;TYPE:WALL-INNER
G1 F2700 E2804.18583
G1 F1500 X231.5 Y213.5 E2804.44526
G0 F9000 X231.38 Y226.62
G0 X231.1 Y226.9
G1 F1500 X231.9 Y226.9 E2804.46123
G1 X231.9 Y213.1 E2804.73662
G1 X231.1 Y213.1 E2804.75259
G1 X231.1 Y226.9 E2805.02798
G0 F9000 X230.7 Y227.3
;TYPE:WALL-OUTER
G1 F1500 X232.3 Y227.3 E2805.05991
G1 X232.3 Y212.7 E2805.35127
G1 X230.7 Y212.7 E2805.3832
G1 X230.7 Y227.3 E2805.67456
G1 F2700 E2800.67456
G0 F9000 X230.98 Y227.02
G0 X232.07 Y226.475
G0 X233.165 Y226.475
G0 X234.335 Y226.475
G0 X235.43 Y226.475
G0 X236.025 Y226.475
;TYPE:WALL-INNER
G1 F2700 E2805.67456
G1 F1333.3 X236.475 Y226.475 E2805.68466
G1 X236.475 Y213.525 E2805.9754
G1 X236.025 Y213.525 E2805.9855
G1 X236.025 Y226.475 E2806.27623
G0 F9000 X235.6 Y226.9
G1 F1500 X236.9 Y226.9 E2806.30218
G1 X236.9 Y213.1 E2806.57757
G1 X235.6 Y213.1 E2806.60351
G1 X235.6 Y226.9 E2806.87891
G0 F9000 X235.2 Y227.3
;TYPE:WALL-OUTER
G1 F1500 X237.3 Y227.3 E2806.92082
G1 X237.3 Y212.7 E2807.21217
G1 X235.2 Y212.7 E2807.25408
G1 X235.2 Y227.3 E2807.54544
G0 F9000 X236.092 Y226.29
G1 F2700 E2802.54544
;MESH:NONMESH
G0 F300 X236.092 Y226.29 Z8.64
G0 F9000 X235.43 Y213.5
G0 X234.335 Y213.5
G0 X233.153 Y211.847
G0 X129.347 Y211.847
G0 X128.165 Y213.5
G0 X127.07 Y213.5
G0 X126.5 Y213.5
;TIME_ELAPSED:7084.880316
;LAYER:71
;TYPE:WALL-INNER
;MESH:BusConnAssyAid.stl
G1 F2700 E2807.54544
G1 F1500 X126.5 Y226.5 E2807.80487
G0 F9000 X126.1 Y226.9
G1 F1500 X126.9 Y226.9 E2807.82083
G1 X126.9 Y213.1 E2808.09623
G1 X126.1 Y213.1 E2808.11219
G1 X126.1 Y226.9 E2808.38759
G0 F9000 X125.7 Y227.3
;TYPE:WALL-OUTER
G1 F1500 X127.3 Y227.3 E2808.41952
G1 X127.3 Y212.7 E2808.71088
G1 X125.7 Y212.7 E2808.74281
G1 X125.7 Y227.3 E2809.03416
G1 F2700 E2804.03416
G0 F9000 X125.98 Y227.02
G0 X127.07 Y226.5
G0 X128.165 Y226.5
G0 X129.335 Y226.5
G0 X130.43 Y226.5
G0 X131 Y226.5
;TYPE:WALL-INNER
G1 F2700 E2809.03416
G1 F1500 X131 Y213.5 E2809.29359
G0 F9000 X130.88 Y226.62
G0 X130.6 Y226.9
G1 F1500 X131.4 Y226.9 E2809.30956
G1 X131.4 Y213.1 E2809.58495
G1 X130.6 Y213.1 E2809.60092
G1 X130.6 Y226.9 E2809.87631
G0 F9000 X130.2 Y227.3
;TYPE:WALL-OUTER
G1 F1500 X131.8 Y227.3 E2809.90824
G1 X131.8 Y212.7 E2810.1996
G1 X130.2 Y212.7 E2810.23153
G1 X130.2 Y227.3 E2810.52289
G1 F2700 E2805.52289
G0 F9000 X130.48 Y227.02
G0 X131.57 Y226.5
G0 X132.665 Y226.5
G0 X139.835 Y226.5
G0 X140.93 Y226.5
G0 X141.5 Y226.5
;TYPE:WALL-INNER
G1 F2700 E2810.52289
G1 F1500 X141.5 Y213.5 E2810.78232
G0 F9000 X141.38 Y226.62
G0 X141.1 Y226.9
G1 F1500 X141.9 Y226.9 E2810.79828
G1 X141.9 Y213.1 E2811.07368
G1 X141.1 Y213.1 E2811.08964
G1 X141.1 Y226.9 E2811.36503
G0 F9000 X140.7 Y227.3
;TYPE:WALL-OUTER
G1 F1500 X142.3 Y227.3 E2811.39696
G1 X142.3 Y212.7 E2811.68832
G1 X140.7 Y212.7 E2811.72025
G1 X140.7 Y227.3 E2812.01161
G1 F2700 E2807.01161
G0 F9000 X140.98 Y227.02
G0 X142.07 Y226.5
G0 X143.165 Y226.5
G0 X144.335 Y226.5
G0 X145.43 Y226.5
G0 X146 Y226.5
;TYPE:WALL-INNER
G1 F2700 E2812.01161
G1 F1500 X146 Y213.5 E2812.27104
G0 F9000 X145.88 Y226.62
G0 X145.6 Y226.9
G1 F1500 X146.4 Y226.9 E2812.28701
G1 X146.4 Y213.1 E2812.5624
G1 X145.6 Y213.1 E2812.57836
G1 X145.6 Y226.9 E2812.85376
G0 F9000 X145.2 Y227.3
;TYPE:WALL-OUTER
G1 F1500 X146.8 Y227.3 E2812.88569
G1 X146.8 Y212.7 E2813.17705
G1 X145.2 Y212.7 E2813.20898
G1 X145.2 Y227.3 E2813.50033
G1 F2700 E2808.50033
G0 F9000 X145.48 Y227.02
G0 X146.57 Y226.5
G0 X147.665 Y226.5
G0 X154.835 Y226.5
G0 X155.93 Y226.5
G0 X156.5 Y226.5
;TYPE:WALL-INNER
G1 F2700 E2813.50033
G1 F1500 X156.5 Y213.5 E2813.75976
G0 F9000 X156.38 Y226.62
G0 X156.1 Y226.9
G1 F1500 X156.9 Y226.9 E2813.77573
G1 X156.9 Y213.1 E2814.05112
G1 X156.1 Y213.1 E2814.06709
G1 X156.1 Y226.9 E2814.34248
G0 F9000 X155.7 Y227.3
;TYPE:WALL-OUTER
G1 F1500 X157.3 Y227.3 E2814.37441
G1 X157.3 Y212.7 E2814.66577
G1 X155.7 Y212.7 E2814.6977
G1 X155.7 Y227.3 E2814.98906
G1 F2700 E2809.98906
G0 F9000 X155.98 Y227.02
G0 X157.07 Y226.5
G0 X158.165 Y226.5
G0 X159.335 Y226.5
G0 X160.43 Y226.5
G0 X161 Y226.5
;TYPE:WALL-INNER
G1 F2700 E2814.98906
G1 F1500 X161 Y213.5 E2815.24849
G0 F9000 X160.88 Y226.62
G0 X160.6 Y226.9
G1 F1500 X161.4 Y226.9 E2815.26445
G1 X161.4 Y213.1 E2815.53985
G1 X160.6 Y213.1 E2815.55581
G1 X160.6 Y226.9 E2815.83121
G0 F9000 X160.2 Y227.3
;TYPE:WALL-OUTER
G1 F1500 X161.8 Y227.3 E2815.86313
G1 X161.8 Y212.7 E2816.15449
G1 X160.2 Y212.7 E2816.18642
G1 X160.2 Y227.3 E2816.47778
G1 F2700 E2811.47778
G0 F9000 X160.48 Y227.02
G0 X161.57 Y226.5
G0 X162.665 Y226.5
G0 X169.835 Y226.5
G0 X170.93 Y226.5
G0 X171.5 Y226.5
;TYPE:WALL-INNER
G1 F2700 E2816.47778
G1 F1500 X171.5 Y213.5 E2816.73721
G0 F9000 X171.38 Y226.62
G0 X171.1 Y226.9
G1 F1500 X171.9 Y226.9 E2816.75318
G1 X171.9 Y213.1 E2817.02857
G1 X171.1 Y213.1 E2817.04453
G1 X171.1 Y226.9 E2817.31993
G0 F9000 X170.7 Y227.3
;TYPE:WALL-OUTER
G1 F1500 X172.3 Y227.3 E2817.35186
G1 X172.3 Y212.7 E2817.64322
G1 X170.7 Y212.7 E2817.67515
G1 X170.7 Y227.3 E2817.96651
G1 F2700 E2812.96651
G0 F9000 X170.98 Y227.02
G0 X172.07 Y226.5
G0 X173.165 Y226.5
G0 X174.335 Y226.5
G0 X175.43 Y226.5
G0 X176 Y226.5
;TYPE:WALL-INNER
G1 F2700 E2817.96651
G1 F1500 X176 Y213.5 E2818.22593
G0 F9000 X175.88 Y226.62
G0 X175.6 Y226.9
G1 F1500 X176.4 Y226.9 E2818.2419
G1 X176.4 Y213.1 E2818.51729
G1 X175.6 Y213.1 E2818.53326
G1 X175.6 Y226.9 E2818.80865
G0 F9000 X175.2 Y227.3
;TYPE:WALL-OUTER
G1 F1500 X176.8 Y227.3 E2818.84058
G1 X176.8 Y212.7 E2819.13194
G1 X175.2 Y212.7 E2819.16387
G1 X175.2 Y227.3 E2819.45523
G1 F2700 E2814.45523
G0 F9000 X175.48 Y227.02
G0 X176.57 Y226.5
G0 X177.665 Y226.5
G0 X184.835 Y226.5
G0 X185.93 Y226.5
G0 X186.5 Y226.5
;TYPE:WALL-INNER
G1 F2700 E2819.45523
G1 F1500 X186.5 Y213.5 E2819.71466
G0 F9000 X186.38 Y226.62
G0 X186.1 Y226.9
G1 F1500 X186.9 Y226.9 E2819.73062
G1 X186.9 Y213.1 E2820.00602
G1 X186.1 Y213.1 E2820.02198
G1 X186.1 Y226.9 E2820.29738
G0 F9000 X185.7 Y227.3
;TYPE:WALL-OUTER
G1 F1500 X187.3 Y227.3 E2820.32931
G1 X187.3 Y212.7 E2820.62066
G1 X185.7 Y212.7 E2820.65259
G1 X185.7 Y227.3 E2820.94395
G1 F2700 E2815.94395
G0 F9000 X185.98 Y227.02
G0 X187.07 Y226.5
G0 X188.165 Y226.5
G0 X189.335 Y226.5
G0 X190.43 Y226.5
G0 X191 Y226.5
;TYPE:WALL-INNER
G1 F2700 E2820.94395
G1 F1500 X191 Y213.5 E2821.20338
G0 F9000 X190.88 Y226.62
G0 X190.6 Y226.9
G1 F1500 X191.4 Y226.9 E2821.21935
G1 X191.4 Y213.1 E2821.49474
G1 X190.6 Y213.1 E2821.51071
G1 X190.6 Y226.9 E2821.7861
G0 F9000 X190.2 Y227.3
;TYPE:WALL-OUTER
G1 F1500 X191.8 Y227.3 E2821.81803
G1 X191.8 Y212.7 E2822.10939
G1 X190.2 Y212.7 E2822.14132
G1 X190.2 Y227.3 E2822.43268
G1 F2700 E2817.43268
G0 F9000 X190.48 Y227.02
G0 X191.57 Y226.5
G0 X192.665 Y226.5
G0 X199.835 Y226.5
G0 X200.93 Y226.5
G0 X201.5 Y226.5
;TYPE:WALL-INNER
G1 F2700 E2822.43268
G1 F1500 X201.5 Y213.5 E2822.69211
G0 F9000 X201.38 Y226.62
G0 X201.1 Y226.9
G1 F1500 X201.9 Y226.9 E2822.70807
G1 X201.9 Y213.1 E2822.98346
G1 X201.1 Y213.1 E2822.99943
G1 X201.1 Y226.9 E2823.27482
G0 F9000 X200.7 Y227.3
;TYPE:WALL-OUTER
G1 F1500 X202.3 Y227.3 E2823.30675
G1 X202.3 Y212.7 E2823.59811
G1 X200.7 Y212.7 E2823.63004
G1 X200.7 Y227.3 E2823.9214
G1 F2700 E2818.9214
G0 F9000 X200.98 Y227.02
G0 X202.07 Y226.5
G0 X203.165 Y226.5
G0 X204.335 Y226.5
G0 X205.43 Y226.5
G0 X206 Y226.5
;TYPE:WALL-INNER
G1 F2700 E2823.9214
G1 F1500 X206 Y213.5 E2824.18083
G0 F9000 X205.88 Y226.62
G0 X205.6 Y226.9
G1 F1500 X206.4 Y226.9 E2824.19679
G1 X206.4 Y213.1 E2824.47219
G1 X205.6 Y213.1 E2824.48815
G1 X205.6 Y226.9 E2824.76355
G0 F9000 X205.2 Y227.3
;TYPE:WALL-OUTER
G1 F1500 X206.8 Y227.3 E2824.79548
G1 X206.8 Y212.7 E2825.08684
G1 X205.2 Y212.7 E2825.11877
G1 X205.2 Y227.3 E2825.41012
G1 F2700 E2820.41012
G0 F9000 X205.48 Y227.02
G0 X206.57 Y226.5
G0 X207.665 Y226.5
G0 X214.835 Y226.5
G0 X215.93 Y226.5
G0 X216.5 Y226.5
;TYPE:WALL-INNER
G1 F2700 E2825.41012
G1 F1500 X216.5 Y213.5 E2825.66955
G0 F9000 X216.38 Y226.62
G0 X216.1 Y226.9
G1 F1500 X216.9 Y226.9 E2825.68552
G1 X216.9 Y213.1 E2825.96091
G1 X216.1 Y213.1 E2825.97688
G1 X216.1 Y226.9 E2826.25227
G0 F9000 X215.7 Y227.3
;TYPE:WALL-OUTER
G1 F1500 X217.3 Y227.3 E2826.2842
G1 X217.3 Y212.7 E2826.57556
G1 X215.7 Y212.7 E2826.60749
G1 X215.7 Y227.3 E2826.89885
G1 F2700 E2821.89885
G0 F9000 X215.98 Y227.02
G0 X217.07 Y226.5
G0 X218.165 Y226.5
G0 X219.335 Y226.5
G0 X220.43 Y226.5
G0 X221 Y226.5
;TYPE:WALL-INNER
G1 F2700 E2826.89885
G1 F1500 X221 Y213.5 E2827.15828
G0 F9000 X220.88 Y226.62
G0 X220.6 Y226.9
G1 F1500 X221.4 Y226.9 E2827.17424
G1 X221.4 Y213.1 E2827.44964
G1 X220.6 Y213.1 E2827.4656
G1 X220.6 Y226.9 E2827.74099
G0 F9000 X220.2 Y227.3
;TYPE:WALL-OUTER
G1 F1500 X221.8 Y227.3 E2827.77292
G1 X221.8 Y212.7 E2828.06428
G1 X220.2 Y212.7 E2828.09621
G1 X220.2 Y227.3 E2828.38757
G1 F2700 E2823.38757
G0 F9000 X220.48 Y227.02
G0 X221.57 Y226.5
G0 X222.665 Y226.5
G0 X229.835 Y226.5
G0 X230.93 Y226.5
G0 X231.5 Y226.5
;TYPE:WALL-INNER
G1 F2700 E2828.38757
G1 F1500 X231.5 Y213.5 E2828.647
G0 F9000 X231.38 Y226.62
G0 X231.1 Y226.9
G1 F1500 X231.9 Y226.9 E2828.66297
G1 X231.9 Y213.1 E2828.93836
G1 X231.1 Y213.1 E2828.95432
G1 X231.1 Y226.9 E2829.22972
G0 F9000 X230.7 Y227.3
;TYPE:WALL-OUTER
G1 F1500 X232.3 Y227.3 E2829.26165
G1 X232.3 Y212.7 E2829.55301
G1 X230.7 Y212.7 E2829.58494
G1 X230.7 Y227.3 E2829.8763
G1 F2700 E2824.8763
G0 F9000 X230.98 Y227.02
G0 X232.07 Y226.475
G0 X233.165 Y226.475
G0 X234.335 Y226.475
G0 X235.43 Y226.475
G0 X236.025 Y226.475
;TYPE:WALL-INNER
G1 F2700 E2829.8763
G1 F1333.3 X236.475 Y226.475 E2829.8864
G1 X236.475 Y213.525 E2830.17713
G1 X236.025 Y213.525 E2830.18724
G1 X236.025 Y226.475 E2830.47797
G0 F9000 X235.6 Y226.9
G1 F1500 X236.9 Y226.9 E2830.50391
G1 X236.9 Y213.1 E2830.77931
G1 X235.6 Y213.1 E2830.80525
G1 X235.6 Y226.9 E2831.08064
G0 F9000 X235.2 Y227.3
;TYPE:WALL-OUTER
G1 F1500 X237.3 Y227.3 E2831.12255
G1 X237.3 Y212.7 E2831.41391
G1 X235.2 Y212.7 E2831.45582
G1 X235.2 Y227.3 E2831.74718
G0 F9000 X236.092 Y226.29
G1 F2700 E2826.74718
;MESH:NONMESH
G0 F300 X236.092 Y226.29 Z8.76
G0 F9000 X235.43 Y213.5
G0 X234.335 Y213.5
G0 X233.153 Y211.847
G0 X129.347 Y211.847
G0 X128.165 Y213.5
G0 X127.07 Y213.5
G0 X126.5 Y213.5
;TIME_ELAPSED:7154.170550
;LAYER:72
;TYPE:WALL-INNER
;MESH:BusConnAssyAid.stl
G1 F2700 E2831.74718
G1 F1500 X126.5 Y226.5 E2832.00661
G0 F9000 X126.1 Y226.9
G1 F1500 X126.9 Y226.9 E2832.02257
G1 X126.9 Y213.1 E2832.29797
G1 X126.1 Y213.1 E2832.31393
G1 X126.1 Y226.9 E2832.58932
G0 F9000 X125.7 Y227.3
;TYPE:WALL-OUTER
G1 F1500 X127.3 Y227.3 E2832.62125
G1 X127.3 Y212.7 E2832.91261
G1 X125.7 Y212.7 E2832.94454
G1 X125.7 Y227.3 E2833.2359
G1 F2700 E2828.2359
G0 F9000 X125.98 Y227.02
G0 X127.07 Y226.5
G0 X128.165 Y226.5
G0 X129.335 Y226.5
G0 X130.43 Y226.5
G0 X131 Y226.5
;TYPE:WALL-INNER
G1 F2700 E2833.2359
G1 F1500 X131 Y213.5 E2833.49533
G0 F9000 X130.88 Y226.62
G0 X130.6 Y226.9
G1 F1500 X131.4 Y226.9 E2833.5113
G1 X131.4 Y213.1 E2833.78669
G1 X130.6 Y213.1 E2833.80265
G1 X130.6 Y226.9 E2834.07805
G0 F9000 X130.2 Y227.3
;TYPE:WALL-OUTER
G1 F1500 X131.8 Y227.3 E2834.10998
G1 X131.8 Y212.7 E2834.40134
G1 X130.2 Y212.7 E2834.43327
G1 X130.2 Y227.3 E2834.72462
G1 F2700 E2829.72462
G0 F9000 X130.48 Y227.02
G0 X131.57 Y226.5
G0 X132.665 Y226.5
G0 X139.835 Y226.5
G0 X140.93 Y226.5
G0 X141.5 Y226.5
;TYPE:WALL-INNER
G1 F2700 E2834.72462
G1 F1500 X141.5 Y213.5 E2834.98405
G0 F9000 X141.38 Y226.62
G0 X141.1 Y226.9
G1 F1500 X141.9 Y226.9 E2835.00002
G1 X141.9 Y213.1 E2835.27541
G1 X141.1 Y213.1 E2835.29138
G1 X141.1 Y226.9 E2835.56677
G0 F9000 X140.7 Y227.3
;TYPE:WALL-OUTER
G1 F1500 X142.3 Y227.3 E2835.5987
G1 X142.3 Y212.7 E2835.89006
G1 X140.7 Y212.7 E2835.92199
G1 X140.7 Y227.3 E2836.21335
G1 F2700 E2831.21335
G0 F9000 X140.98 Y227.02
G0 X142.07 Y226.5
G0 X143.165 Y226.5
G0 X144.335 Y226.5
G0 X145.43 Y226.5
G0 X146 Y226.5
;TYPE:WALL-INNER
G1 F2700 E2836.21335
G1 F1500 X146 Y213.5 E2836.47278
G0 F9000 X145.88 Y226.62
G0 X145.6 Y226.9
G1 F1500 X146.4 Y226.9 E2836.48874
G1 X146.4 Y213.1 E2836.76414
G1 X145.6 Y213.1 E2836.7801
G1 X145.6 Y226.9 E2837.0555
G0 F9000 X145.2 Y227.3
;TYPE:WALL-OUTER
G1 F1500 X146.8 Y227.3 E2837.08742
G1 X146.8 Y212.7 E2837.37878
G1 X145.2 Y212.7 E2837.41071
G1 X145.2 Y227.3 E2837.70207
G1 F2700 E2832.70207
G0 F9000 X145.48 Y227.02
G0 X146.57 Y226.5
G0 X147.665 Y226.5
G0 X154.835 Y226.5
G0 X155.93 Y226.5
G0 X156.5 Y226.5
;TYPE:WALL-INNER
G1 F2700 E2837.70207
G1 F1500 X156.5 Y213.5 E2837.9615
G0 F9000 X156.38 Y226.62
G0 X156.1 Y226.9
G1 F1500 X156.9 Y226.9 E2837.97747
G1 X156.9 Y213.1 E2838.25286
G1 X156.1 Y213.1 E2838.26882
G1 X156.1 Y226.9 E2838.54422
G0 F9000 X155.7 Y227.3
;TYPE:WALL-OUTER
G1 F1500 X157.3 Y227.3 E2838.57615
G1 X157.3 Y212.7 E2838.86751
G1 X155.7 Y212.7 E2838.89944
G1 X155.7 Y227.3 E2839.1908
G1 F2700 E2834.1908
G0 F9000 X155.98 Y227.02
G0 X157.07 Y226.5
G0 X158.165 Y226.5
G0 X159.335 Y226.5
G0 X160.43 Y226.5
G0 X161 Y226.5
;TYPE:WALL-INNER
G1 F2700 E2839.1908
G1 F1500 X161 Y213.5 E2839.45022
G0 F9000 X160.88 Y226.62
G0 X160.6 Y226.9
G1 F1500 X161.4 Y226.9 E2839.46619
G1 X161.4 Y213.1 E2839.74158
G1 X160.6 Y213.1 E2839.75755
G1 X160.6 Y226.9 E2840.03294
G0 F9000 X160.2 Y227.3
;TYPE:WALL-OUTER
G1 F1500 X161.8 Y227.3 E2840.06487
G1 X161.8 Y212.7 E2840.35623
G1 X160.2 Y212.7 E2840.38816
G1 X160.2 Y227.3 E2840.67952
G1 F2700 E2835.67952
G0 F9000 X160.48 Y227.02
G0 X161.57 Y226.5
G0 X162.665 Y226.5
G0 X169.835 Y226.5
G0 X170.93 Y226.5
G0 X171.5 Y226.5
;TYPE:WALL-INNER
G1 F2700 E2840.67952
G1 F1500 X171.5 Y213.5 E2840.93895
G0 F9000 X171.38 Y226.62
G0 X171.1 Y226.9
G1 F1500 X171.9 Y226.9 E2840.95491
G1 X171.9 Y213.1 E2841.23031
G1 X171.1 Y213.1 E2841.24627
G1 X171.1 Y226.9 E2841.52167
G0 F9000 X170.7 Y227.3
;TYPE:WALL-OUTER
G1 F1500 X172.3 Y227.3 E2841.5536
G1 X172.3 Y212.7 E2841.84495
G1 X170.7 Y212.7 E2841.87688
G1 X170.7 Y227.3 E2842.16824
G1 F2700 E2837.16824
G0 F9000 X170.98 Y227.02
G0 X172.07 Y226.5
G0 X173.165 Y226.5
G0 X174.335 Y226.5
G0 X175.43 Y226.5
G0 X176 Y226.5
;TYPE:WALL-INNER
G1 F2700 E2842.16824
G1 F1500 X176 Y213.5 E2842.42767
G0 F9000 X175.88 Y226.62
G0 X175.6 Y226.9
G1 F1500 X176.4 Y226.9 E2842.44364
G1 X176.4 Y213.1 E2842.71903
G1 X175.6 Y213.1 E2842.735
G1 X175.6 Y226.9 E2843.01039
G0 F9000 X175.2 Y227.3
;TYPE:WALL-OUTER
G1 F1500 X176.8 Y227.3 E2843.04232
G1 X176.8 Y212.7 E2843.33368
G1 X175.2 Y212.7 E2843.36561
G1 X175.2 Y227.3 E2843.65697
G1 F2700 E2838.65697
G0 F9000 X175.48 Y227.02
G0 X176.57 Y226.5
G0 X177.665 Y226.5
G0 X184.835 Y226.5
G0 X185.93 Y226.5
G0 X186.5 Y226.5
;TYPE:WALL-INNER
G1 F2700 E2843.65697
G1 F1500 X186.5 Y213.5 E2843.9164
G0 F9000 X186.38 Y226.62
G0 X186.1 Y226.9
G1 F1500 X186.9 Y226.9 E2843.93236
G1 X186.9 Y213.1 E2844.20775
G1 X186.1 Y213.1 E2844.22372
G1 X186.1 Y226.9 E2844.49911
G0 F9000 X185.7 Y227.3
;TYPE:WALL-OUTER
G1 F1500 X187.3 Y227.3 E2844.53104
G1 X187.3 Y212.7 E2844.8224
G1 X185.7 Y212.7 E2844.85433
G1 X185.7 Y227.3 E2845.14569
G1 F2700 E2840.14569
G0 F9000 X185.98 Y227.02
G0 X187.07 Y226.5
G0 X188.165 Y226.5
G0 X189.335 Y226.5
G0 X190.43 Y226.5
G0 X191 Y226.5
;TYPE:WALL-INNER
G1 F2700 E2845.14569
G1 F1500 X191 Y213.5 E2845.40512
G0 F9000 X190.88 Y226.62
G0 X190.6 Y226.9
G1 F1500 X191.4 Y226.9 E2845.42108
G1 X191.4 Y213.1 E2845.69648
G1 X190.6 Y213.1 E2845.71244
G1 X190.6 Y226.9 E2845.98784
G0 F9000 X190.2 Y227.3
;TYPE:WALL-OUTER
G1 F1500 X191.8 Y227.3 E2846.01977
G1 X191.8 Y212.7 E2846.31113
G1 X190.2 Y212.7 E2846.34306
G1 X190.2 Y227.3 E2846.63441
G1 F2700 E2841.63441
G0 F9000 X190.48 Y227.02
G0 X191.57 Y226.5
G0 X192.665 Y226.5
G0 X199.835 Y226.5
G0 X200.93 Y226.5
G0 X201.5 Y226.5
;TYPE:WALL-INNER
G1 F2700 E2846.63441
G1 F1500 X201.5 Y213.5 E2846.89384
G0 F9000 X201.38 Y226.62
G0 X201.1 Y226.9
G1 F1500 X201.9 Y226.9 E2846.90981
G1 X201.9 Y213.1 E2847.1852
G1 X201.1 Y213.1 E2847.20117
G1 X201.1 Y226.9 E2847.47656
G0 F9000 X200.7 Y227.3
;TYPE:WALL-OUTER
G1 F1500 X202.3 Y227.3 E2847.50849
G1 X202.3 Y212.7 E2847.79985
G1 X200.7 Y212.7 E2847.83178
G1 X200.7 Y227.3 E2848.12314
G1 F2700 E2843.12314
G0 F9000 X200.98 Y227.02
G0 X202.07 Y226.5
G0 X203.165 Y226.5
G0 X204.335 Y226.5
G0 X205.43 Y226.5
G0 X206 Y226.5
;TYPE:WALL-INNER
G1 F2700 E2848.12314
G1 F1500 X206 Y213.5 E2848.38257
G0 F9000 X205.88 Y226.62
G0 X205.6 Y226.9
G1 F1500 X206.4 Y226.9 E2848.39853
G1 X206.4 Y213.1 E2848.67393
G1 X205.6 Y213.1 E2848.68989
G1 X205.6 Y226.9 E2848.96528
G0 F9000 X205.2 Y227.3
;TYPE:WALL-OUTER
G1 F1500 X206.8 Y227.3 E2848.99721
G1 X206.8 Y212.7 E2849.28857
G1 X205.2 Y212.7 E2849.3205
G1 X205.2 Y227.3 E2849.61186
G1 F2700 E2844.61186
G0 F9000 X205.48 Y227.02
G0 X206.57 Y226.5
G0 X207.665 Y226.5
G0 X214.835 Y226.5
G0 X215.93 Y226.5
G0 X216.5 Y226.5
;TYPE:WALL-INNER
G1 F2700 E2849.61186
G1 F1500 X216.5 Y213.5 E2849.87129
G0 F9000 X216.38 Y226.62
G0 X216.1 Y226.9
G1 F1500 X216.9 Y226.9 E2849.88726
G1 X216.9 Y213.1 E2850.16265
G1 X216.1 Y213.1 E2850.17861
G1 X216.1 Y226.9 E2850.45401
G0 F9000 X215.7 Y227.3
;TYPE:WALL-OUTER
G1 F1500 X217.3 Y227.3 E2850.48594
G1 X217.3 Y212.7 E2850.7773
G1 X215.7 Y212.7 E2850.80923
G1 X215.7 Y227.3 E2851.10058
G1 F2700 E2846.10058
G0 F9000 X215.98 Y227.02
G0 X217.07 Y226.5
G0 X218.165 Y226.5
G0 X219.335 Y226.5
G0 X220.43 Y226.5
G0 X221 Y226.5
;TYPE:WALL-INNER
G1 F2700 E2851.10058
G1 F1500 X221 Y213.5 E2851.36001
G0 F9000 X220.88 Y226.62
G0 X220.6 Y226.9
G1 F1500 X221.4 Y226.9 E2851.37598
G1 X221.4 Y213.1 E2851.65137
G1 X220.6 Y213.1 E2851.66734
G1 X220.6 Y226.9 E2851.94273
G0 F9000 X220.2 Y227.3
;TYPE:WALL-OUTER
G1 F1500 X221.8 Y227.3 E2851.97466
G1 X221.8 Y212.7 E2852.26602
G1 X220.2 Y212.7 E2852.29795
G1 X220.2 Y227.3 E2852.58931
G1 F2700 E2847.58931
G0 F9000 X220.48 Y227.02
G0 X221.57 Y226.5
G0 X222.665 Y226.5
G0 X229.835 Y226.5
G0 X230.93 Y226.5
G0 X231.5 Y226.5
;TYPE:WALL-INNER
G1 F2700 E2852.58931
G1 F1500 X231.5 Y213.5 E2852.84874
G0 F9000 X231.38 Y226.62
G0 X231.1 Y226.9
G1 F1500 X231.9 Y226.9 E2852.8647
G1 X231.9 Y213.1 E2853.1401
G1 X231.1 Y213.1 E2853.15606
G1 X231.1 Y226.9 E2853.43146
G0 F9000 X230.7 Y227.3
;TYPE:WALL-OUTER
G1 F1500 X232.3 Y227.3 E2853.46338
G1 X232.3 Y212.7 E2853.75474
G1 X230.7 Y212.7 E2853.78667
G1 X230.7 Y227.3 E2854.07803
G1 F2700 E2849.07803
G0 F9000 X230.98 Y227.02
G0 X232.07 Y226.475
G0 X233.165 Y226.475
G0 X234.335 Y226.475
G0 X235.43 Y226.475
G0 X236.025 Y226.475
;TYPE:WALL-INNER
G1 F2700 E2854.07803
G1 F1333.3 X236.475 Y226.475 E2854.08814
G1 X236.475 Y213.525 E2854.37887
G1 X236.025 Y213.525 E2854.38897
G1 X236.025 Y226.475 E2854.67971
G0 F9000 X235.6 Y226.9
G1 F1500 X236.9 Y226.9 E2854.70565
G1 X236.9 Y213.1 E2854.98104
G1 X235.6 Y213.1 E2855.00699
G1 X235.6 Y226.9 E2855.28238
G0 F9000 X235.2 Y227.3
;TYPE:WALL-OUTER
G1 F1500 X237.3 Y227.3 E2855.32429
G1 X237.3 Y212.7 E2855.61565
G1 X235.2 Y212.7 E2855.65756
G1 X235.2 Y227.3 E2855.94891
G0 F9000 X236.092 Y226.29
G1 F2700 E2850.94891
;MESH:NONMESH
G0 F300 X236.092 Y226.29 Z8.88
G0 F9000 X235.43 Y213.5
G0 X234.335 Y213.5
G0 X233.153 Y211.847
G0 X129.347 Y211.847
G0 X128.165 Y213.5
G0 X127.07 Y213.5
G0 X126.5 Y213.5
;TIME_ELAPSED:7223.460784
;LAYER:73
;TYPE:WALL-INNER
;MESH:BusConnAssyAid.stl
G1 F2700 E2855.94891
G1 F1500 X126.5 Y226.5 E2856.20834
G0 F9000 X126.1 Y226.9
G1 F1500 X126.9 Y226.9 E2856.22431
G1 X126.9 Y213.1 E2856.4997
G1 X126.1 Y213.1 E2856.51567
G1 X126.1 Y226.9 E2856.79106
G0 F9000 X125.7 Y227.3
;TYPE:WALL-OUTER
G1 F1500 X127.3 Y227.3 E2856.82299
G1 X127.3 Y212.7 E2857.11435
G1 X125.7 Y212.7 E2857.14628
G1 X125.7 Y227.3 E2857.43764
G1 F2700 E2852.43764
G0 F9000 X125.98 Y227.02
G0 X127.07 Y226.5
G0 X128.165 Y226.5
G0 X129.335 Y226.5
G0 X130.43 Y226.5
G0 X131 Y226.5
;TYPE:WALL-INNER
G1 F2700 E2857.43764
G1 F1500 X131 Y213.5 E2857.69707
G0 F9000 X130.88 Y226.62
G0 X130.6 Y226.9
G1 F1500 X131.4 Y226.9 E2857.71303
G1 X131.4 Y213.1 E2857.98843
G1 X130.6 Y213.1 E2858.00439
G1 X130.6 Y226.9 E2858.27979
G0 F9000 X130.2 Y227.3
;TYPE:WALL-OUTER
G1 F1500 X131.8 Y227.3 E2858.31171
G1 X131.8 Y212.7 E2858.60307
G1 X130.2 Y212.7 E2858.635
G1 X130.2 Y227.3 E2858.92636
G1 F2700 E2853.92636
G0 F9000 X130.48 Y227.02
G0 X131.57 Y226.5
G0 X132.665 Y226.5
G0 X139.835 Y226.5
G0 X140.93 Y226.5
G0 X141.5 Y226.5
;TYPE:WALL-INNER
G1 F2700 E2858.92636
G1 F1500 X141.5 Y213.5 E2859.18579
G0 F9000 X141.38 Y226.62
G0 X141.1 Y226.9
G1 F1500 X141.9 Y226.9 E2859.20176
G1 X141.9 Y213.1 E2859.47715
G1 X141.1 Y213.1 E2859.49311
G1 X141.1 Y226.9 E2859.76851
G0 F9000 X140.7 Y227.3
;TYPE:WALL-OUTER
G1 F1500 X142.3 Y227.3 E2859.80044
G1 X142.3 Y212.7 E2860.0918
G1 X140.7 Y212.7 E2860.12373
G1 X140.7 Y227.3 E2860.41509
G1 F2700 E2855.41509
G0 F9000 X140.98 Y227.02
G0 X142.07 Y226.5
G0 X143.165 Y226.5
G0 X144.335 Y226.5
G0 X145.43 Y226.5
G0 X146 Y226.5
;TYPE:WALL-INNER
G1 F2700 E2860.41509
G1 F1500 X146 Y213.5 E2860.67451
G0 F9000 X145.88 Y226.62
G0 X145.6 Y226.9
G1 F1500 X146.4 Y226.9 E2860.69048
G1 X146.4 Y213.1 E2860.96587
G1 X145.6 Y213.1 E2860.98184
G1 X145.6 Y226.9 E2861.25723
G0 F9000 X145.2 Y227.3
;TYPE:WALL-OUTER
G1 F1500 X146.8 Y227.3 E2861.28916
G1 X146.8 Y212.7 E2861.58052
G1 X145.2 Y212.7 E2861.61245
G1 X145.2 Y227.3 E2861.90381
G1 F2700 E2856.90381
G0 F9000 X145.48 Y227.02
G0 X146.57 Y226.5
G0 X147.665 Y226.5
G0 X154.835 Y226.5
G0 X155.93 Y226.5
G0 X156.5 Y226.5
;TYPE:WALL-INNER
G1 F2700 E2861.90381
G1 F1500 X156.5 Y213.5 E2862.16324
G0 F9000 X156.38 Y226.62
G0 X156.1 Y226.9
G1 F1500 X156.9 Y226.9 E2862.1792
G1 X156.9 Y213.1 E2862.4546
G1 X156.1 Y213.1 E2862.47056
G1 X156.1 Y226.9 E2862.74596
G0 F9000 X155.7 Y227.3
;TYPE:WALL-OUTER
G1 F1500 X157.3 Y227.3 E2862.77789
G1 X157.3 Y212.7 E2863.06924
G1 X155.7 Y212.7 E2863.10117
G1 X155.7 Y227.3 E2863.39253
G1 F2700 E2858.39253
G0 F9000 X155.98 Y227.02
G0 X157.07 Y226.5
G0 X158.165 Y226.5
G0 X159.335 Y226.5
G0 X160.43 Y226.5
G0 X161 Y226.5
;TYPE:WALL-INNER
G1 F2700 E2863.39253
G1 F1500 X161 Y213.5 E2863.65196
G0 F9000 X160.88 Y226.62
G0 X160.6 Y226.9
G1 F1500 X161.4 Y226.9 E2863.66793
G1 X161.4 Y213.1 E2863.94332
G1 X160.6 Y213.1 E2863.95929
G1 X160.6 Y226.9 E2864.23468
G0 F9000 X160.2 Y227.3
;TYPE:WALL-OUTER
G1 F1500 X161.8 Y227.3 E2864.26661
G1 X161.8 Y212.7 E2864.55797
G1 X160.2 Y212.7 E2864.5899
G1 X160.2 Y227.3 E2864.88126
G1 F2700 E2859.88126
G0 F9000 X160.48 Y227.02
G0 X161.57 Y226.5
G0 X162.665 Y226.5
G0 X169.835 Y226.5
G0 X170.93 Y226.5
G0 X171.5 Y226.5
;TYPE:WALL-INNER
G1 F2700 E2864.88126
G1 F1500 X171.5 Y213.5 E2865.14069
G0 F9000 X171.38 Y226.62
G0 X171.1 Y226.9
G1 F1500 X171.9 Y226.9 E2865.15665
G1 X171.9 Y213.1 E2865.43204
G1 X171.1 Y213.1 E2865.44801
G1 X171.1 Y226.9 E2865.7234
G0 F9000 X170.7 Y227.3
;TYPE:WALL-OUTER
G1 F1500 X172.3 Y227.3 E2865.75533
G1 X172.3 Y212.7 E2866.04669
G1 X170.7 Y212.7 E2866.07862
G1 X170.7 Y227.3 E2866.36998
G1 F2700 E2861.36998
G0 F9000 X170.98 Y227.02
G0 X172.07 Y226.5
G0 X173.165 Y226.5
G0 X174.335 Y226.5
G0 X175.43 Y226.5
G0 X176 Y226.5
;TYPE:WALL-INNER
G1 F2700 E2866.36998
G1 F1500 X176 Y213.5 E2866.62941
G0 F9000 X175.88 Y226.62
G0 X175.6 Y226.9
G1 F1500 X176.4 Y226.9 E2866.64537
G1 X176.4 Y213.1 E2866.92077
G1 X175.6 Y213.1 E2866.93673
G1 X175.6 Y226.9 E2867.21213
G0 F9000 X175.2 Y227.3
;TYPE:WALL-OUTER
G1 F1500 X176.8 Y227.3 E2867.24406
G1 X176.8 Y212.7 E2867.53542
G1 X175.2 Y212.7 E2867.56735
G1 X175.2 Y227.3 E2867.8587
G1 F2700 E2862.8587
G0 F9000 X175.48 Y227.02
G0 X176.57 Y226.5
G0 X177.665 Y226.5
G0 X184.835 Y226.5
G0 X185.93 Y226.5
G0 X186.5 Y226.5
;TYPE:WALL-INNER
G1 F2700 E2867.8587
G1 F1500 X186.5 Y213.5 E2868.11813
G0 F9000 X186.38 Y226.62
G0 X186.1 Y226.9
G1 F1500 X186.9 Y226.9 E2868.1341
G1 X186.9 Y213.1 E2868.40949
G1 X186.1 Y213.1 E2868.42546
G1 X186.1 Y226.9 E2868.70085
G0 F9000 X185.7 Y227.3
;TYPE:WALL-OUTER
G1 F1500 X187.3 Y227.3 E2868.73278
G1 X187.3 Y212.7 E2869.02414
G1 X185.7 Y212.7 E2869.05607
G1 X185.7 Y227.3 E2869.34743
G1 F2700 E2864.34743
G0 F9000 X185.98 Y227.02
G0 X187.07 Y226.5
G0 X188.165 Y226.5
G0 X189.335 Y226.5
G0 X190.43 Y226.5
G0 X191 Y226.5
;TYPE:WALL-INNER
G1 F2700 E2869.34743
G1 F1500 X191 Y213.5 E2869.60686
G0 F9000 X190.88 Y226.62
G0 X190.6 Y226.9
G1 F1500 X191.4 Y226.9 E2869.62282
G1 X191.4 Y213.1 E2869.89822
G1 X190.6 Y213.1 E2869.91418
G1 X190.6 Y226.9 E2870.18957
G0 F9000 X190.2 Y227.3
;TYPE:WALL-OUTER
G1 F1500 X191.8 Y227.3 E2870.2215
G1 X191.8 Y212.7 E2870.51286
G1 X190.2 Y212.7 E2870.54479
G1 X190.2 Y227.3 E2870.83615
G1 F2700 E2865.83615
G0 F9000 X190.48 Y227.02
G0 X191.57 Y226.5
G0 X192.665 Y226.5
G0 X199.835 Y226.5
G0 X200.93 Y226.5
G0 X201.5 Y226.5
;TYPE:WALL-INNER
G1 F2700 E2870.83615
G1 F1500 X201.5 Y213.5 E2871.09558
G0 F9000 X201.38 Y226.62
G0 X201.1 Y226.9
G1 F1500 X201.9 Y226.9 E2871.11155
G1 X201.9 Y213.1 E2871.38694
G1 X201.1 Y213.1 E2871.4029
G1 X201.1 Y226.9 E2871.6783
G0 F9000 X200.7 Y227.3
;TYPE:WALL-OUTER
G1 F1500 X202.3 Y227.3 E2871.71023
G1 X202.3 Y212.7 E2872.00159
G1 X200.7 Y212.7 E2872.03352
G1 X200.7 Y227.3 E2872.32487
G1 F2700 E2867.32487
G0 F9000 X200.98 Y227.02
G0 X202.07 Y226.5
G0 X203.165 Y226.5
G0 X204.335 Y226.5
G0 X205.43 Y226.5
G0 X206 Y226.5
;TYPE:WALL-INNER
G1 F2700 E2872.32487
G1 F1500 X206 Y213.5 E2872.5843
G0 F9000 X205.88 Y226.62
G0 X205.6 Y226.9
G1 F1500 X206.4 Y226.9 E2872.60027
G1 X206.4 Y213.1 E2872.87566
G1 X205.6 Y213.1 E2872.89163
G1 X205.6 Y226.9 E2873.16702
G0 F9000 X205.2 Y227.3
;TYPE:WALL-OUTER
G1 F1500 X206.8 Y227.3 E2873.19895
G1 X206.8 Y212.7 E2873.49031
G1 X205.2 Y212.7 E2873.52224
G1 X205.2 Y227.3 E2873.8136
G1 F2700 E2868.8136
G0 F9000 X205.48 Y227.02
G0 X206.57 Y226.5
G0 X207.665 Y226.5
G0 X214.835 Y226.5
G0 X215.93 Y226.5
G0 X216.5 Y226.5
;TYPE:WALL-INNER
G1 F2700 E2873.8136
G1 F1500 X216.5 Y213.5 E2874.07303
G0 F9000 X216.38 Y226.62
G0 X216.1 Y226.9
G1 F1500 X216.9 Y226.9 E2874.08899
G1 X216.9 Y213.1 E2874.36439
G1 X216.1 Y213.1 E2874.38035
G1 X216.1 Y226.9 E2874.65575
G0 F9000 X215.7 Y227.3
;TYPE:WALL-OUTER
G1 F1500 X217.3 Y227.3 E2874.68767
G1 X217.3 Y212.7 E2874.97903
G1 X215.7 Y212.7 E2875.01096
G1 X215.7 Y227.3 E2875.30232
G1 F2700 E2870.30232
G0 F9000 X215.98 Y227.02
G0 X217.07 Y226.5
G0 X218.165 Y226.5
G0 X219.335 Y226.5
G0 X220.43 Y226.5
G0 X221 Y226.5
;TYPE:WALL-INNER
G1 F2700 E2875.30232
G1 F1500 X221 Y213.5 E2875.56175
G0 F9000 X220.88 Y226.62
G0 X220.6 Y226.9
G1 F1500 X221.4 Y226.9 E2875.57772
G1 X221.4 Y213.1 E2875.85311
G1 X220.6 Y213.1 E2875.86907
G1 X220.6 Y226.9 E2876.14447
G0 F9000 X220.2 Y227.3
;TYPE:WALL-OUTER
G1 F1500 X221.8 Y227.3 E2876.1764
G1 X221.8 Y212.7 E2876.46776
G1 X220.2 Y212.7 E2876.49969
G1 X220.2 Y227.3 E2876.79105
G1 F2700 E2871.79105
G0 F9000 X220.48 Y227.02
G0 X221.57 Y226.5
G0 X222.665 Y226.5
G0 X229.835 Y226.5
G0 X230.93 Y226.5
G0 X231.5 Y226.5
;TYPE:WALL-INNER
G1 F2700 E2876.79105
G1 F1500 X231.5 Y213.5 E2877.05047
G0 F9000 X231.38 Y226.62
G0 X231.1 Y226.9
G1 F1500 X231.9 Y226.9 E2877.06644
G1 X231.9 Y213.1 E2877.34183
G1 X231.1 Y213.1 E2877.3578
G1 X231.1 Y226.9 E2877.63319
G0 F9000 X230.7 Y227.3
;TYPE:WALL-OUTER
G1 F1500 X232.3 Y227.3 E2877.66512
G1 X232.3 Y212.7 E2877.95648
G1 X230.7 Y212.7 E2877.98841
G1 X230.7 Y227.3 E2878.27977
G1 F2700 E2873.27977
G0 F9000 X230.98 Y227.02
G0 X232.07 Y226.475
G0 X233.165 Y226.475
G0 X234.335 Y226.475
G0 X235.43 Y226.475
G0 X236.025 Y226.475
;TYPE:WALL-INNER
G1 F2700 E2878.27977
G1 F1333.3 X236.475 Y226.475 E2878.28987
G1 X236.475 Y213.525 E2878.58061
G1 X236.025 Y213.525 E2878.59071
G1 X236.025 Y226.475 E2878.88145
G0 F9000 X235.6 Y226.9
G1 F1500 X236.9 Y226.9 E2878.90739
G1 X236.9 Y213.1 E2879.18278
G1 X235.6 Y213.1 E2879.20873
G1 X235.6 Y226.9 E2879.48412
G0 F9000 X235.2 Y227.3
;TYPE:WALL-OUTER
G1 F1500 X237.3 Y227.3 E2879.52603
G1 X237.3 Y212.7 E2879.81739
G1 X235.2 Y212.7 E2879.85929
G1 X235.2 Y227.3 E2880.15065
G0 F9000 X236.092 Y226.29
G1 F2700 E2875.15065
;MESH:NONMESH
G0 F300 X236.092 Y226.29 Z9
G0 F9000 X235.43 Y213.5
G0 X234.335 Y213.5
G0 X233.153 Y211.847
G0 X129.347 Y211.847
G0 X128.165 Y213.5
G0 X127.07 Y213.5
G0 X126.5 Y213.5
;TIME_ELAPSED:7292.751018
;LAYER:74
;TYPE:WALL-INNER
;MESH:BusConnAssyAid.stl
G1 F2700 E2880.15065
G1 F1500 X126.5 Y226.5 E2880.41008
G0 F9000 X126.1 Y226.9
G1 F1500 X126.9 Y226.9 E2880.42605
G1 X126.9 Y213.1 E2880.70144
G1 X126.1 Y213.1 E2880.7174
G1 X126.1 Y226.9 E2880.9928
G0 F9000 X125.7 Y227.3
;TYPE:WALL-OUTER
G1 F1500 X127.3 Y227.3 E2881.02473
G1 X127.3 Y212.7 E2881.31609
G1 X125.7 Y212.7 E2881.34802
G1 X125.7 Y227.3 E2881.63938
G1 F2700 E2876.63938
G0 F9000 X125.98 Y227.02
G0 X127.07 Y226.5
G0 X128.165 Y226.5
G0 X129.335 Y226.5
G0 X130.43 Y226.5
G0 X131 Y226.5
;TYPE:WALL-INNER
G1 F2700 E2881.63938
G1 F1500 X131 Y213.5 E2881.8988
G0 F9000 X130.88 Y226.62
G0 X130.6 Y226.9
G1 F1500 X131.4 Y226.9 E2881.91477
G1 X131.4 Y213.1 E2882.19016
G1 X130.6 Y213.1 E2882.20613
G1 X130.6 Y226.9 E2882.48152
G0 F9000 X130.2 Y227.3
;TYPE:WALL-OUTER
G1 F1500 X131.8 Y227.3 E2882.51345
G1 X131.8 Y212.7 E2882.80481
G1 X130.2 Y212.7 E2882.83674
G1 X130.2 Y227.3 E2883.1281
G1 F2700 E2878.1281
G0 F9000 X130.48 Y227.02
G0 X131.57 Y226.5
G0 X132.665 Y226.5
G0 X139.835 Y226.5
G0 X140.93 Y226.5
G0 X141.5 Y226.5
;TYPE:WALL-INNER
G1 F2700 E2883.1281
G1 F1500 X141.5 Y213.5 E2883.38753
G0 F9000 X141.38 Y226.62
G0 X141.1 Y226.9
G1 F1500 X141.9 Y226.9 E2883.40349
G1 X141.9 Y213.1 E2883.67889
G1 X141.1 Y213.1 E2883.69485
G1 X141.1 Y226.9 E2883.97025
G0 F9000 X140.7 Y227.3
;TYPE:WALL-OUTER
G1 F1500 X142.3 Y227.3 E2884.00218
G1 X142.3 Y212.7 E2884.29353
G1 X140.7 Y212.7 E2884.32546
G1 X140.7 Y227.3 E2884.61682
G1 F2700 E2879.61682
G0 F9000 X140.98 Y227.02
G0 X142.07 Y226.5
G0 X143.165 Y226.5
G0 X144.335 Y226.5
G0 X145.43 Y226.5
G0 X146 Y226.5
;TYPE:WALL-INNER
G1 F2700 E2884.61682
G1 F1500 X146 Y213.5 E2884.87625
G0 F9000 X145.88 Y226.62
G0 X145.6 Y226.9
G1 F1500 X146.4 Y226.9 E2884.89222
G1 X146.4 Y213.1 E2885.16761
G1 X145.6 Y213.1 E2885.18358
G1 X145.6 Y226.9 E2885.45897
G0 F9000 X145.2 Y227.3
;TYPE:WALL-OUTER
G1 F1500 X146.8 Y227.3 E2885.4909
G1 X146.8 Y212.7 E2885.78226
G1 X145.2 Y212.7 E2885.81419
G1 X145.2 Y227.3 E2886.10555
G1 F2700 E2881.10555
G0 F9000 X145.48 Y227.02
G0 X146.57 Y226.5
G0 X147.665 Y226.5
G0 X154.835 Y226.5
G0 X155.93 Y226.5
G0 X156.5 Y226.5
;TYPE:WALL-INNER
G1 F2700 E2886.10555
G1 F1500 X156.5 Y213.5 E2886.36498
G0 F9000 X156.38 Y226.62
G0 X156.1 Y226.9
G1 F1500 X156.9 Y226.9 E2886.38094
G1 X156.9 Y213.1 E2886.65633
G1 X156.1 Y213.1 E2886.6723
G1 X156.1 Y226.9 E2886.94769
G0 F9000 X155.7 Y227.3
;TYPE:WALL-OUTER
G1 F1500 X157.3 Y227.3 E2886.97962
G1 X157.3 Y212.7 E2887.27098
G1 X155.7 Y212.7 E2887.30291
G1 X155.7 Y227.3 E2887.59427
G1 F2700 E2882.59427
G0 F9000 X155.98 Y227.02
G0 X157.07 Y226.5
G0 X158.165 Y226.5
G0 X159.335 Y226.5
G0 X160.43 Y226.5
G0 X161 Y226.5
;TYPE:WALL-INNER
G1 F2700 E2887.59427
G1 F1500 X161 Y213.5 E2887.8537
G0 F9000 X160.88 Y226.62
G0 X160.6 Y226.9
G1 F1500 X161.4 Y226.9 E2887.86966
G1 X161.4 Y213.1 E2888.14506
G1 X160.6 Y213.1 E2888.16102
G1 X160.6 Y226.9 E2888.43642
G0 F9000 X160.2 Y227.3
;TYPE:WALL-OUTER
G1 F1500 X161.8 Y227.3 E2888.46835
G1 X161.8 Y212.7 E2888.75971
G1 X160.2 Y212.7 E2888.79164
G1 X160.2 Y227.3 E2889.08299
G1 F2700 E2884.08299
G0 F9000 X160.48 Y227.02
G0 X161.57 Y226.5
G0 X162.665 Y226.5
G0 X169.835 Y226.5
G0 X170.93 Y226.5
G0 X171.5 Y226.5
;TYPE:WALL-INNER
G1 F2700 E2889.08299
G1 F1500 X171.5 Y213.5 E2889.34242
G0 F9000 X171.38 Y226.62
G0 X171.1 Y226.9
G1 F1500 X171.9 Y226.9 E2889.35839
G1 X171.9 Y213.1 E2889.63378
G1 X171.1 Y213.1 E2889.64975
G1 X171.1 Y226.9 E2889.92514
G0 F9000 X170.7 Y227.3
;TYPE:WALL-OUTER
G1 F1500 X172.3 Y227.3 E2889.95707
G1 X172.3 Y212.7 E2890.24843
G1 X170.7 Y212.7 E2890.28036
G1 X170.7 Y227.3 E2890.57172
G1 F2700 E2885.57172
G0 F9000 X170.98 Y227.02
G0 X172.07 Y226.5
G0 X173.165 Y226.5
G0 X174.335 Y226.5
G0 X175.43 Y226.5
G0 X176 Y226.5
;TYPE:WALL-INNER
G1 F2700 E2890.57172
G1 F1500 X176 Y213.5 E2890.83115
G0 F9000 X175.88 Y226.62
G0 X175.6 Y226.9
G1 F1500 X176.4 Y226.9 E2890.84711
G1 X176.4 Y213.1 E2891.12251
G1 X175.6 Y213.1 E2891.13847
G1 X175.6 Y226.9 E2891.41386
G0 F9000 X175.2 Y227.3
;TYPE:WALL-OUTER
G1 F1500 X176.8 Y227.3 E2891.44579
G1 X176.8 Y212.7 E2891.73715
G1 X175.2 Y212.7 E2891.76908
G1 X175.2 Y227.3 E2892.06044
G1 F2700 E2887.06044
G0 F9000 X175.48 Y227.02
G0 X176.57 Y226.5
G0 X177.665 Y226.5
G0 X184.835 Y226.5
G0 X185.93 Y226.5
G0 X186.5 Y226.5
;TYPE:WALL-INNER
G1 F2700 E2892.06044
G1 F1500 X186.5 Y213.5 E2892.31987
G0 F9000 X186.38 Y226.62
G0 X186.1 Y226.9
G1 F1500 X186.9 Y226.9 E2892.33584
G1 X186.9 Y213.1 E2892.61123
G1 X186.1 Y213.1 E2892.62719
G1 X186.1 Y226.9 E2892.90259
G0 F9000 X185.7 Y227.3
;TYPE:WALL-OUTER
G1 F1500 X187.3 Y227.3 E2892.93452
G1 X187.3 Y212.7 E2893.22588
G1 X185.7 Y212.7 E2893.25781
G1 X185.7 Y227.3 E2893.54916
G1 F2700 E2888.54916
G0 F9000 X185.98 Y227.02
G0 X187.07 Y226.5
G0 X188.165 Y226.5
G0 X189.335 Y226.5
G0 X190.43 Y226.5
G0 X191 Y226.5
;TYPE:WALL-INNER
G1 F2700 E2893.54916
G1 F1500 X191 Y213.5 E2893.80859
G0 F9000 X190.88 Y226.62
G0 X190.6 Y226.9
G1 F1500 X191.4 Y226.9 E2893.82456
G1 X191.4 Y213.1 E2894.09995
G1 X190.6 Y213.1 E2894.11592
G1 X190.6 Y226.9 E2894.39131
G0 F9000 X190.2 Y227.3
;TYPE:WALL-OUTER
G1 F1500 X191.8 Y227.3 E2894.42324
G1 X191.8 Y212.7 E2894.7146
G1 X190.2 Y212.7 E2894.74653
G1 X190.2 Y227.3 E2895.03789
G1 F2700 E2890.03789
G0 F9000 X190.48 Y227.02
G0 X191.57 Y226.5
G0 X192.665 Y226.5
G0 X199.835 Y226.5
G0 X200.93 Y226.5
G0 X201.5 Y226.5
;TYPE:WALL-INNER
G1 F2700 E2895.03789
G1 F1500 X201.5 Y213.5 E2895.29732
G0 F9000 X201.38 Y226.62
G0 X201.1 Y226.9
G1 F1500 X201.9 Y226.9 E2895.31328
G1 X201.9 Y213.1 E2895.58868
G1 X201.1 Y213.1 E2895.60464
G1 X201.1 Y226.9 E2895.88004
G0 F9000 X200.7 Y227.3
;TYPE:WALL-OUTER
G1 F1500 X202.3 Y227.3 E2895.91196
G1 X202.3 Y212.7 E2896.20332
G1 X200.7 Y212.7 E2896.23525
G1 X200.7 Y227.3 E2896.52661
G1 F2700 E2891.52661
G0 F9000 X200.98 Y227.02
G0 X202.07 Y226.5
G0 X203.165 Y226.5
G0 X204.335 Y226.5
G0 X205.43 Y226.5
G0 X206 Y226.5
;TYPE:WALL-INNER
G1 F2700 E2896.52661
G1 F1500 X206 Y213.5 E2896.78604
G0 F9000 X205.88 Y226.62
G0 X205.6 Y226.9
G1 F1500 X206.4 Y226.9 E2896.80201
G1 X206.4 Y213.1 E2897.0774
G1 X205.6 Y213.1 E2897.09336
G1 X205.6 Y226.9 E2897.36876
G0 F9000 X205.2 Y227.3
;TYPE:WALL-OUTER
G1 F1500 X206.8 Y227.3 E2897.40069
G1 X206.8 Y212.7 E2897.69205
G1 X205.2 Y212.7 E2897.72398
G1 X205.2 Y227.3 E2898.01534
G1 F2700 E2893.01534
G0 F9000 X205.48 Y227.02
G0 X206.57 Y226.5
G0 X207.665 Y226.5
G0 X214.835 Y226.5
G0 X215.93 Y226.5
G0 X216.5 Y226.5
;TYPE:WALL-INNER
G1 F2700 E2898.01534
G1 F1500 X216.5 Y213.5 E2898.27476
G0 F9000 X216.38 Y226.62
G0 X216.1 Y226.9
G1 F1500 X216.9 Y226.9 E2898.29073
G1 X216.9 Y213.1 E2898.56612
G1 X216.1 Y213.1 E2898.58209
G1 X216.1 Y226.9 E2898.85748
G0 F9000 X215.7 Y227.3
;TYPE:WALL-OUTER
G1 F1500 X217.3 Y227.3 E2898.88941
G1 X217.3 Y212.7 E2899.18077
G1 X215.7 Y212.7 E2899.2127
G1 X215.7 Y227.3 E2899.50406
G1 F2700 E2894.50406
G0 F9000 X215.98 Y227.02
G0 X217.07 Y226.5
G0 X218.165 Y226.5
G0 X219.335 Y226.5
G0 X220.43 Y226.5
G0 X221 Y226.5
;TYPE:WALL-INNER
G1 F2700 E2899.50406
G1 F1500 X221 Y213.5 E2899.76349
G0 F9000 X220.88 Y226.62
G0 X220.6 Y226.9
G1 F1500 X221.4 Y226.9 E2899.77945
G1 X221.4 Y213.1 E2900.05485
G1 X220.6 Y213.1 E2900.07081
G1 X220.6 Y226.9 E2900.34621
G0 F9000 X220.2 Y227.3
;TYPE:WALL-OUTER
G1 F1500 X221.8 Y227.3 E2900.37814
G1 X221.8 Y212.7 E2900.66949
G1 X220.2 Y212.7 E2900.70142
G1 X220.2 Y227.3 E2900.99278
G1 F2700 E2895.99278
G0 F9000 X220.48 Y227.02
G0 X221.57 Y226.5
G0 X222.665 Y226.5
G0 X229.835 Y226.5
G0 X230.93 Y226.5
G0 X231.5 Y226.5
;TYPE:WALL-INNER
G1 F2700 E2900.99278
G1 F1500 X231.5 Y213.5 E2901.25221
G0 F9000 X231.38 Y226.62
G0 X231.1 Y226.9
G1 F1500 X231.9 Y226.9 E2901.26818
G1 X231.9 Y213.1 E2901.54357
G1 X231.1 Y213.1 E2901.55954
G1 X231.1 Y226.9 E2901.83493
G0 F9000 X230.7 Y227.3
;TYPE:WALL-OUTER
G1 F1500 X232.3 Y227.3 E2901.86686
G1 X232.3 Y212.7 E2902.15822
G1 X230.7 Y212.7 E2902.19015
G1 X230.7 Y227.3 E2902.48151
G1 F2700 E2897.48151
G0 F9000 X230.98 Y227.02
G0 X232.07 Y226.475
G0 X233.165 Y226.475
G0 X234.335 Y226.475
G0 X235.43 Y226.475
G0 X236.025 Y226.475
;TYPE:WALL-INNER
G1 F2700 E2902.48151
G1 F1333.3 X236.475 Y226.475 E2902.49161
G1 X236.475 Y213.525 E2902.78234
G1 X236.025 Y213.525 E2902.79245
G1 X236.025 Y226.475 E2903.08318
G0 F9000 X235.6 Y226.9
G1 F1500 X236.9 Y226.9 E2903.10913
G1 X236.9 Y213.1 E2903.38452
G1 X235.6 Y213.1 E2903.41046
G1 X235.6 Y226.9 E2903.68586
G0 F9000 X235.2 Y227.3
;TYPE:WALL-OUTER
G1 F1500 X237.3 Y227.3 E2903.72776
G1 X237.3 Y212.7 E2904.01912
G1 X235.2 Y212.7 E2904.06103
G1 X235.2 Y227.3 E2904.35239
G0 F9000 X236.092 Y226.29
G1 F2700 E2899.35239
;MESH:NONMESH
G0 F300 X236.092 Y226.29 Z9.12
G0 F9000 X235.43 Y213.5
G0 X234.335 Y213.5
G0 X233.153 Y211.847
G0 X129.347 Y211.847
G0 X128.165 Y213.5
G0 X127.07 Y213.5
G0 X126.5 Y213.5
;TIME_ELAPSED:7362.041252
;LAYER:75
;TYPE:WALL-INNER
;MESH:BusConnAssyAid.stl
G1 F2700 E2904.35239
G1 F1500 X126.5 Y226.5 E2904.61182
G0 F9000 X126.1 Y226.9
G1 F1500 X126.9 Y226.9 E2904.62778
G1 X126.9 Y213.1 E2904.90318
G1 X126.1 Y213.1 E2904.91914
G1 X126.1 Y226.9 E2905.19454
G0 F9000 X125.7 Y227.3
;TYPE:WALL-OUTER
G1 F1500 X127.3 Y227.3 E2905.22647
G1 X127.3 Y212.7 E2905.51782
G1 X125.7 Y212.7 E2905.54975
G1 X125.7 Y227.3 E2905.84111
G1 F2700 E2900.84111
G0 F9000 X125.98 Y227.02
G0 X127.07 Y226.5
G0 X128.165 Y226.5
G0 X129.335 Y226.5
G0 X130.43 Y226.5
G0 X131 Y226.5
;TYPE:WALL-INNER
G1 F2700 E2905.84111
G1 F1500 X131 Y213.5 E2906.10054
G0 F9000 X130.88 Y226.62
G0 X130.6 Y226.9
G1 F1500 X131.4 Y226.9 E2906.11651
G1 X131.4 Y213.1 E2906.3919
G1 X130.6 Y213.1 E2906.40787
G1 X130.6 Y226.9 E2906.68326
G0 F9000 X130.2 Y227.3
;TYPE:WALL-OUTER
G1 F1500 X131.8 Y227.3 E2906.71519
G1 X131.8 Y212.7 E2907.00655
G1 X130.2 Y212.7 E2907.03848
G1 X130.2 Y227.3 E2907.32984
G1 F2700 E2902.32984
G0 F9000 X130.48 Y227.02
G0 X131.57 Y226.5
G0 X132.665 Y226.5
G0 X139.835 Y226.5
G0 X140.93 Y226.5
G0 X141.5 Y226.5
;TYPE:WALL-INNER
G1 F2700 E2907.32984
G1 F1500 X141.5 Y213.5 E2907.58927
G0 F9000 X141.38 Y226.62
G0 X141.1 Y226.9
G1 F1500 X141.9 Y226.9 E2907.60523
G1 X141.9 Y213.1 E2907.88062
G1 X141.1 Y213.1 E2907.89659
G1 X141.1 Y226.9 E2908.17198
G0 F9000 X140.7 Y227.3
;TYPE:WALL-OUTER
G1 F1500 X142.3 Y227.3 E2908.20391
G1 X142.3 Y212.7 E2908.49527
G1 X140.7 Y212.7 E2908.5272
G1 X140.7 Y227.3 E2908.81856
G1 F2700 E2903.81856
G0 F9000 X140.98 Y227.02
G0 X142.07 Y226.5
G0 X143.165 Y226.5
G0 X144.335 Y226.5
G0 X145.43 Y226.5
G0 X146 Y226.5
;TYPE:WALL-INNER
G1 F2700 E2908.81856
G1 F1500 X146 Y213.5 E2909.07799
G0 F9000 X145.88 Y226.62
G0 X145.6 Y226.9
G1 F1500 X146.4 Y226.9 E2909.09395
G1 X146.4 Y213.1 E2909.36935
G1 X145.6 Y213.1 E2909.38531
G1 X145.6 Y226.9 E2909.66071
G0 F9000 X145.2 Y227.3
;TYPE:WALL-OUTER
G1 F1500 X146.8 Y227.3 E2909.69264
G1 X146.8 Y212.7 E2909.984
G1 X145.2 Y212.7 E2910.01593
G1 X145.2 Y227.3 E2910.30728
G1 F2700 E2905.30728
G0 F9000 X145.48 Y227.02
G0 X146.57 Y226.5
G0 X147.665 Y226.5
G0 X154.835 Y226.5
G0 X155.93 Y226.5
G0 X156.5 Y226.5
;TYPE:WALL-INNER
G1 F2700 E2910.30728
G1 F1500 X156.5 Y213.5 E2910.56671
G0 F9000 X156.38 Y226.62
G0 X156.1 Y226.9
G1 F1500 X156.9 Y226.9 E2910.58268
G1 X156.9 Y213.1 E2910.85807
G1 X156.1 Y213.1 E2910.87404
G1 X156.1 Y226.9 E2911.14943
G0 F9000 X155.7 Y227.3
;TYPE:WALL-OUTER
G1 F1500 X157.3 Y227.3 E2911.18136
G1 X157.3 Y212.7 E2911.47272
G1 X155.7 Y212.7 E2911.50465
G1 X155.7 Y227.3 E2911.79601
G1 F2700 E2906.79601
G0 F9000 X155.98 Y227.02
G0 X157.07 Y226.5
G0 X158.165 Y226.5
G0 X159.335 Y226.5
G0 X160.43 Y226.5
G0 X161 Y226.5
;TYPE:WALL-INNER
G1 F2700 E2911.79601
G1 F1500 X161 Y213.5 E2912.05544
G0 F9000 X160.88 Y226.62
G0 X160.6 Y226.9
G1 F1500 X161.4 Y226.9 E2912.0714
G1 X161.4 Y213.1 E2912.3468
G1 X160.6 Y213.1 E2912.36276
G1 X160.6 Y226.9 E2912.63815
G0 F9000 X160.2 Y227.3
;TYPE:WALL-OUTER
G1 F1500 X161.8 Y227.3 E2912.67008
G1 X161.8 Y212.7 E2912.96144
G1 X160.2 Y212.7 E2912.99337
G1 X160.2 Y227.3 E2913.28473
G1 F2700 E2908.28473
G0 F9000 X160.48 Y227.02
G0 X161.57 Y226.5
G0 X162.665 Y226.5
G0 X169.835 Y226.5
G0 X170.93 Y226.5
G0 X171.5 Y226.5
;TYPE:WALL-INNER
G1 F2700 E2913.28473
G1 F1500 X171.5 Y213.5 E2913.54416
G0 F9000 X171.38 Y226.62
G0 X171.1 Y226.9
G1 F1500 X171.9 Y226.9 E2913.56013
G1 X171.9 Y213.1 E2913.83552
G1 X171.1 Y213.1 E2913.85148
G1 X171.1 Y226.9 E2914.12688
G0 F9000 X170.7 Y227.3
;TYPE:WALL-OUTER
G1 F1500 X172.3 Y227.3 E2914.15881
G1 X172.3 Y212.7 E2914.45017
G1 X170.7 Y212.7 E2914.4821
G1 X170.7 Y227.3 E2914.77345
G1 F2700 E2909.77345
G0 F9000 X170.98 Y227.02
G0 X172.07 Y226.5
G0 X173.165 Y226.5
G0 X174.335 Y226.5
G0 X175.43 Y226.5
G0 X176 Y226.5
;TYPE:WALL-INNER
G1 F2700 E2914.77345
G1 F1500 X176 Y213.5 E2915.03288
G0 F9000 X175.88 Y226.62
G0 X175.6 Y226.9
G1 F1500 X176.4 Y226.9 E2915.04885
G1 X176.4 Y213.1 E2915.32424
G1 X175.6 Y213.1 E2915.34021
G1 X175.6 Y226.9 E2915.6156
G0 F9000 X175.2 Y227.3
;TYPE:WALL-OUTER
G1 F1500 X176.8 Y227.3 E2915.64753
G1 X176.8 Y212.7 E2915.93889
G1 X175.2 Y212.7 E2915.97082
G1 X175.2 Y227.3 E2916.26218
G1 F2700 E2911.26218
G0 F9000 X175.48 Y227.02
G0 X176.57 Y226.5
G0 X177.665 Y226.5
G0 X184.835 Y226.5
G0 X185.93 Y226.5
G0 X186.5 Y226.5
;TYPE:WALL-INNER
G1 F2700 E2916.26218
G1 F1500 X186.5 Y213.5 E2916.52161
G0 F9000 X186.38 Y226.62
G0 X186.1 Y226.9
G1 F1500 X186.9 Y226.9 E2916.53757
G1 X186.9 Y213.1 E2916.81297
G1 X186.1 Y213.1 E2916.82893
G1 X186.1 Y226.9 E2917.10433
G0 F9000 X185.7 Y227.3
;TYPE:WALL-OUTER
G1 F1500 X187.3 Y227.3 E2917.13625
G1 X187.3 Y212.7 E2917.42761
G1 X185.7 Y212.7 E2917.45954
G1 X185.7 Y227.3 E2917.7509
G1 F2700 E2912.7509
G0 F9000 X185.98 Y227.02
G0 X187.07 Y226.5
G0 X188.165 Y226.5
G0 X189.335 Y226.5
G0 X190.43 Y226.5
G0 X191 Y226.5
;TYPE:WALL-INNER
G1 F2700 E2917.7509
G1 F1500 X191 Y213.5 E2918.01033
G0 F9000 X190.88 Y226.62
G0 X190.6 Y226.9
G1 F1500 X191.4 Y226.9 E2918.0263
G1 X191.4 Y213.1 E2918.30169
G1 X190.6 Y213.1 E2918.31765
G1 X190.6 Y226.9 E2918.59305
G0 F9000 X190.2 Y227.3
;TYPE:WALL-OUTER
G1 F1500 X191.8 Y227.3 E2918.62498
G1 X191.8 Y212.7 E2918.91634
G1 X190.2 Y212.7 E2918.94827
G1 X190.2 Y227.3 E2919.23963
G1 F2700 E2914.23963
G0 F9000 X190.48 Y227.02
G0 X191.57 Y226.5
G0 X192.665 Y226.5
G0 X199.835 Y226.5
G0 X200.93 Y226.5
G0 X201.5 Y226.5
;TYPE:WALL-INNER
G1 F2700 E2919.23963
G1 F1500 X201.5 Y213.5 E2919.49905
G0 F9000 X201.38 Y226.62
G0 X201.1 Y226.9
G1 F1500 X201.9 Y226.9 E2919.51502
G1 X201.9 Y213.1 E2919.79041
G1 X201.1 Y213.1 E2919.80638
G1 X201.1 Y226.9 E2920.08177
G0 F9000 X200.7 Y227.3
;TYPE:WALL-OUTER
G1 F1500 X202.3 Y227.3 E2920.1137
G1 X202.3 Y212.7 E2920.40506
G1 X200.7 Y212.7 E2920.43699
G1 X200.7 Y227.3 E2920.72835
G1 F2700 E2915.72835
G0 F9000 X200.98 Y227.02
G0 X202.07 Y226.5
G0 X203.165 Y226.5
G0 X204.335 Y226.5
G0 X205.43 Y226.5
G0 X206 Y226.5
;TYPE:WALL-INNER
G1 F2700 E2920.72835
G1 F1500 X206 Y213.5 E2920.98778
G0 F9000 X205.88 Y226.62
G0 X205.6 Y226.9
G1 F1500 X206.4 Y226.9 E2921.00374
G1 X206.4 Y213.1 E2921.27914
G1 X205.6 Y213.1 E2921.2951
G1 X205.6 Y226.9 E2921.5705
G0 F9000 X205.2 Y227.3
;TYPE:WALL-OUTER
G1 F1500 X206.8 Y227.3 E2921.60243
G1 X206.8 Y212.7 E2921.89378
G1 X205.2 Y212.7 E2921.92571
G1 X205.2 Y227.3 E2922.21707
G1 F2700 E2917.21707
G0 F9000 X205.48 Y227.02
G0 X206.57 Y226.5
G0 X207.665 Y226.5
G0 X214.835 Y226.5
G0 X215.93 Y226.5
G0 X216.5 Y226.5
;TYPE:WALL-INNER
G1 F2700 E2922.21707
G1 F1500 X216.5 Y213.5 E2922.4765
G0 F9000 X216.38 Y226.62
G0 X216.1 Y226.9
G1 F1500 X216.9 Y226.9 E2922.49247
G1 X216.9 Y213.1 E2922.76786
G1 X216.1 Y213.1 E2922.78383
G1 X216.1 Y226.9 E2923.05922
G0 F9000 X215.7 Y227.3
;TYPE:WALL-OUTER
G1 F1500 X217.3 Y227.3 E2923.09115
G1 X217.3 Y212.7 E2923.38251
G1 X215.7 Y212.7 E2923.41444
G1 X215.7 Y227.3 E2923.7058
G1 F2700 E2918.7058
G0 F9000 X215.98 Y227.02
G0 X217.07 Y226.5
G0 X218.165 Y226.5
G0 X219.335 Y226.5
G0 X220.43 Y226.5
G0 X221 Y226.5
;TYPE:WALL-INNER
G1 F2700 E2923.7058
G1 F1500 X221 Y213.5 E2923.96523
G0 F9000 X220.88 Y226.62
G0 X220.6 Y226.9
G1 F1500 X221.4 Y226.9 E2923.98119
G1 X221.4 Y213.1 E2924.25658
G1 X220.6 Y213.1 E2924.27255
G1 X220.6 Y226.9 E2924.54794
G0 F9000 X220.2 Y227.3
;TYPE:WALL-OUTER
G1 F1500 X221.8 Y227.3 E2924.57987
G1 X221.8 Y212.7 E2924.87123
G1 X220.2 Y212.7 E2924.90316
G1 X220.2 Y227.3 E2925.19452
G1 F2700 E2920.19452
G0 F9000 X220.48 Y227.02
G0 X221.57 Y226.5
G0 X222.665 Y226.5
G0 X229.835 Y226.5
G0 X230.93 Y226.5
G0 X231.5 Y226.5
;TYPE:WALL-INNER
G1 F2700 E2925.19452
G1 F1500 X231.5 Y213.5 E2925.45395
G0 F9000 X231.38 Y226.62
G0 X231.1 Y226.9
G1 F1500 X231.9 Y226.9 E2925.46991
G1 X231.9 Y213.1 E2925.74531
G1 X231.1 Y213.1 E2925.76127
G1 X231.1 Y226.9 E2926.03667
G0 F9000 X230.7 Y227.3
;TYPE:WALL-OUTER
G1 F1500 X232.3 Y227.3 E2926.0686
G1 X232.3 Y212.7 E2926.35996
G1 X230.7 Y212.7 E2926.39189
G1 X230.7 Y227.3 E2926.68324
G1 F2700 E2921.68324
G0 F9000 X230.98 Y227.02
G0 X232.07 Y226.475
G0 X233.165 Y226.475
G0 X234.335 Y226.475
G0 X235.43 Y226.475
G0 X236.025 Y226.475
;TYPE:WALL-INNER
G1 F2700 E2926.68324
G1 F1333.3 X236.475 Y226.475 E2926.69335
G1 X236.475 Y213.525 E2926.98408
G1 X236.025 Y213.525 E2926.99418
G1 X236.025 Y226.475 E2927.28492
G0 F9000 X235.6 Y226.9
G1 F1500 X236.9 Y226.9 E2927.31086
G1 X236.9 Y213.1 E2927.58626
G1 X235.6 Y213.1 E2927.6122
G1 X235.6 Y226.9 E2927.88759
G0 F9000 X235.2 Y227.3
;TYPE:WALL-OUTER
G1 F1500 X237.3 Y227.3 E2927.9295
G1 X237.3 Y212.7 E2928.22086
G1 X235.2 Y212.7 E2928.26277
G1 X235.2 Y227.3 E2928.55413
G0 F9000 X236.092 Y226.29
G1 F2700 E2923.55413
;MESH:NONMESH
G0 F300 X236.092 Y226.29 Z9.24
G0 F9000 X235.43 Y213.5
G0 X234.335 Y213.5
G0 X233.153 Y211.847
G0 X129.347 Y211.847
G0 X128.165 Y213.5
G0 X127.07 Y213.5
G0 X126.5 Y213.5
;TIME_ELAPSED:7431.331486
;LAYER:76
;TYPE:WALL-INNER
;MESH:BusConnAssyAid.stl
G1 F2700 E2928.55413
G1 F1500 X126.5 Y226.5 E2928.81356
G0 F9000 X126.1 Y226.9
G1 F1500 X126.9 Y226.9 E2928.82952
G1 X126.9 Y213.1 E2929.10491
G1 X126.1 Y213.1 E2929.12088
G1 X126.1 Y226.9 E2929.39627
G0 F9000 X125.7 Y227.3
;TYPE:WALL-OUTER
G1 F1500 X127.3 Y227.3 E2929.4282
G1 X127.3 Y212.7 E2929.71956
G1 X125.7 Y212.7 E2929.75149
G1 X125.7 Y227.3 E2930.04285
G1 F2700 E2925.04285
G0 F9000 X125.98 Y227.02
G0 X127.07 Y226.5
G0 X128.165 Y226.5
G0 X129.335 Y226.5
G0 X130.43 Y226.5
G0 X131 Y226.5
;TYPE:WALL-INNER
G1 F2700 E2930.04285
G1 F1500 X131 Y213.5 E2930.30228
G0 F9000 X130.88 Y226.62
G0 X130.6 Y226.9
G1 F1500 X131.4 Y226.9 E2930.31824
G1 X131.4 Y213.1 E2930.59364
G1 X130.6 Y213.1 E2930.6096
G1 X130.6 Y226.9 E2930.885
G0 F9000 X130.2 Y227.3
;TYPE:WALL-OUTER
G1 F1500 X131.8 Y227.3 E2930.91693
G1 X131.8 Y212.7 E2931.20829
G1 X130.2 Y212.7 E2931.24022
G1 X130.2 Y227.3 E2931.53157
G1 F2700 E2926.53157
G0 F9000 X130.48 Y227.02
G0 X131.57 Y226.5
G0 X132.665 Y226.5
G0 X139.835 Y226.5
G0 X140.93 Y226.5
G0 X141.5 Y226.5
;TYPE:WALL-INNER
G1 F2700 E2931.53157
G1 F1500 X141.5 Y213.5 E2931.791
G0 F9000 X141.38 Y226.62
G0 X141.1 Y226.9
G1 F1500 X141.9 Y226.9 E2931.80697
G1 X141.9 Y213.1 E2932.08236
G1 X141.1 Y213.1 E2932.09833
G1 X141.1 Y226.9 E2932.37372
G0 F9000 X140.7 Y227.3
;TYPE:WALL-OUTER
G1 F1500 X142.3 Y227.3 E2932.40565
G1 X142.3 Y212.7 E2932.69701
G1 X140.7 Y212.7 E2932.72894
G1 X140.7 Y227.3 E2933.0203
G1 F2700 E2928.0203
G0 F9000 X140.98 Y227.02
G0 X142.07 Y226.5
G0 X143.165 Y226.5
G0 X144.335 Y226.5
G0 X145.43 Y226.5
G0 X146 Y226.5
;TYPE:WALL-INNER
G1 F2700 E2933.0203
G1 F1500 X146 Y213.5 E2933.27973
G0 F9000 X145.88 Y226.62
G0 X145.6 Y226.9
G1 F1500 X146.4 Y226.9 E2933.29569
G1 X146.4 Y213.1 E2933.57109
G1 X145.6 Y213.1 E2933.58705
G1 X145.6 Y226.9 E2933.86244
G0 F9000 X145.2 Y227.3
;TYPE:WALL-OUTER
G1 F1500 X146.8 Y227.3 E2933.89437
G1 X146.8 Y212.7 E2934.18573
G1 X145.2 Y212.7 E2934.21766
G1 X145.2 Y227.3 E2934.50902
G1 F2700 E2929.50902
G0 F9000 X145.48 Y227.02
G0 X146.57 Y226.5
G0 X147.665 Y226.5
G0 X154.835 Y226.5
G0 X155.93 Y226.5
G0 X156.5 Y226.5
;TYPE:WALL-INNER
G1 F2700 E2934.50902
G1 F1500 X156.5 Y213.5 E2934.76845
G0 F9000 X156.38 Y226.62
G0 X156.1 Y226.9
G1 F1500 X156.9 Y226.9 E2934.78442
G1 X156.9 Y213.1 E2935.05981
G1 X156.1 Y213.1 E2935.07577
G1 X156.1 Y226.9 E2935.35117
G0 F9000 X155.7 Y227.3
;TYPE:WALL-OUTER
G1 F1500 X157.3 Y227.3 E2935.3831
G1 X157.3 Y212.7 E2935.67446
G1 X155.7 Y212.7 E2935.70639
G1 X155.7 Y227.3 E2935.99774
G1 F2700 E2930.99774
G0 F9000 X155.98 Y227.02
G0 X157.07 Y226.5
G0 X158.165 Y226.5
G0 X159.335 Y226.5
G0 X160.43 Y226.5
G0 X161 Y226.5
;TYPE:WALL-INNER
G1 F2700 E2935.99774
G1 F1500 X161 Y213.5 E2936.25717
G0 F9000 X160.88 Y226.62
G0 X160.6 Y226.9
G1 F1500 X161.4 Y226.9 E2936.27314
G1 X161.4 Y213.1 E2936.54853
G1 X160.6 Y213.1 E2936.5645
G1 X160.6 Y226.9 E2936.83989
G0 F9000 X160.2 Y227.3
;TYPE:WALL-OUTER
G1 F1500 X161.8 Y227.3 E2936.87182
G1 X161.8 Y212.7 E2937.16318
G1 X160.2 Y212.7 E2937.19511
G1 X160.2 Y227.3 E2937.48647
G1 F2700 E2932.48647
G0 F9000 X160.48 Y227.02
G0 X161.57 Y226.5
G0 X162.665 Y226.5
G0 X169.835 Y226.5
G0 X170.93 Y226.5
G0 X171.5 Y226.5
;TYPE:WALL-INNER
G1 F2700 E2937.48647
G1 F1500 X171.5 Y213.5 E2937.7459
G0 F9000 X171.38 Y226.62
G0 X171.1 Y226.9
G1 F1500 X171.9 Y226.9 E2937.76186
G1 X171.9 Y213.1 E2938.03726
G1 X171.1 Y213.1 E2938.05322
G1 X171.1 Y226.9 E2938.32862
G0 F9000 X170.7 Y227.3
;TYPE:WALL-OUTER
G1 F1500 X172.3 Y227.3 E2938.36054
G1 X172.3 Y212.7 E2938.6519
G1 X170.7 Y212.7 E2938.68383
G1 X170.7 Y227.3 E2938.97519
G1 F2700 E2933.97519
G0 F9000 X170.98 Y227.02
G0 X172.07 Y226.5
G0 X173.165 Y226.5
G0 X174.335 Y226.5
G0 X175.43 Y226.5
G0 X176 Y226.5
;TYPE:WALL-INNER
G1 F2700 E2938.97519
G1 F1500 X176 Y213.5 E2939.23462
G0 F9000 X175.88 Y226.62
G0 X175.6 Y226.9
G1 F1500 X176.4 Y226.9 E2939.25059
G1 X176.4 Y213.1 E2939.52598
G1 X175.6 Y213.1 E2939.54194
G1 X175.6 Y226.9 E2939.81734
G0 F9000 X175.2 Y227.3
;TYPE:WALL-OUTER
G1 F1500 X176.8 Y227.3 E2939.84927
G1 X176.8 Y212.7 E2940.14063
G1 X175.2 Y212.7 E2940.17256
G1 X175.2 Y227.3 E2940.46392
G1 F2700 E2935.46392
G0 F9000 X175.48 Y227.02
G0 X176.57 Y226.5
G0 X177.665 Y226.5
G0 X184.835 Y226.5
G0 X185.93 Y226.5
G0 X186.5 Y226.5
;TYPE:WALL-INNER
G1 F2700 E2940.46392
G1 F1500 X186.5 Y213.5 E2940.72334
G0 F9000 X186.38 Y226.62
G0 X186.1 Y226.9
G1 F1500 X186.9 Y226.9 E2940.73931
G1 X186.9 Y213.1 E2941.0147
G1 X186.1 Y213.1 E2941.03067
G1 X186.1 Y226.9 E2941.30606
G0 F9000 X185.7 Y227.3
;TYPE:WALL-OUTER
G1 F1500 X187.3 Y227.3 E2941.33799
G1 X187.3 Y212.7 E2941.62935
G1 X185.7 Y212.7 E2941.66128
G1 X185.7 Y227.3 E2941.95264
G1 F2700 E2936.95264
G0 F9000 X185.98 Y227.02
G0 X187.07 Y226.5
G0 X188.165 Y226.5
G0 X189.335 Y226.5
G0 X190.43 Y226.5
G0 X191 Y226.5
;TYPE:WALL-INNER
G1 F2700 E2941.95264
G1 F1500 X191 Y213.5 E2942.21207
G0 F9000 X190.88 Y226.62
G0 X190.6 Y226.9
G1 F1500 X191.4 Y226.9 E2942.22803
G1 X191.4 Y213.1 E2942.50343
G1 X190.6 Y213.1 E2942.51939
G1 X190.6 Y226.9 E2942.79479
G0 F9000 X190.2 Y227.3
;TYPE:WALL-OUTER
G1 F1500 X191.8 Y227.3 E2942.82672
G1 X191.8 Y212.7 E2943.11807
G1 X190.2 Y212.7 E2943.15
G1 X190.2 Y227.3 E2943.44136
G1 F2700 E2938.44136
G0 F9000 X190.48 Y227.02
G0 X191.57 Y226.5
G0 X192.665 Y226.5
G0 X199.835 Y226.5
G0 X200.93 Y226.5
G0 X201.5 Y226.5
;TYPE:WALL-INNER
G1 F2700 E2943.44136
G1 F1500 X201.5 Y213.5 E2943.70079
G0 F9000 X201.38 Y226.62
G0 X201.1 Y226.9
G1 F1500 X201.9 Y226.9 E2943.71676
G1 X201.9 Y213.1 E2943.99215
G1 X201.1 Y213.1 E2944.00812
G1 X201.1 Y226.9 E2944.28351
G0 F9000 X200.7 Y227.3
;TYPE:WALL-OUTER
G1 F1500 X202.3 Y227.3 E2944.31544
G1 X202.3 Y212.7 E2944.6068
G1 X200.7 Y212.7 E2944.63873
G1 X200.7 Y227.3 E2944.93009
G1 F2700 E2939.93009
G0 F9000 X200.98 Y227.02
G0 X202.07 Y226.5
G0 X203.165 Y226.5
G0 X204.335 Y226.5
G0 X205.43 Y226.5
G0 X206 Y226.5
;TYPE:WALL-INNER
G1 F2700 E2944.93009
G1 F1500 X206 Y213.5 E2945.18952
G0 F9000 X205.88 Y226.62
G0 X205.6 Y226.9
G1 F1500 X206.4 Y226.9 E2945.20548
G1 X206.4 Y213.1 E2945.48087
G1 X205.6 Y213.1 E2945.49684
G1 X205.6 Y226.9 E2945.77223
G0 F9000 X205.2 Y227.3
;TYPE:WALL-OUTER
G1 F1500 X206.8 Y227.3 E2945.80416
G1 X206.8 Y212.7 E2946.09552
G1 X205.2 Y212.7 E2946.12745
G1 X205.2 Y227.3 E2946.41881
G1 F2700 E2941.41881
G0 F9000 X205.48 Y227.02
G0 X206.57 Y226.5
G0 X207.665 Y226.5
G0 X214.835 Y226.5
G0 X215.93 Y226.5
G0 X216.5 Y226.5
;TYPE:WALL-INNER
G1 F2700 E2946.41881
G1 F1500 X216.5 Y213.5 E2946.67824
G0 F9000 X216.38 Y226.62
G0 X216.1 Y226.9
G1 F1500 X216.9 Y226.9 E2946.6942
G1 X216.9 Y213.1 E2946.9696
G1 X216.1 Y213.1 E2946.98556
G1 X216.1 Y226.9 E2947.26096
G0 F9000 X215.7 Y227.3
;TYPE:WALL-OUTER
G1 F1500 X217.3 Y227.3 E2947.29289
G1 X217.3 Y212.7 E2947.58425
G1 X215.7 Y212.7 E2947.61618
G1 X215.7 Y227.3 E2947.90753
G1 F2700 E2942.90753
G0 F9000 X215.98 Y227.02
G0 X217.07 Y226.5
G0 X218.165 Y226.5
G0 X219.335 Y226.5
G0 X220.43 Y226.5
G0 X221 Y226.5
;TYPE:WALL-INNER
G1 F2700 E2947.90753
G1 F1500 X221 Y213.5 E2948.16696
G0 F9000 X220.88 Y226.62
G0 X220.6 Y226.9
G1 F1500 X221.4 Y226.9 E2948.18293
G1 X221.4 Y213.1 E2948.45832
G1 X220.6 Y213.1 E2948.47429
G1 X220.6 Y226.9 E2948.74968
G0 F9000 X220.2 Y227.3
;TYPE:WALL-OUTER
G1 F1500 X221.8 Y227.3 E2948.78161
G1 X221.8 Y212.7 E2949.07297
G1 X220.2 Y212.7 E2949.1049
G1 X220.2 Y227.3 E2949.39626
G1 F2700 E2944.39626
G0 F9000 X220.48 Y227.02
G0 X221.57 Y226.5
G0 X222.665 Y226.5
G0 X229.835 Y226.5
G0 X230.93 Y226.5
G0 X231.5 Y226.5
;TYPE:WALL-INNER
G1 F2700 E2949.39626
G1 F1500 X231.5 Y213.5 E2949.65569
G0 F9000 X231.38 Y226.62
G0 X231.1 Y226.9
G1 F1500 X231.9 Y226.9 E2949.67165
G1 X231.9 Y213.1 E2949.94705
G1 X231.1 Y213.1 E2949.96301
G1 X231.1 Y226.9 E2950.2384
G0 F9000 X230.7 Y227.3
;TYPE:WALL-OUTER
G1 F1500 X232.3 Y227.3 E2950.27033
G1 X232.3 Y212.7 E2950.56169
G1 X230.7 Y212.7 E2950.59362
G1 X230.7 Y227.3 E2950.88498
G1 F2700 E2945.88498
G0 F9000 X230.98 Y227.02
G0 X232.07 Y226.475
G0 X233.165 Y226.475
G0 X234.335 Y226.475
G0 X235.43 Y226.475
G0 X236.025 Y226.475
;TYPE:WALL-INNER
G1 F2700 E2950.88498
G1 F1333.3 X236.475 Y226.475 E2950.89508
G1 X236.475 Y213.525 E2951.18582
G1 X236.025 Y213.525 E2951.19592
G1 X236.025 Y226.475 E2951.48666
G0 F9000 X235.6 Y226.9
G1 F1500 X236.9 Y226.9 E2951.5126
G1 X236.9 Y213.1 E2951.78799
G1 X235.6 Y213.1 E2951.81394
G1 X235.6 Y226.9 E2952.08933
G0 F9000 X235.2 Y227.3
;TYPE:WALL-OUTER
G1 F1500 X237.3 Y227.3 E2952.13124
G1 X237.3 Y212.7 E2952.4226
G1 X235.2 Y212.7 E2952.46451
G1 X235.2 Y227.3 E2952.75586
G0 F9000 X236.092 Y226.29
G1 F2700 E2947.75586
;MESH:NONMESH
G0 F300 X236.092 Y226.29 Z9.36
G0 F9000 X235.43 Y213.5
G0 X234.335 Y213.5
G0 X233.153 Y211.847
G0 X129.347 Y211.847
G0 X128.165 Y213.5
G0 X127.07 Y213.5
G0 X126.5 Y213.5
;TIME_ELAPSED:7500.621720
;LAYER:77
;TYPE:WALL-INNER
;MESH:BusConnAssyAid.stl
G1 F2700 E2952.75586
G1 F1500 X126.5 Y226.5 E2953.01529
G0 F9000 X126.1 Y226.9
G1 F1500 X126.9 Y226.9 E2953.03126
G1 X126.9 Y213.1 E2953.30665
G1 X126.1 Y213.1 E2953.32262
G1 X126.1 Y226.9 E2953.59801
G0 F9000 X125.7 Y227.3
;TYPE:WALL-OUTER
G1 F1500 X127.3 Y227.3 E2953.62994
G1 X127.3 Y212.7 E2953.9213
G1 X125.7 Y212.7 E2953.95323
G1 X125.7 Y227.3 E2954.24459
G1 F2700 E2949.24459
G0 F9000 X125.98 Y227.02
G0 X127.07 Y226.5
G0 X128.165 Y226.5
G0 X129.335 Y226.5
G0 X130.43 Y226.5
G0 X131 Y226.5
;TYPE:WALL-INNER
G1 F2700 E2954.24459
G1 F1500 X131 Y213.5 E2954.50402
G0 F9000 X130.88 Y226.62
G0 X130.6 Y226.9
G1 F1500 X131.4 Y226.9 E2954.51998
G1 X131.4 Y213.1 E2954.79538
G1 X130.6 Y213.1 E2954.81134
G1 X130.6 Y226.9 E2955.08673
G0 F9000 X130.2 Y227.3
;TYPE:WALL-OUTER
G1 F1500 X131.8 Y227.3 E2955.11866
G1 X131.8 Y212.7 E2955.41002
G1 X130.2 Y212.7 E2955.44195
G1 X130.2 Y227.3 E2955.73331
G1 F2700 E2950.73331
G0 F9000 X130.48 Y227.02
G0 X131.57 Y226.5
G0 X132.665 Y226.5
G0 X139.835 Y226.5
G0 X140.93 Y226.5
G0 X141.5 Y226.5
;TYPE:WALL-INNER
G1 F2700 E2955.73331
G1 F1500 X141.5 Y213.5 E2955.99274
G0 F9000 X141.38 Y226.62
G0 X141.1 Y226.9
G1 F1500 X141.9 Y226.9 E2956.00871
G1 X141.9 Y213.1 E2956.2841
G1 X141.1 Y213.1 E2956.30006
G1 X141.1 Y226.9 E2956.57546
G0 F9000 X140.7 Y227.3
;TYPE:WALL-OUTER
G1 F1500 X142.3 Y227.3 E2956.60739
G1 X142.3 Y212.7 E2956.89875
G1 X140.7 Y212.7 E2956.93068
G1 X140.7 Y227.3 E2957.22203
G1 F2700 E2952.22203
G0 F9000 X140.98 Y227.02
G0 X142.07 Y226.5
G0 X143.165 Y226.5
G0 X144.335 Y226.5
G0 X145.43 Y226.5
G0 X146 Y226.5
;TYPE:WALL-INNER
G1 F2700 E2957.22203
G1 F1500 X146 Y213.5 E2957.48146
G0 F9000 X145.88 Y226.62
G0 X145.6 Y226.9
G1 F1500 X146.4 Y226.9 E2957.49743
G1 X146.4 Y213.1 E2957.77282
G1 X145.6 Y213.1 E2957.78879
G1 X145.6 Y226.9 E2958.06418
G0 F9000 X145.2 Y227.3
;TYPE:WALL-OUTER
G1 F1500 X146.8 Y227.3 E2958.09611
G1 X146.8 Y212.7 E2958.38747
G1 X145.2 Y212.7 E2958.4194
G1 X145.2 Y227.3 E2958.71076
G1 F2700 E2953.71076
G0 F9000 X145.48 Y227.02
G0 X146.57 Y226.5
G0 X147.665 Y226.5
G0 X154.835 Y226.5
G0 X155.93 Y226.5
G0 X156.5 Y226.5
;TYPE:WALL-INNER
G1 F2700 E2958.71076
G1 F1500 X156.5 Y213.5 E2958.97019
G0 F9000 X156.38 Y226.62
G0 X156.1 Y226.9
G1 F1500 X156.9 Y226.9 E2958.98615
G1 X156.9 Y213.1 E2959.26155
G1 X156.1 Y213.1 E2959.27751
G1 X156.1 Y226.9 E2959.55291
G0 F9000 X155.7 Y227.3
;TYPE:WALL-OUTER
G1 F1500 X157.3 Y227.3 E2959.58483
G1 X157.3 Y212.7 E2959.87619
G1 X155.7 Y212.7 E2959.90812
G1 X155.7 Y227.3 E2960.19948
G1 F2700 E2955.19948
G0 F9000 X155.98 Y227.02
G0 X157.07 Y226.5
G0 X158.165 Y226.5
G0 X159.335 Y226.5
G0 X160.43 Y226.5
G0 X161 Y226.5
;TYPE:WALL-INNER
G1 F2700 E2960.19948
G1 F1500 X161 Y213.5 E2960.45891
G0 F9000 X160.88 Y226.62
G0 X160.6 Y226.9
G1 F1500 X161.4 Y226.9 E2960.47488
G1 X161.4 Y213.1 E2960.75027
G1 X160.6 Y213.1 E2960.76623
G1 X160.6 Y226.9 E2961.04163
G0 F9000 X160.2 Y227.3
;TYPE:WALL-OUTER
G1 F1500 X161.8 Y227.3 E2961.07356
G1 X161.8 Y212.7 E2961.36492
G1 X160.2 Y212.7 E2961.39685
G1 X160.2 Y227.3 E2961.68821
G1 F2700 E2956.68821
G0 F9000 X160.48 Y227.02
G0 X161.57 Y226.5
G0 X162.665 Y226.5
G0 X169.835 Y226.5
G0 X170.93 Y226.5
G0 X171.5 Y226.5
;TYPE:WALL-INNER
G1 F2700 E2961.68821
G1 F1500 X171.5 Y213.5 E2961.94763
G0 F9000 X171.38 Y226.62
G0 X171.1 Y226.9
G1 F1500 X171.9 Y226.9 E2961.9636
G1 X171.9 Y213.1 E2962.23899
G1 X171.1 Y213.1 E2962.25496
G1 X171.1 Y226.9 E2962.53035
G0 F9000 X170.7 Y227.3
;TYPE:WALL-OUTER
G1 F1500 X172.3 Y227.3 E2962.56228
G1 X172.3 Y212.7 E2962.85364
G1 X170.7 Y212.7 E2962.88557
G1 X170.7 Y227.3 E2963.17693
G1 F2700 E2958.17693
G0 F9000 X170.98 Y227.02
G0 X172.07 Y226.5
G0 X173.165 Y226.5
G0 X174.335 Y226.5
G0 X175.43 Y226.5
G0 X176 Y226.5
;TYPE:WALL-INNER
G1 F2700 E2963.17693
G1 F1500 X176 Y213.5 E2963.43636
G0 F9000 X175.88 Y226.62
G0 X175.6 Y226.9
G1 F1500 X176.4 Y226.9 E2963.45232
G1 X176.4 Y213.1 E2963.72772
G1 X175.6 Y213.1 E2963.74368
G1 X175.6 Y226.9 E2964.01908
G0 F9000 X175.2 Y227.3
;TYPE:WALL-OUTER
G1 F1500 X176.8 Y227.3 E2964.05101
G1 X176.8 Y212.7 E2964.34236
G1 X175.2 Y212.7 E2964.37429
G1 X175.2 Y227.3 E2964.66565
G1 F2700 E2959.66565
G0 F9000 X175.48 Y227.02
G0 X176.57 Y226.5
G0 X177.665 Y226.5
G0 X184.835 Y226.5
G0 X185.93 Y226.5
G0 X186.5 Y226.5
;TYPE:WALL-INNER
G1 F2700 E2964.66565
G1 F1500 X186.5 Y213.5 E2964.92508
G0 F9000 X186.38 Y226.62
G0 X186.1 Y226.9
G1 F1500 X186.9 Y226.9 E2964.94105
G1 X186.9 Y213.1 E2965.21644
G1 X186.1 Y213.1 E2965.23241
G1 X186.1 Y226.9 E2965.5078
G0 F9000 X185.7 Y227.3
;TYPE:WALL-OUTER
G1 F1500 X187.3 Y227.3 E2965.53973
G1 X187.3 Y212.7 E2965.83109
G1 X185.7 Y212.7 E2965.86302
G1 X185.7 Y227.3 E2966.15438
G1 F2700 E2961.15438
G0 F9000 X185.98 Y227.02
G0 X187.07 Y226.5
G0 X188.165 Y226.5
G0 X189.335 Y226.5
G0 X190.43 Y226.5
G0 X191 Y226.5
;TYPE:WALL-INNER
G1 F2700 E2966.15438
G1 F1500 X191 Y213.5 E2966.41381
G0 F9000 X190.88 Y226.62
G0 X190.6 Y226.9
G1 F1500 X191.4 Y226.9 E2966.42977
G1 X191.4 Y213.1 E2966.70516
G1 X190.6 Y213.1 E2966.72113
G1 X190.6 Y226.9 E2966.99652
G0 F9000 X190.2 Y227.3
;TYPE:WALL-OUTER
G1 F1500 X191.8 Y227.3 E2967.02845
G1 X191.8 Y212.7 E2967.31981
G1 X190.2 Y212.7 E2967.35174
G1 X190.2 Y227.3 E2967.6431
G1 F2700 E2962.6431
G0 F9000 X190.48 Y227.02
G0 X191.57 Y226.5
G0 X192.665 Y226.5
G0 X199.835 Y226.5
G0 X200.93 Y226.5
G0 X201.5 Y226.5
;TYPE:WALL-INNER
G1 F2700 E2967.6431
G1 F1500 X201.5 Y213.5 E2967.90253
G0 F9000 X201.38 Y226.62
G0 X201.1 Y226.9
G1 F1500 X201.9 Y226.9 E2967.91849
G1 X201.9 Y213.1 E2968.19389
G1 X201.1 Y213.1 E2968.20985
G1 X201.1 Y226.9 E2968.48525
G0 F9000 X200.7 Y227.3
;TYPE:WALL-OUTER
G1 F1500 X202.3 Y227.3 E2968.51718
G1 X202.3 Y212.7 E2968.80854
G1 X200.7 Y212.7 E2968.84047
G1 X200.7 Y227.3 E2969.13182
G1 F2700 E2964.13182
G0 F9000 X200.98 Y227.02
G0 X202.07 Y226.5
G0 X203.165 Y226.5
G0 X204.335 Y226.5
G0 X205.43 Y226.5
G0 X206 Y226.5
;TYPE:WALL-INNER
G1 F2700 E2969.13182
G1 F1500 X206 Y213.5 E2969.39125
G0 F9000 X205.88 Y226.62
G0 X205.6 Y226.9
G1 F1500 X206.4 Y226.9 E2969.40722
G1 X206.4 Y213.1 E2969.68261
G1 X205.6 Y213.1 E2969.69858
G1 X205.6 Y226.9 E2969.97397
G0 F9000 X205.2 Y227.3
;TYPE:WALL-OUTER
G1 F1500 X206.8 Y227.3 E2970.0059
G1 X206.8 Y212.7 E2970.29726
G1 X205.2 Y212.7 E2970.32919
G1 X205.2 Y227.3 E2970.62055
G1 F2700 E2965.62055
G0 F9000 X205.48 Y227.02
G0 X206.57 Y226.5
G0 X207.665 Y226.5
G0 X214.835 Y226.5
G0 X215.93 Y226.5
G0 X216.5 Y226.5
;TYPE:WALL-INNER
G1 F2700 E2970.62055
G1 F1500 X216.5 Y213.5 E2970.87998
G0 F9000 X216.38 Y226.62
G0 X216.1 Y226.9
G1 F1500 X216.9 Y226.9 E2970.89594
G1 X216.9 Y213.1 E2971.17134
G1 X216.1 Y213.1 E2971.1873
G1 X216.1 Y226.9 E2971.46269
G0 F9000 X215.7 Y227.3
;TYPE:WALL-OUTER
G1 F1500 X217.3 Y227.3 E2971.49462
G1 X217.3 Y212.7 E2971.78598
G1 X215.7 Y212.7 E2971.81791
G1 X215.7 Y227.3 E2972.10927
G1 F2700 E2967.10927
G0 F9000 X215.98 Y227.02
G0 X217.07 Y226.5
G0 X218.165 Y226.5
G0 X219.335 Y226.5
G0 X220.43 Y226.5
G0 X221 Y226.5
;TYPE:WALL-INNER
G1 F2700 E2972.10927
G1 F1500 X221 Y213.5 E2972.3687
G0 F9000 X220.88 Y226.62
G0 X220.6 Y226.9
G1 F1500 X221.4 Y226.9 E2972.38467
G1 X221.4 Y213.1 E2972.66006
G1 X220.6 Y213.1 E2972.67602
G1 X220.6 Y226.9 E2972.95142
G0 F9000 X220.2 Y227.3
;TYPE:WALL-OUTER
G1 F1500 X221.8 Y227.3 E2972.98335
G1 X221.8 Y212.7 E2973.27471
G1 X220.2 Y212.7 E2973.30664
G1 X220.2 Y227.3 E2973.59799
G1 F2700 E2968.59799
G0 F9000 X220.48 Y227.02
G0 X221.57 Y226.5
G0 X222.665 Y226.5
G0 X229.835 Y226.5
G0 X230.93 Y226.5
G0 X231.5 Y226.5
;TYPE:WALL-INNER
G1 F2700 E2973.59799
G1 F1500 X231.5 Y213.5 E2973.85742
G0 F9000 X231.38 Y226.62
G0 X231.1 Y226.9
G1 F1500 X231.9 Y226.9 E2973.87339
G1 X231.9 Y213.1 E2974.14878
G1 X231.1 Y213.1 E2974.16475
G1 X231.1 Y226.9 E2974.44014
G0 F9000 X230.7 Y227.3
;TYPE:WALL-OUTER
G1 F1500 X232.3 Y227.3 E2974.47207
G1 X232.3 Y212.7 E2974.76343
G1 X230.7 Y212.7 E2974.79536
G1 X230.7 Y227.3 E2975.08672
G1 F2700 E2970.08672
G0 F9000 X230.98 Y227.02
G0 X232.07 Y226.475
G0 X233.165 Y226.475
G0 X234.335 Y226.475
G0 X235.43 Y226.475
G0 X236.025 Y226.475
;TYPE:WALL-INNER
G1 F2700 E2975.08672
G1 F1333.3 X236.475 Y226.475 E2975.09682
G1 X236.475 Y213.525 E2975.38756
G1 X236.025 Y213.525 E2975.39766
G1 X236.025 Y226.475 E2975.68839
G0 F9000 X235.6 Y226.9
G1 F1500 X236.9 Y226.9 E2975.71434
G1 X236.9 Y213.1 E2975.98973
G1 X235.6 Y213.1 E2976.01567
G1 X235.6 Y226.9 E2976.29107
G0 F9000 X235.2 Y227.3
;TYPE:WALL-OUTER
G1 F1500 X237.3 Y227.3 E2976.33298
G1 X237.3 Y212.7 E2976.62433
G1 X235.2 Y212.7 E2976.66624
G1 X235.2 Y227.3 E2976.9576
G0 F9000 X236.092 Y226.29
G1 F2700 E2971.9576
;MESH:NONMESH
G0 F300 X236.092 Y226.29 Z9.48
G0 F9000 X235.43 Y213.5
G0 X234.335 Y213.5
G0 X233.153 Y211.847
G0 X129.347 Y211.847
G0 X128.165 Y213.5
G0 X127.07 Y213.5
G0 X126.5 Y213.5
;TIME_ELAPSED:7569.911954
;LAYER:78
;TYPE:WALL-INNER
;MESH:BusConnAssyAid.stl
G1 F2700 E2976.9576
G1 F1500 X126.5 Y226.5 E2977.21703
G0 F9000 X126.1 Y226.9
G1 F1500 X126.9 Y226.9 E2977.233
G1 X126.9 Y213.1 E2977.50839
G1 X126.1 Y213.1 E2977.52435
G1 X126.1 Y226.9 E2977.79975
G0 F9000 X125.7 Y227.3
;TYPE:WALL-OUTER
G1 F1500 X127.3 Y227.3 E2977.83168
G1 X127.3 Y212.7 E2978.12304
G1 X125.7 Y212.7 E2978.15497
G1 X125.7 Y227.3 E2978.44632
G1 F2700 E2973.44632
G0 F9000 X125.98 Y227.02
G0 X127.07 Y226.5
G0 X128.165 Y226.5
G0 X129.335 Y226.5
G0 X130.43 Y226.5
G0 X131 Y226.5
;TYPE:WALL-INNER
G1 F2700 E2978.44632
G1 F1500 X131 Y213.5 E2978.70575
G0 F9000 X130.88 Y226.62
G0 X130.6 Y226.9
G1 F1500 X131.4 Y226.9 E2978.72172
G1 X131.4 Y213.1 E2978.99711
G1 X130.6 Y213.1 E2979.01308
G1 X130.6 Y226.9 E2979.28847
G0 F9000 X130.2 Y227.3
;TYPE:WALL-OUTER
G1 F1500 X131.8 Y227.3 E2979.3204
G1 X131.8 Y212.7 E2979.61176
G1 X130.2 Y212.7 E2979.64369
G1 X130.2 Y227.3 E2979.93505
G1 F2700 E2974.93505
G0 F9000 X130.48 Y227.02
G0 X131.57 Y226.5
G0 X132.665 Y226.5
G0 X139.835 Y226.5
G0 X140.93 Y226.5
G0 X141.5 Y226.5
;TYPE:WALL-INNER
G1 F2700 E2979.93505
G1 F1500 X141.5 Y213.5 E2980.19448
G0 F9000 X141.38 Y226.62
G0 X141.1 Y226.9
G1 F1500 X141.9 Y226.9 E2980.21044
G1 X141.9 Y213.1 E2980.48584
G1 X141.1 Y213.1 E2980.5018
G1 X141.1 Y226.9 E2980.7772
G0 F9000 X140.7 Y227.3
;TYPE:WALL-OUTER
G1 F1500 X142.3 Y227.3 E2980.80912
G1 X142.3 Y212.7 E2981.10048
G1 X140.7 Y212.7 E2981.13241
G1 X140.7 Y227.3 E2981.42377
G1 F2700 E2976.42377
G0 F9000 X140.98 Y227.02
G0 X142.07 Y226.5
G0 X143.165 Y226.5
G0 X144.335 Y226.5
G0 X145.43 Y226.5
G0 X146 Y226.5
;TYPE:WALL-INNER
G1 F2700 E2981.42377
G1 F1500 X146 Y213.5 E2981.6832
G0 F9000 X145.88 Y226.62
G0 X145.6 Y226.9
G1 F1500 X146.4 Y226.9 E2981.69917
G1 X146.4 Y213.1 E2981.97456
G1 X145.6 Y213.1 E2981.99052
G1 X145.6 Y226.9 E2982.26592
G0 F9000 X145.2 Y227.3
;TYPE:WALL-OUTER
G1 F1500 X146.8 Y227.3 E2982.29785
G1 X146.8 Y212.7 E2982.58921
G1 X145.2 Y212.7 E2982.62114
G1 X145.2 Y227.3 E2982.9125
G1 F2700 E2977.9125
G0 F9000 X145.48 Y227.02
G0 X146.57 Y226.5
G0 X147.665 Y226.5
G0 X154.835 Y226.5
G0 X155.93 Y226.5
G0 X156.5 Y226.5
;TYPE:WALL-INNER
G1 F2700 E2982.9125
G1 F1500 X156.5 Y213.5 E2983.17192
G0 F9000 X156.38 Y226.62
G0 X156.1 Y226.9
G1 F1500 X156.9 Y226.9 E2983.18789
G1 X156.9 Y213.1 E2983.46328
G1 X156.1 Y213.1 E2983.47925
G1 X156.1 Y226.9 E2983.75464
G0 F9000 X155.7 Y227.3
;TYPE:WALL-OUTER
G1 F1500 X157.3 Y227.3 E2983.78657
G1 X157.3 Y212.7 E2984.07793
G1 X155.7 Y212.7 E2984.10986
G1 X155.7 Y227.3 E2984.40122
G1 F2700 E2979.40122
G0 F9000 X155.98 Y227.02
G0 X157.07 Y226.5
G0 X158.165 Y226.5
G0 X159.335 Y226.5
G0 X160.43 Y226.5
G0 X161 Y226.5
;TYPE:WALL-INNER
G1 F2700 E2984.40122
G1 F1500 X161 Y213.5 E2984.66065
G0 F9000 X160.88 Y226.62
G0 X160.6 Y226.9
G1 F1500 X161.4 Y226.9 E2984.67661
G1 X161.4 Y213.1 E2984.95201
G1 X160.6 Y213.1 E2984.96797
G1 X160.6 Y226.9 E2985.24337
G0 F9000 X160.2 Y227.3
;TYPE:WALL-OUTER
G1 F1500 X161.8 Y227.3 E2985.2753
G1 X161.8 Y212.7 E2985.56665
G1 X160.2 Y212.7 E2985.59858
G1 X160.2 Y227.3 E2985.88994
G1 F2700 E2980.88994
G0 F9000 X160.48 Y227.02
G0 X161.57 Y226.5
G0 X162.665 Y226.5
G0 X169.835 Y226.5
G0 X170.93 Y226.5
G0 X171.5 Y226.5
;TYPE:WALL-INNER
G1 F2700 E2985.88994
G1 F1500 X171.5 Y213.5 E2986.14937
G0 F9000 X171.38 Y226.62
G0 X171.1 Y226.9
G1 F1500 X171.9 Y226.9 E2986.16534
G1 X171.9 Y213.1 E2986.44073
G1 X171.1 Y213.1 E2986.4567
G1 X171.1 Y226.9 E2986.73209
G0 F9000 X170.7 Y227.3
;TYPE:WALL-OUTER
G1 F1500 X172.3 Y227.3 E2986.76402
G1 X172.3 Y212.7 E2987.05538
G1 X170.7 Y212.7 E2987.08731
G1 X170.7 Y227.3 E2987.37867
G1 F2700 E2982.37867
G0 F9000 X170.98 Y227.02
G0 X172.07 Y226.5
G0 X173.165 Y226.5
G0 X174.335 Y226.5
G0 X175.43 Y226.5
G0 X176 Y226.5
;TYPE:WALL-INNER
G1 F2700 E2987.37867
G1 F1500 X176 Y213.5 E2987.6381
G0 F9000 X175.88 Y226.62
G0 X175.6 Y226.9
G1 F1500 X176.4 Y226.9 E2987.65406
G1 X176.4 Y213.1 E2987.92945
G1 X175.6 Y213.1 E2987.94542
G1 X175.6 Y226.9 E2988.22081
G0 F9000 X175.2 Y227.3
;TYPE:WALL-OUTER
G1 F1500 X176.8 Y227.3 E2988.25274
G1 X176.8 Y212.7 E2988.5441
G1 X175.2 Y212.7 E2988.57603
G1 X175.2 Y227.3 E2988.86739
G1 F2700 E2983.86739
G0 F9000 X175.48 Y227.02
G0 X176.57 Y226.5
G0 X177.665 Y226.5
G0 X184.835 Y226.5
G0 X185.93 Y226.5
G0 X186.5 Y226.5
;TYPE:WALL-INNER
G1 F2700 E2988.86739
G1 F1500 X186.5 Y213.5 E2989.12682
G0 F9000 X186.38 Y226.62
G0 X186.1 Y226.9
G1 F1500 X186.9 Y226.9 E2989.14278
G1 X186.9 Y213.1 E2989.41818
G1 X186.1 Y213.1 E2989.43414
G1 X186.1 Y226.9 E2989.70954
G0 F9000 X185.7 Y227.3
;TYPE:WALL-OUTER
G1 F1500 X187.3 Y227.3 E2989.74147
G1 X187.3 Y212.7 E2990.03283
G1 X185.7 Y212.7 E2990.06476
G1 X185.7 Y227.3 E2990.35611
G1 F2700 E2985.35611
G0 F9000 X185.98 Y227.02
G0 X187.07 Y226.5
G0 X188.165 Y226.5
G0 X189.335 Y226.5
G0 X190.43 Y226.5
G0 X191 Y226.5
;TYPE:WALL-INNER
G1 F2700 E2990.35611
G1 F1500 X191 Y213.5 E2990.61554
G0 F9000 X190.88 Y226.62
G0 X190.6 Y226.9
G1 F1500 X191.4 Y226.9 E2990.63151
G1 X191.4 Y213.1 E2990.9069
G1 X190.6 Y213.1 E2990.92287
G1 X190.6 Y226.9 E2991.19826
G0 F9000 X190.2 Y227.3
;TYPE:WALL-OUTER
G1 F1500 X191.8 Y227.3 E2991.23019
G1 X191.8 Y212.7 E2991.52155
G1 X190.2 Y212.7 E2991.55348
G1 X190.2 Y227.3 E2991.84484
G1 F2700 E2986.84484
G0 F9000 X190.48 Y227.02
G0 X191.57 Y226.5
G0 X192.665 Y226.5
G0 X199.835 Y226.5
G0 X200.93 Y226.5
G0 X201.5 Y226.5
;TYPE:WALL-INNER
G1 F2700 E2991.84484
G1 F1500 X201.5 Y213.5 E2992.10427
G0 F9000 X201.38 Y226.62
G0 X201.1 Y226.9
G1 F1500 X201.9 Y226.9 E2992.12023
G1 X201.9 Y213.1 E2992.39563
G1 X201.1 Y213.1 E2992.41159
G1 X201.1 Y226.9 E2992.68698
G0 F9000 X200.7 Y227.3
;TYPE:WALL-OUTER
G1 F1500 X202.3 Y227.3 E2992.71891
G1 X202.3 Y212.7 E2993.01027
G1 X200.7 Y212.7 E2993.0422
G1 X200.7 Y227.3 E2993.33356
G1 F2700 E2988.33356
G0 F9000 X200.98 Y227.02
G0 X202.07 Y226.5
G0 X203.165 Y226.5
G0 X204.335 Y226.5
G0 X205.43 Y226.5
G0 X206 Y226.5
;TYPE:WALL-INNER
G1 F2700 E2993.33356
G1 F1500 X206 Y213.5 E2993.59299
G0 F9000 X205.88 Y226.62
G0 X205.6 Y226.9
G1 F1500 X206.4 Y226.9 E2993.60896
G1 X206.4 Y213.1 E2993.88435
G1 X205.6 Y213.1 E2993.90031
G1 X205.6 Y226.9 E2994.17571
G0 F9000 X205.2 Y227.3
;TYPE:WALL-OUTER
G1 F1500 X206.8 Y227.3 E2994.20764
G1 X206.8 Y212.7 E2994.499
G1 X205.2 Y212.7 E2994.53093
G1 X205.2 Y227.3 E2994.82228
G1 F2700 E2989.82228
G0 F9000 X205.48 Y227.02
G0 X206.57 Y226.5
G0 X207.665 Y226.5
G0 X214.835 Y226.5
G0 X215.93 Y226.5
G0 X216.5 Y226.5
;TYPE:WALL-INNER
G1 F2700 E2994.82228
G1 F1500 X216.5 Y213.5 E2995.08171
G0 F9000 X216.38 Y226.62
G0 X216.1 Y226.9
G1 F1500 X216.9 Y226.9 E2995.09768
G1 X216.9 Y213.1 E2995.37307
G1 X216.1 Y213.1 E2995.38904
G1 X216.1 Y226.9 E2995.66443
G0 F9000 X215.7 Y227.3
;TYPE:WALL-OUTER
G1 F1500 X217.3 Y227.3 E2995.69636
G1 X217.3 Y212.7 E2995.98772
G1 X215.7 Y212.7 E2996.01965
G1 X215.7 Y227.3 E2996.31101
G1 F2700 E2991.31101
G0 F9000 X215.98 Y227.02
G0 X217.07 Y226.5
G0 X218.165 Y226.5
G0 X219.335 Y226.5
G0 X220.43 Y226.5
G0 X221 Y226.5
;TYPE:WALL-INNER
G1 F2700 E2996.31101
G1 F1500 X221 Y213.5 E2996.57044
G0 F9000 X220.88 Y226.62
G0 X220.6 Y226.9
G1 F1500 X221.4 Y226.9 E2996.5864
G1 X221.4 Y213.1 E2996.8618
G1 X220.6 Y213.1 E2996.87776
G1 X220.6 Y226.9 E2997.15316
G0 F9000 X220.2 Y227.3
;TYPE:WALL-OUTER
G1 F1500 X221.8 Y227.3 E2997.18508
G1 X221.8 Y212.7 E2997.47644
G1 X220.2 Y212.7 E2997.50837
G1 X220.2 Y227.3 E2997.79973
G1 F2700 E2992.79973
G0 F9000 X220.48 Y227.02
G0 X221.57 Y226.5
G0 X222.665 Y226.5
G0 X229.835 Y226.5
G0 X230.93 Y226.5
G0 X231.5 Y226.5
;TYPE:WALL-INNER
G1 F2700 E2997.79973
G1 F1500 X231.5 Y213.5 E2998.05916
G0 F9000 X231.38 Y226.62
G0 X231.1 Y226.9
G1 F1500 X231.9 Y226.9 E2998.07513
G1 X231.9 Y213.1 E2998.35052
G1 X231.1 Y213.1 E2998.36648
G1 X231.1 Y226.9 E2998.64188
G0 F9000 X230.7 Y227.3
;TYPE:WALL-OUTER
G1 F1500 X232.3 Y227.3 E2998.67381
G1 X232.3 Y212.7 E2998.96517
G1 X230.7 Y212.7 E2998.9971
G1 X230.7 Y227.3 E2999.28846
G1 F2700 E2994.28846
G0 F9000 X230.98 Y227.02
G0 X232.07 Y226.475
G0 X233.165 Y226.475
G0 X234.335 Y226.475
G0 X235.43 Y226.475
G0 X236.025 Y226.475
;TYPE:WALL-INNER
G1 F2700 E2999.28846
G1 F1333.3 X236.475 Y226.475 E2999.29856
G1 X236.475 Y213.525 E2999.58929
G1 X236.025 Y213.525 E2999.5994
G1 X236.025 Y226.475 E2999.89013
G0 F9000 X235.6 Y226.9
G1 F1500 X236.9 Y226.9 E2999.91607
G1 X236.9 Y213.1 E3000.19147
G1 X235.6 Y213.1 E3000.21741
G1 X235.6 Y226.9 E3000.49281
G0 F9000 X235.2 Y227.3
;TYPE:WALL-OUTER
G1 F1500 X237.3 Y227.3 E3000.53471
G1 X237.3 Y212.7 E3000.82607
G1 X235.2 Y212.7 E3000.86798
G1 X235.2 Y227.3 E3001.15934
G0 F9000 X236.092 Y226.29
G1 F2700 E2996.15934
;MESH:NONMESH
G0 F300 X236.092 Y226.29 Z9.6
G0 F9000 X235.43 Y213.5
G0 X234.335 Y213.5
G0 X233.153 Y211.847
G0 X129.347 Y211.847
G0 X128.165 Y213.5
G0 X127.07 Y213.5
G0 X126.5 Y213.5
;TIME_ELAPSED:7639.202188
;LAYER:79
;TYPE:WALL-INNER
;MESH:BusConnAssyAid.stl
G1 F2700 E3001.15934
G1 F1500 X126.5 Y226.5 E3001.41877
G0 F9000 X126.1 Y226.9
G1 F1500 X126.9 Y226.9 E3001.43473
G1 X126.9 Y213.1 E3001.71013
G1 X126.1 Y213.1 E3001.72609
G1 X126.1 Y226.9 E3002.00149
G0 F9000 X125.7 Y227.3
;TYPE:WALL-OUTER
G1 F1500 X127.3 Y227.3 E3002.03341
G1 X127.3 Y212.7 E3002.32477
G1 X125.7 Y212.7 E3002.3567
G1 X125.7 Y227.3 E3002.64806
G1 F2700 E2997.64806
G0 F9000 X125.98 Y227.02
G0 X127.07 Y226.5
G0 X128.165 Y226.5
G0 X129.335 Y226.5
G0 X130.43 Y226.5
G0 X131 Y226.5
;TYPE:WALL-INNER
G1 F2700 E3002.64806
G1 F1500 X131 Y213.5 E3002.90749
G0 F9000 X130.88 Y226.62
G0 X130.6 Y226.9
G1 F1500 X131.4 Y226.9 E3002.92346
G1 X131.4 Y213.1 E3003.19885
G1 X130.6 Y213.1 E3003.21481
G1 X130.6 Y226.9 E3003.49021
G0 F9000 X130.2 Y227.3
;TYPE:WALL-OUTER
G1 F1500 X131.8 Y227.3 E3003.52214
G1 X131.8 Y212.7 E3003.8135
G1 X130.2 Y212.7 E3003.84543
G1 X130.2 Y227.3 E3004.13679
G1 F2700 E2999.13679
G0 F9000 X130.48 Y227.02
G0 X131.57 Y226.5
G0 X132.665 Y226.5
G0 X139.835 Y226.5
G0 X140.93 Y226.5
G0 X141.5 Y226.5
;TYPE:WALL-INNER
G1 F2700 E3004.13679
G1 F1500 X141.5 Y213.5 E3004.39621
G0 F9000 X141.38 Y226.62
G0 X141.1 Y226.9
G1 F1500 X141.9 Y226.9 E3004.41218
G1 X141.9 Y213.1 E3004.68757
G1 X141.1 Y213.1 E3004.70354
G1 X141.1 Y226.9 E3004.97893
G0 F9000 X140.7 Y227.3
;TYPE:WALL-OUTER
G1 F1500 X142.3 Y227.3 E3005.01086
G1 X142.3 Y212.7 E3005.30222
G1 X140.7 Y212.7 E3005.33415
G1 X140.7 Y227.3 E3005.62551
G1 F2700 E3000.62551
G0 F9000 X140.98 Y227.02
G0 X142.07 Y226.5
G0 X143.165 Y226.5
G0 X144.335 Y226.5
G0 X145.43 Y226.5
G0 X146 Y226.5
;TYPE:WALL-INNER
G1 F2700 E3005.62551
G1 F1500 X146 Y213.5 E3005.88494
G0 F9000 X145.88 Y226.62
G0 X145.6 Y226.9
G1 F1500 X146.4 Y226.9 E3005.9009
G1 X146.4 Y213.1 E3006.1763
G1 X145.6 Y213.1 E3006.19226
G1 X145.6 Y226.9 E3006.46766
G0 F9000 X145.2 Y227.3
;TYPE:WALL-OUTER
G1 F1500 X146.8 Y227.3 E3006.49959
G1 X146.8 Y212.7 E3006.79094
G1 X145.2 Y212.7 E3006.82287
G1 X145.2 Y227.3 E3007.11423
G1 F2700 E3002.11423
G0 F9000 X145.48 Y227.02
G0 X146.57 Y226.5
G0 X147.665 Y226.5
G0 X154.835 Y226.5
G0 X155.93 Y226.5
G0 X156.5 Y226.5
;TYPE:WALL-INNER
G1 F2700 E3007.11423
G1 F1500 X156.5 Y213.5 E3007.37366
G0 F9000 X156.38 Y226.62
G0 X156.1 Y226.9
G1 F1500 X156.9 Y226.9 E3007.38963
G1 X156.9 Y213.1 E3007.66502
G1 X156.1 Y213.1 E3007.68099
G1 X156.1 Y226.9 E3007.95638
G0 F9000 X155.7 Y227.3
;TYPE:WALL-OUTER
G1 F1500 X157.3 Y227.3 E3007.98831
G1 X157.3 Y212.7 E3008.27967
G1 X155.7 Y212.7 E3008.3116
G1 X155.7 Y227.3 E3008.60296
G1 F2700 E3003.60296
G0 F9000 X155.98 Y227.02
G0 X157.07 Y226.5
G0 X158.165 Y226.5
G0 X159.335 Y226.5
G0 X160.43 Y226.5
G0 X161 Y226.5
;TYPE:WALL-INNER
G1 F2700 E3008.60296
G1 F1500 X161 Y213.5 E3008.86239
G0 F9000 X160.88 Y226.62
G0 X160.6 Y226.9
G1 F1500 X161.4 Y226.9 E3008.87835
G1 X161.4 Y213.1 E3009.15374
G1 X160.6 Y213.1 E3009.16971
G1 X160.6 Y226.9 E3009.4451
G0 F9000 X160.2 Y227.3
;TYPE:WALL-OUTER
G1 F1500 X161.8 Y227.3 E3009.47703
G1 X161.8 Y212.7 E3009.76839
G1 X160.2 Y212.7 E3009.80032
G1 X160.2 Y227.3 E3010.09168
G1 F2700 E3005.09168
G0 F9000 X160.48 Y227.02
G0 X161.57 Y226.5
G0 X162.665 Y226.5
G0 X169.835 Y226.5
G0 X170.93 Y226.5
G0 X171.5 Y226.5
;TYPE:WALL-INNER
G1 F2700 E3010.09168
G1 F1500 X171.5 Y213.5 E3010.35111
G0 F9000 X171.38 Y226.62
G0 X171.1 Y226.9
G1 F1500 X171.9 Y226.9 E3010.36707
G1 X171.9 Y213.1 E3010.64247
G1 X171.1 Y213.1 E3010.65843
G1 X171.1 Y226.9 E3010.93383
G0 F9000 X170.7 Y227.3
;TYPE:WALL-OUTER
G1 F1500 X172.3 Y227.3 E3010.96576
G1 X172.3 Y212.7 E3011.25712
G1 X170.7 Y212.7 E3011.28905
G1 X170.7 Y227.3 E3011.5804
G1 F2700 E3006.5804
G0 F9000 X170.98 Y227.02
G0 X172.07 Y226.5
G0 X173.165 Y226.5
G0 X174.335 Y226.5
G0 X175.43 Y226.5
G0 X176 Y226.5
;TYPE:WALL-INNER
G1 F2700 E3011.5804
G1 F1500 X176 Y213.5 E3011.83983
G0 F9000 X175.88 Y226.62
G0 X175.6 Y226.9
G1 F1500 X176.4 Y226.9 E3011.8558
G1 X176.4 Y213.1 E3012.13119
G1 X175.6 Y213.1 E3012.14716
G1 X175.6 Y226.9 E3012.42255
G0 F9000 X175.2 Y227.3
;TYPE:WALL-OUTER
G1 F1500 X176.8 Y227.3 E3012.45448
G1 X176.8 Y212.7 E3012.74584
G1 X175.2 Y212.7 E3012.77777
G1 X175.2 Y227.3 E3013.06913
G1 F2700 E3008.06913
G0 F9000 X175.48 Y227.02
G0 X176.57 Y226.5
G0 X177.665 Y226.5
G0 X184.835 Y226.5
G0 X185.93 Y226.5
G0 X186.5 Y226.5
;TYPE:WALL-INNER
G1 F2700 E3013.06913
G1 F1500 X186.5 Y213.5 E3013.32856
G0 F9000 X186.38 Y226.62
G0 X186.1 Y226.9
G1 F1500 X186.9 Y226.9 E3013.34452
G1 X186.9 Y213.1 E3013.61992
G1 X186.1 Y213.1 E3013.63588
G1 X186.1 Y226.9 E3013.91127
G0 F9000 X185.7 Y227.3
;TYPE:WALL-OUTER
G1 F1500 X187.3 Y227.3 E3013.9432
G1 X187.3 Y212.7 E3014.23456
G1 X185.7 Y212.7 E3014.26649
G1 X185.7 Y227.3 E3014.55785
G1 F2700 E3009.55785
G0 F9000 X185.98 Y227.02
G0 X187.07 Y226.5
G0 X188.165 Y226.5
G0 X189.335 Y226.5
G0 X190.43 Y226.5
G0 X191 Y226.5
;TYPE:WALL-INNER
G1 F2700 E3014.55785
G1 F1500 X191 Y213.5 E3014.81728
G0 F9000 X190.88 Y226.62
G0 X190.6 Y226.9
G1 F1500 X191.4 Y226.9 E3014.83325
G1 X191.4 Y213.1 E3015.10864
G1 X190.6 Y213.1 E3015.1246
G1 X190.6 Y226.9 E3015.4
G0 F9000 X190.2 Y227.3
;TYPE:WALL-OUTER
G1 F1500 X191.8 Y227.3 E3015.43193
G1 X191.8 Y212.7 E3015.72329
G1 X190.2 Y212.7 E3015.75522
G1 X190.2 Y227.3 E3016.04657
G1 F2700 E3011.04657
G0 F9000 X190.48 Y227.02
G0 X191.57 Y226.5
G0 X192.665 Y226.5
G0 X199.835 Y226.5
G0 X200.93 Y226.5
G0 X201.5 Y226.5
;TYPE:WALL-INNER
G1 F2700 E3016.04657
G1 F1500 X201.5 Y213.5 E3016.306
G0 F9000 X201.38 Y226.62
G0 X201.1 Y226.9
G1 F1500 X201.9 Y226.9 E3016.32197
G1 X201.9 Y213.1 E3016.59736
G1 X201.1 Y213.1 E3016.61333
G1 X201.1 Y226.9 E3016.88872
G0 F9000 X200.7 Y227.3
;TYPE:WALL-OUTER
G1 F1500 X202.3 Y227.3 E3016.92065
G1 X202.3 Y212.7 E3017.21201
G1 X200.7 Y212.7 E3017.24394
G1 X200.7 Y227.3 E3017.5353
G1 F2700 E3012.5353
G0 F9000 X200.98 Y227.02
G0 X202.07 Y226.5
G0 X203.165 Y226.5
G0 X204.335 Y226.5
G0 X205.43 Y226.5
G0 X206 Y226.5
;TYPE:WALL-INNER
G1 F2700 E3017.5353
G1 F1500 X206 Y213.5 E3017.79473
G0 F9000 X205.88 Y226.62
G0 X205.6 Y226.9
G1 F1500 X206.4 Y226.9 E3017.81069
G1 X206.4 Y213.1 E3018.08609
G1 X205.6 Y213.1 E3018.10205
G1 X205.6 Y226.9 E3018.37745
G0 F9000 X205.2 Y227.3
;TYPE:WALL-OUTER
G1 F1500 X206.8 Y227.3 E3018.40937
G1 X206.8 Y212.7 E3018.70073
G1 X205.2 Y212.7 E3018.73266
G1 X205.2 Y227.3 E3019.02402
G1 F2700 E3014.02402
G0 F9000 X205.48 Y227.02
G0 X206.57 Y226.5
G0 X207.665 Y226.5
G0 X214.835 Y226.5
G0 X215.93 Y226.5
G0 X216.5 Y226.5
;TYPE:WALL-INNER
G1 F2700 E3019.02402
G1 F1500 X216.5 Y213.5 E3019.28345
G0 F9000 X216.38 Y226.62
G0 X216.1 Y226.9
G1 F1500 X216.9 Y226.9 E3019.29942
G1 X216.9 Y213.1 E3019.57481
G1 X216.1 Y213.1 E3019.59077
G1 X216.1 Y226.9 E3019.86617
G0 F9000 X215.7 Y227.3
;TYPE:WALL-OUTER
G1 F1500 X217.3 Y227.3 E3019.8981
G1 X217.3 Y212.7 E3020.18946
G1 X215.7 Y212.7 E3020.22139
G1 X215.7 Y227.3 E3020.51275
G1 F2700 E3015.51275
G0 F9000 X215.98 Y227.02
G0 X217.07 Y226.5
G0 X218.165 Y226.5
G0 X219.335 Y226.5
G0 X220.43 Y226.5
G0 X221 Y226.5
;TYPE:WALL-INNER
G1 F2700 E3020.51275
G1 F1500 X221 Y213.5 E3020.77217
G0 F9000 X220.88 Y226.62
G0 X220.6 Y226.9
G1 F1500 X221.4 Y226.9 E3020.78814
G1 X221.4 Y213.1 E3021.06353
G1 X220.6 Y213.1 E3021.0795
G1 X220.6 Y226.9 E3021.35489
G0 F9000 X220.2 Y227.3
;TYPE:WALL-OUTER
G1 F1500 X221.8 Y227.3 E3021.38682
G1 X221.8 Y212.7 E3021.67818
G1 X220.2 Y212.7 E3021.71011
G1 X220.2 Y227.3 E3022.00147
G1 F2700 E3017.00147
G0 F9000 X220.48 Y227.02
G0 X221.57 Y226.5
G0 X222.665 Y226.5
G0 X229.835 Y226.5
G0 X230.93 Y226.5
G0 X231.5 Y226.5
;TYPE:WALL-INNER
G1 F2700 E3022.00147
G1 F1500 X231.5 Y213.5 E3022.2609
G0 F9000 X231.38 Y226.62
G0 X231.1 Y226.9
G1 F1500 X231.9 Y226.9 E3022.27686
G1 X231.9 Y213.1 E3022.55226
G1 X231.1 Y213.1 E3022.56822
G1 X231.1 Y226.9 E3022.84362
G0 F9000 X230.7 Y227.3
;TYPE:WALL-OUTER
G1 F1500 X232.3 Y227.3 E3022.87555
G1 X232.3 Y212.7 E3023.1669
G1 X230.7 Y212.7 E3023.19883
G1 X230.7 Y227.3 E3023.49019
G1 F2700 E3018.49019
G0 F9000 X230.98 Y227.02
G0 X232.07 Y226.475
G0 X233.165 Y226.475
G0 X234.335 Y226.475
G0 X235.43 Y226.475
G0 X236.025 Y226.475
;TYPE:WALL-INNER
G1 F2700 E3023.49019
G1 F1333.3 X236.475 Y226.475 E3023.5003
G1 X236.475 Y213.525 E3023.79103
G1 X236.025 Y213.525 E3023.80113
G1 X236.025 Y226.475 E3024.09187
G0 F9000 X235.6 Y226.9
G1 F1500 X236.9 Y226.9 E3024.11781
G1 X236.9 Y213.1 E3024.39321
G1 X235.6 Y213.1 E3024.41915
G1 X235.6 Y226.9 E3024.69454
G0 F9000 X235.2 Y227.3
;TYPE:WALL-OUTER
G1 F1500 X237.3 Y227.3 E3024.73645
G1 X237.3 Y212.7 E3025.02781
G1 X235.2 Y212.7 E3025.06972
G1 X235.2 Y227.3 E3025.36108
G0 F9000 X236.092 Y226.29
G1 F2700 E3020.36108
;MESH:NONMESH
G0 F300 X236.092 Y226.29 Z9.72
G0 F9000 X235.43 Y213.5
G0 X234.335 Y213.5
G0 X233.153 Y211.847
G0 X129.347 Y211.847
G0 X128.165 Y213.5
G0 X127.07 Y213.5
G0 X126.5 Y213.5
;TIME_ELAPSED:7708.492422
;LAYER:80
;TYPE:WALL-INNER
;MESH:BusConnAssyAid.stl
G1 F2700 E3025.36108
G1 F1500 X126.5 Y226.5 E3025.6205
G0 F9000 X126.1 Y226.9
G1 F1500 X126.9 Y226.9 E3025.63647
G1 X126.9 Y213.1 E3025.91186
G1 X126.1 Y213.1 E3025.92783
G1 X126.1 Y226.9 E3026.20322
G0 F9000 X125.7 Y227.3
;TYPE:WALL-OUTER
G1 F1500 X127.3 Y227.3 E3026.23515
G1 X127.3 Y212.7 E3026.52651
G1 X125.7 Y212.7 E3026.55844
G1 X125.7 Y227.3 E3026.8498
G1 F2700 E3021.8498
G0 F9000 X125.98 Y227.02
G0 X127.07 Y226.5
G0 X128.165 Y226.5
G0 X129.335 Y226.5
G0 X130.43 Y226.5
G0 X131 Y226.5
;TYPE:WALL-INNER
G1 F2700 E3026.8498
G1 F1500 X131 Y213.5 E3027.10923
G0 F9000 X130.88 Y226.62
G0 X130.6 Y226.9
G1 F1500 X131.4 Y226.9 E3027.12519
G1 X131.4 Y213.1 E3027.40059
G1 X130.6 Y213.1 E3027.41655
G1 X130.6 Y226.9 E3027.69195
G0 F9000 X130.2 Y227.3
;TYPE:WALL-OUTER
G1 F1500 X131.8 Y227.3 E3027.72388
G1 X131.8 Y212.7 E3028.01523
G1 X130.2 Y212.7 E3028.04716
G1 X130.2 Y227.3 E3028.33852
G1 F2700 E3023.33852
G0 F9000 X130.48 Y227.02
G0 X131.57 Y226.5
G0 X132.665 Y226.5
G0 X139.835 Y226.5
G0 X140.93 Y226.5
G0 X141.5 Y226.5
;TYPE:WALL-INNER
G1 F2700 E3028.33852
G1 F1500 X141.5 Y213.5 E3028.59795
G0 F9000 X141.38 Y226.62
G0 X141.1 Y226.9
G1 F1500 X141.9 Y226.9 E3028.61392
G1 X141.9 Y213.1 E3028.88931
G1 X141.1 Y213.1 E3028.90528
G1 X141.1 Y226.9 E3029.18067
G0 F9000 X140.7 Y227.3
;TYPE:WALL-OUTER
G1 F1500 X142.3 Y227.3 E3029.2126
G1 X142.3 Y212.7 E3029.50396
G1 X140.7 Y212.7 E3029.53589
G1 X140.7 Y227.3 E3029.82725
G1 F2700 E3024.82725
G0 F9000 X140.98 Y227.02
G0 X142.07 Y226.5
G0 X143.165 Y226.5
G0 X144.335 Y226.5
G0 X145.43 Y226.5
G0 X146 Y226.5
;TYPE:WALL-INNER
G1 F2700 E3029.82725
G1 F1500 X146 Y213.5 E3030.08668
G0 F9000 X145.88 Y226.62
G0 X145.6 Y226.9
G1 F1500 X146.4 Y226.9 E3030.10264
G1 X146.4 Y213.1 E3030.37803
G1 X145.6 Y213.1 E3030.394
G1 X145.6 Y226.9 E3030.66939
G0 F9000 X145.2 Y227.3
;TYPE:WALL-OUTER
G1 F1500 X146.8 Y227.3 E3030.70132
G1 X146.8 Y212.7 E3030.99268
G1 X145.2 Y212.7 E3031.02461
G1 X145.2 Y227.3 E3031.31597
G1 F2700 E3026.31597
G0 F9000 X145.48 Y227.02
G0 X146.57 Y226.5
G0 X147.665 Y226.5
G0 X154.835 Y226.5
G0 X155.93 Y226.5
G0 X156.5 Y226.5
;TYPE:WALL-INNER
G1 F2700 E3031.31597
G1 F1500 X156.5 Y213.5 E3031.5754
G0 F9000 X156.38 Y226.62
G0 X156.1 Y226.9
G1 F1500 X156.9 Y226.9 E3031.59136
G1 X156.9 Y213.1 E3031.86676
G1 X156.1 Y213.1 E3031.88272
G1 X156.1 Y226.9 E3032.15812
G0 F9000 X155.7 Y227.3
;TYPE:WALL-OUTER
G1 F1500 X157.3 Y227.3 E3032.19005
G1 X157.3 Y212.7 E3032.48141
G1 X155.7 Y212.7 E3032.51334
G1 X155.7 Y227.3 E3032.80469
G1 F2700 E3027.80469
G0 F9000 X155.98 Y227.02
G0 X157.07 Y226.5
G0 X158.165 Y226.5
G0 X159.335 Y226.5
G0 X160.43 Y226.5
G0 X161 Y226.5
;TYPE:WALL-INNER
G1 F2700 E3032.80469
G1 F1500 X161 Y213.5 E3033.06412
G0 F9000 X160.88 Y226.62
G0 X160.6 Y226.9
G1 F1500 X161.4 Y226.9 E3033.08009
G1 X161.4 Y213.1 E3033.35548
G1 X160.6 Y213.1 E3033.37145
G1 X160.6 Y226.9 E3033.64684
G0 F9000 X160.2 Y227.3
;TYPE:WALL-OUTER
G1 F1500 X161.8 Y227.3 E3033.67877
G1 X161.8 Y212.7 E3033.97013
G1 X160.2 Y212.7 E3034.00206
G1 X160.2 Y227.3 E3034.29342
G1 F2700 E3029.29342
G0 F9000 X160.48 Y227.02
G0 X161.57 Y226.5
G0 X162.665 Y226.5
G0 X169.835 Y226.5
G0 X170.93 Y226.5
G0 X171.5 Y226.5
;TYPE:WALL-INNER
G1 F2700 E3034.29342
G1 F1500 X171.5 Y213.5 E3034.55285
G0 F9000 X171.38 Y226.62
G0 X171.1 Y226.9
G1 F1500 X171.9 Y226.9 E3034.56881
G1 X171.9 Y213.1 E3034.84421
G1 X171.1 Y213.1 E3034.86017
G1 X171.1 Y226.9 E3035.13556
G0 F9000 X170.7 Y227.3
;TYPE:WALL-OUTER
G1 F1500 X172.3 Y227.3 E3035.16749
G1 X172.3 Y212.7 E3035.45885
G1 X170.7 Y212.7 E3035.49078
G1 X170.7 Y227.3 E3035.78214
G1 F2700 E3030.78214
G0 F9000 X170.98 Y227.02
G0 X172.07 Y226.5
G0 X173.165 Y226.5
G0 X174.335 Y226.5
G0 X175.43 Y226.5
G0 X176 Y226.5
;TYPE:WALL-INNER
G1 F2700 E3035.78214
G1 F1500 X176 Y213.5 E3036.04157
G0 F9000 X175.88 Y226.62
G0 X175.6 Y226.9
G1 F1500 X176.4 Y226.9 E3036.05754
G1 X176.4 Y213.1 E3036.33293
G1 X175.6 Y213.1 E3036.34889
G1 X175.6 Y226.9 E3036.62429
G0 F9000 X175.2 Y227.3
;TYPE:WALL-OUTER
G1 F1500 X176.8 Y227.3 E3036.65622
G1 X176.8 Y212.7 E3036.94758
G1 X175.2 Y212.7 E3036.97951
G1 X175.2 Y227.3 E3037.27086
G1 F2700 E3032.27086
G0 F9000 X175.48 Y227.02
G0 X176.57 Y226.5
G0 X177.665 Y226.5
G0 X184.835 Y226.5
G0 X185.93 Y226.5
G0 X186.5 Y226.5
;TYPE:WALL-INNER
G1 F2700 E3037.27086
G1 F1500 X186.5 Y213.5 E3037.53029
G0 F9000 X186.38 Y226.62
G0 X186.1 Y226.9
G1 F1500 X186.9 Y226.9 E3037.54626
G1 X186.9 Y213.1 E3037.82165
G1 X186.1 Y213.1 E3037.83762
G1 X186.1 Y226.9 E3038.11301
G0 F9000 X185.7 Y227.3
;TYPE:WALL-OUTER
G1 F1500 X187.3 Y227.3 E3038.14494
G1 X187.3 Y212.7 E3038.4363
G1 X185.7 Y212.7 E3038.46823
G1 X185.7 Y227.3 E3038.75959
G1 F2700 E3033.75959
G0 F9000 X185.98 Y227.02
G0 X187.07 Y226.5
G0 X188.165 Y226.5
G0 X189.335 Y226.5
G0 X190.43 Y226.5
G0 X191 Y226.5
;TYPE:WALL-INNER
G1 F2700 E3038.75959
G1 F1500 X191 Y213.5 E3039.01902
G0 F9000 X190.88 Y226.62
G0 X190.6 Y226.9
G1 F1500 X191.4 Y226.9 E3039.03498
G1 X191.4 Y213.1 E3039.31038
G1 X190.6 Y213.1 E3039.32634
G1 X190.6 Y226.9 E3039.60174
G0 F9000 X190.2 Y227.3
;TYPE:WALL-OUTER
G1 F1500 X191.8 Y227.3 E3039.63366
G1 X191.8 Y212.7 E3039.92502
G1 X190.2 Y212.7 E3039.95695
G1 X190.2 Y227.3 E3040.24831
G1 F2700 E3035.24831
G0 F9000 X190.48 Y227.02
G0 X191.57 Y226.5
G0 X192.665 Y226.5
G0 X199.835 Y226.5
G0 X200.93 Y226.5
G0 X201.5 Y226.5
;TYPE:WALL-INNER
G1 F2700 E3040.24831
G1 F1500 X201.5 Y213.5 E3040.50774
G0 F9000 X201.38 Y226.62
G0 X201.1 Y226.9
G1 F1500 X201.9 Y226.9 E3040.52371
G1 X201.9 Y213.1 E3040.7991
G1 X201.1 Y213.1 E3040.81506
G1 X201.1 Y226.9 E3041.09046
G0 F9000 X200.7 Y227.3
;TYPE:WALL-OUTER
G1 F1500 X202.3 Y227.3 E3041.12239
G1 X202.3 Y212.7 E3041.41375
G1 X200.7 Y212.7 E3041.44568
G1 X200.7 Y227.3 E3041.73704
G1 F2700 E3036.73704
G0 F9000 X200.98 Y227.02
G0 X202.07 Y226.5
G0 X203.165 Y226.5
G0 X204.335 Y226.5
G0 X205.43 Y226.5
G0 X206 Y226.5
;TYPE:WALL-INNER
G1 F2700 E3041.73704
G1 F1500 X206 Y213.5 E3041.99646
G0 F9000 X205.88 Y226.62
G0 X205.6 Y226.9
G1 F1500 X206.4 Y226.9 E3042.01243
G1 X206.4 Y213.1 E3042.28782
G1 X205.6 Y213.1 E3042.30379
G1 X205.6 Y226.9 E3042.57918
G0 F9000 X205.2 Y227.3
;TYPE:WALL-OUTER
G1 F1500 X206.8 Y227.3 E3042.61111
G1 X206.8 Y212.7 E3042.90247
G1 X205.2 Y212.7 E3042.9344
G1 X205.2 Y227.3 E3043.22576
G1 F2700 E3038.22576
G0 F9000 X205.48 Y227.02
G0 X206.57 Y226.5
G0 X207.665 Y226.5
G0 X214.835 Y226.5
G0 X215.93 Y226.5
G0 X216.5 Y226.5
;TYPE:WALL-INNER
G1 F2700 E3043.22576
G1 F1500 X216.5 Y213.5 E3043.48519
G0 F9000 X216.38 Y226.62
G0 X216.1 Y226.9
G1 F1500 X216.9 Y226.9 E3043.50115
G1 X216.9 Y213.1 E3043.77655
G1 X216.1 Y213.1 E3043.79251
G1 X216.1 Y226.9 E3044.06791
G0 F9000 X215.7 Y227.3
;TYPE:WALL-OUTER
G1 F1500 X217.3 Y227.3 E3044.09984
G1 X217.3 Y212.7 E3044.39119
G1 X215.7 Y212.7 E3044.42312
G1 X215.7 Y227.3 E3044.71448
G1 F2700 E3039.71448
G0 F9000 X215.98 Y227.02
G0 X217.07 Y226.5
G0 X218.165 Y226.5
G0 X219.335 Y226.5
G0 X220.43 Y226.5
G0 X221 Y226.5
;TYPE:WALL-INNER
G1 F2700 E3044.71448
G1 F1500 X221 Y213.5 E3044.97391
G0 F9000 X220.88 Y226.62
G0 X220.6 Y226.9
G1 F1500 X221.4 Y226.9 E3044.98988
G1 X221.4 Y213.1 E3045.26527
G1 X220.6 Y213.1 E3045.28124
G1 X220.6 Y226.9 E3045.55663
G0 F9000 X220.2 Y227.3
;TYPE:WALL-OUTER
G1 F1500 X221.8 Y227.3 E3045.58856
G1 X221.8 Y212.7 E3045.87992
G1 X220.2 Y212.7 E3045.91185
G1 X220.2 Y227.3 E3046.20321
G1 F2700 E3041.20321
G0 F9000 X220.48 Y227.02
G0 X221.57 Y226.5
G0 X222.665 Y226.5
G0 X229.835 Y226.5
G0 X230.93 Y226.5
G0 X231.5 Y226.5
;TYPE:WALL-INNER
G1 F2700 E3046.20321
G1 F1500 X231.5 Y213.5 E3046.46264
G0 F9000 X231.38 Y226.62
G0 X231.1 Y226.9
G1 F1500 X231.9 Y226.9 E3046.4786
G1 X231.9 Y213.1 E3046.75399
G1 X231.1 Y213.1 E3046.76996
G1 X231.1 Y226.9 E3047.04535
G0 F9000 X230.7 Y227.3
;TYPE:WALL-OUTER
G1 F1500 X232.3 Y227.3 E3047.07728
G1 X232.3 Y212.7 E3047.36864
G1 X230.7 Y212.7 E3047.40057
G1 X230.7 Y227.3 E3047.69193
G1 F2700 E3042.69193
G0 F9000 X230.98 Y227.02
G0 X232.07 Y226.475
G0 X233.165 Y226.475
G0 X234.335 Y226.475
G0 X235.43 Y226.475
G0 X236.025 Y226.475
;TYPE:WALL-INNER
G1 F2700 E3047.69193
G1 F1333.3 X236.475 Y226.475 E3047.70203
G1 X236.475 Y213.525 E3047.99277
G1 X236.025 Y213.525 E3048.00287
G1 X236.025 Y226.475 E3048.29361
G0 F9000 X235.6 Y226.9
G1 F1500 X236.9 Y226.9 E3048.31955
G1 X236.9 Y213.1 E3048.59494
G1 X235.6 Y213.1 E3048.62089
G1 X235.6 Y226.9 E3048.89628
G0 F9000 X235.2 Y227.3
;TYPE:WALL-OUTER
G1 F1500 X237.3 Y227.3 E3048.93819
G1 X237.3 Y212.7 E3049.22955
G1 X235.2 Y212.7 E3049.27145
G1 X235.2 Y227.3 E3049.56281
G0 F9000 X236.092 Y226.29
G1 F2700 E3044.56281
;MESH:NONMESH
G0 F300 X236.092 Y226.29 Z9.84
G0 F9000 X235.43 Y213.5
G0 X234.335 Y213.5
G0 X233.153 Y211.847
G0 X129.347 Y211.847
G0 X128.165 Y213.5
G0 X127.07 Y213.5
G0 X126.5 Y213.5
;TIME_ELAPSED:7777.782656
;LAYER:81
;TYPE:WALL-INNER
;MESH:BusConnAssyAid.stl
G1 F2700 E3049.56281
G1 F1500 X126.5 Y226.5 E3049.82224
G0 F9000 X126.1 Y226.9
G1 F1500 X126.9 Y226.9 E3049.83821
G1 X126.9 Y213.1 E3050.1136
G1 X126.1 Y213.1 E3050.12957
G1 X126.1 Y226.9 E3050.40496
G0 F9000 X125.7 Y227.3
;TYPE:WALL-OUTER
G1 F1500 X127.3 Y227.3 E3050.43689
G1 X127.3 Y212.7 E3050.72825
G1 X125.7 Y212.7 E3050.76018
G1 X125.7 Y227.3 E3051.05154
G1 F2700 E3046.05154
G0 F9000 X125.98 Y227.02
G0 X127.07 Y226.5
G0 X128.165 Y226.5
G0 X129.335 Y226.5
G0 X130.43 Y226.5
G0 X131 Y226.5
;TYPE:WALL-INNER
G1 F2700 E3051.05154
G1 F1500 X131 Y213.5 E3051.31097
G0 F9000 X130.88 Y226.62
G0 X130.6 Y226.9
G1 F1500 X131.4 Y226.9 E3051.32693
G1 X131.4 Y213.1 E3051.60232
G1 X130.6 Y213.1 E3051.61829
G1 X130.6 Y226.9 E3051.89368
G0 F9000 X130.2 Y227.3
;TYPE:WALL-OUTER
G1 F1500 X131.8 Y227.3 E3051.92561
G1 X131.8 Y212.7 E3052.21697
G1 X130.2 Y212.7 E3052.2489
G1 X130.2 Y227.3 E3052.54026
G1 F2700 E3047.54026
G0 F9000 X130.48 Y227.02
G0 X131.57 Y226.5
G0 X132.665 Y226.5
G0 X139.835 Y226.5
G0 X140.93 Y226.5
G0 X141.5 Y226.5
;TYPE:WALL-INNER
G1 F2700 E3052.54026
G1 F1500 X141.5 Y213.5 E3052.79969
G0 F9000 X141.38 Y226.62
G0 X141.1 Y226.9
G1 F1500 X141.9 Y226.9 E3052.81565
G1 X141.9 Y213.1 E3053.09105
G1 X141.1 Y213.1 E3053.10701
G1 X141.1 Y226.9 E3053.38241
G0 F9000 X140.7 Y227.3
;TYPE:WALL-OUTER
G1 F1500 X142.3 Y227.3 E3053.41434
G1 X142.3 Y212.7 E3053.7057
G1 X140.7 Y212.7 E3053.73763
G1 X140.7 Y227.3 E3054.02898
G1 F2700 E3049.02898
G0 F9000 X140.98 Y227.02
G0 X142.07 Y226.5
G0 X143.165 Y226.5
G0 X144.335 Y226.5
G0 X145.43 Y226.5
G0 X146 Y226.5
;TYPE:WALL-INNER
G1 F2700 E3054.02898
G1 F1500 X146 Y213.5 E3054.28841
G0 F9000 X145.88 Y226.62
G0 X145.6 Y226.9
G1 F1500 X146.4 Y226.9 E3054.30438
G1 X146.4 Y213.1 E3054.57977
G1 X145.6 Y213.1 E3054.59574
G1 X145.6 Y226.9 E3054.87113
G0 F9000 X145.2 Y227.3
;TYPE:WALL-OUTER
G1 F1500 X146.8 Y227.3 E3054.90306
G1 X146.8 Y212.7 E3055.19442
G1 X145.2 Y212.7 E3055.22635
G1 X145.2 Y227.3 E3055.51771
G1 F2700 E3050.51771
G0 F9000 X145.48 Y227.02
G0 X146.57 Y226.5
G0 X147.665 Y226.5
G0 X154.835 Y226.5
G0 X155.93 Y226.5
G0 X156.5 Y226.5
;TYPE:WALL-INNER
G1 F2700 E3055.51771
G1 F1500 X156.5 Y213.5 E3055.77714
G0 F9000 X156.38 Y226.62
G0 X156.1 Y226.9
G1 F1500 X156.9 Y226.9 E3055.7931
G1 X156.9 Y213.1 E3056.0685
G1 X156.1 Y213.1 E3056.08446
G1 X156.1 Y226.9 E3056.35985
G0 F9000 X155.7 Y227.3
;TYPE:WALL-OUTER
G1 F1500 X157.3 Y227.3 E3056.39178
G1 X157.3 Y212.7 E3056.68314
G1 X155.7 Y212.7 E3056.71507
G1 X155.7 Y227.3 E3057.00643
G1 F2700 E3052.00643
G0 F9000 X155.98 Y227.02
G0 X157.07 Y226.5
G0 X158.165 Y226.5
G0 X159.335 Y226.5
G0 X160.43 Y226.5
G0 X161 Y226.5
;TYPE:WALL-INNER
G1 F2700 E3057.00643
G1 F1500 X161 Y213.5 E3057.26586
G0 F9000 X160.88 Y226.62
G0 X160.6 Y226.9
G1 F1500 X161.4 Y226.9 E3057.28183
G1 X161.4 Y213.1 E3057.55722
G1 X160.6 Y213.1 E3057.57318
G1 X160.6 Y226.9 E3057.84858
G0 F9000 X160.2 Y227.3
;TYPE:WALL-OUTER
G1 F1500 X161.8 Y227.3 E3057.88051
G1 X161.8 Y212.7 E3058.17187
G1 X160.2 Y212.7 E3058.2038
G1 X160.2 Y227.3 E3058.49515
G1 F2700 E3053.49515
G0 F9000 X160.48 Y227.02
G0 X161.57 Y226.5
G0 X162.665 Y226.5
G0 X169.835 Y226.5
G0 X170.93 Y226.5
G0 X171.5 Y226.5
;TYPE:WALL-INNER
G1 F2700 E3058.49515
G1 F1500 X171.5 Y213.5 E3058.75458
G0 F9000 X171.38 Y226.62
G0 X171.1 Y226.9
G1 F1500 X171.9 Y226.9 E3058.77055
G1 X171.9 Y213.1 E3059.04594
G1 X171.1 Y213.1 E3059.06191
G1 X171.1 Y226.9 E3059.3373
G0 F9000 X170.7 Y227.3
;TYPE:WALL-OUTER
G1 F1500 X172.3 Y227.3 E3059.36923
G1 X172.3 Y212.7 E3059.66059
G1 X170.7 Y212.7 E3059.69252
G1 X170.7 Y227.3 E3059.98388
G1 F2700 E3054.98388
G0 F9000 X170.98 Y227.02
G0 X172.07 Y226.5
G0 X173.165 Y226.5
G0 X174.335 Y226.5
G0 X175.43 Y226.5
G0 X176 Y226.5
;TYPE:WALL-INNER
G1 F2700 E3059.98388
G1 F1500 X176 Y213.5 E3060.24331
G0 F9000 X175.88 Y226.62
G0 X175.6 Y226.9
G1 F1500 X176.4 Y226.9 E3060.25927
G1 X176.4 Y213.1 E3060.53467
G1 X175.6 Y213.1 E3060.55063
G1 X175.6 Y226.9 E3060.82603
G0 F9000 X175.2 Y227.3
;TYPE:WALL-OUTER
G1 F1500 X176.8 Y227.3 E3060.85795
G1 X176.8 Y212.7 E3061.14931
G1 X175.2 Y212.7 E3061.18124
G1 X175.2 Y227.3 E3061.4726
G1 F2700 E3056.4726
G0 F9000 X175.48 Y227.02
G0 X176.57 Y226.5
G0 X177.665 Y226.5
G0 X184.835 Y226.5
G0 X185.93 Y226.5
G0 X186.5 Y226.5
;TYPE:WALL-INNER
G1 F2700 E3061.4726
G1 F1500 X186.5 Y213.5 E3061.73203
G0 F9000 X186.38 Y226.62
G0 X186.1 Y226.9
G1 F1500 X186.9 Y226.9 E3061.748
G1 X186.9 Y213.1 E3062.02339
G1 X186.1 Y213.1 E3062.03935
G1 X186.1 Y226.9 E3062.31475
G0 F9000 X185.7 Y227.3
;TYPE:WALL-OUTER
G1 F1500 X187.3 Y227.3 E3062.34668
G1 X187.3 Y212.7 E3062.63804
G1 X185.7 Y212.7 E3062.66997
G1 X185.7 Y227.3 E3062.96133
G1 F2700 E3057.96133
G0 F9000 X185.98 Y227.02
G0 X187.07 Y226.5
G0 X188.165 Y226.5
G0 X189.335 Y226.5
G0 X190.43 Y226.5
G0 X191 Y226.5
;TYPE:WALL-INNER
G1 F2700 E3062.96133
G1 F1500 X191 Y213.5 E3063.22075
G0 F9000 X190.88 Y226.62
G0 X190.6 Y226.9
G1 F1500 X191.4 Y226.9 E3063.23672
G1 X191.4 Y213.1 E3063.51211
G1 X190.6 Y213.1 E3063.52808
G1 X190.6 Y226.9 E3063.80347
G0 F9000 X190.2 Y227.3
;TYPE:WALL-OUTER
G1 F1500 X191.8 Y227.3 E3063.8354
G1 X191.8 Y212.7 E3064.12676
G1 X190.2 Y212.7 E3064.15869
G1 X190.2 Y227.3 E3064.45005
G1 F2700 E3059.45005
G0 F9000 X190.48 Y227.02
G0 X191.57 Y226.5
G0 X192.665 Y226.5
G0 X199.835 Y226.5
G0 X200.93 Y226.5
G0 X201.5 Y226.5
;TYPE:WALL-INNER
G1 F2700 E3064.45005
G1 F1500 X201.5 Y213.5 E3064.70948
G0 F9000 X201.38 Y226.62
G0 X201.1 Y226.9
G1 F1500 X201.9 Y226.9 E3064.72544
G1 X201.9 Y213.1 E3065.00084
G1 X201.1 Y213.1 E3065.0168
G1 X201.1 Y226.9 E3065.2922
G0 F9000 X200.7 Y227.3
;TYPE:WALL-OUTER
G1 F1500 X202.3 Y227.3 E3065.32413
G1 X202.3 Y212.7 E3065.61548
G1 X200.7 Y212.7 E3065.64741
G1 X200.7 Y227.3 E3065.93877
G1 F2700 E3060.93877
G0 F9000 X200.98 Y227.02
G0 X202.07 Y226.5
G0 X203.165 Y226.5
G0 X204.335 Y226.5
G0 X205.43 Y226.5
G0 X206 Y226.5
;TYPE:WALL-INNER
G1 F2700 E3065.93877
G1 F1500 X206 Y213.5 E3066.1982
G0 F9000 X205.88 Y226.62
G0 X205.6 Y226.9
G1 F1500 X206.4 Y226.9 E3066.21417
G1 X206.4 Y213.1 E3066.48956
G1 X205.6 Y213.1 E3066.50553
G1 X205.6 Y226.9 E3066.78092
G0 F9000 X205.2 Y227.3
;TYPE:WALL-OUTER
G1 F1500 X206.8 Y227.3 E3066.81285
G1 X206.8 Y212.7 E3067.10421
G1 X205.2 Y212.7 E3067.13614
G1 X205.2 Y227.3 E3067.4275
G1 F2700 E3062.4275
G0 F9000 X205.48 Y227.02
G0 X206.57 Y226.5
G0 X207.665 Y226.5
G0 X214.835 Y226.5
G0 X215.93 Y226.5
G0 X216.5 Y226.5
;TYPE:WALL-INNER
G1 F2700 E3067.4275
G1 F1500 X216.5 Y213.5 E3067.68693
G0 F9000 X216.38 Y226.62
G0 X216.1 Y226.9
G1 F1500 X216.9 Y226.9 E3067.70289
G1 X216.9 Y213.1 E3067.97828
G1 X216.1 Y213.1 E3067.99425
G1 X216.1 Y226.9 E3068.26964
G0 F9000 X215.7 Y227.3
;TYPE:WALL-OUTER
G1 F1500 X217.3 Y227.3 E3068.30157
G1 X217.3 Y212.7 E3068.59293
G1 X215.7 Y212.7 E3068.62486
G1 X215.7 Y227.3 E3068.91622
G1 F2700 E3063.91622
G0 F9000 X215.98 Y227.02
G0 X217.07 Y226.5
G0 X218.165 Y226.5
G0 X219.335 Y226.5
G0 X220.43 Y226.5
G0 X221 Y226.5
;TYPE:WALL-INNER
G1 F2700 E3068.91622
G1 F1500 X221 Y213.5 E3069.17565
G0 F9000 X220.88 Y226.62
G0 X220.6 Y226.9
G1 F1500 X221.4 Y226.9 E3069.19161
G1 X221.4 Y213.1 E3069.46701
G1 X220.6 Y213.1 E3069.48297
G1 X220.6 Y226.9 E3069.75837
G0 F9000 X220.2 Y227.3
;TYPE:WALL-OUTER
G1 F1500 X221.8 Y227.3 E3069.7903
G1 X221.8 Y212.7 E3070.08166
G1 X220.2 Y212.7 E3070.11359
G1 X220.2 Y227.3 E3070.40494
G1 F2700 E3065.40494
G0 F9000 X220.48 Y227.02
G0 X221.57 Y226.5
G0 X222.665 Y226.5
G0 X229.835 Y226.5
G0 X230.93 Y226.5
G0 X231.5 Y226.5
;TYPE:WALL-INNER
G1 F2700 E3070.40494
G1 F1500 X231.5 Y213.5 E3070.66437
G0 F9000 X231.38 Y226.62
G0 X231.1 Y226.9
G1 F1500 X231.9 Y226.9 E3070.68034
G1 X231.9 Y213.1 E3070.95573
G1 X231.1 Y213.1 E3070.9717
G1 X231.1 Y226.9 E3071.24709
G0 F9000 X230.7 Y227.3
;TYPE:WALL-OUTER
G1 F1500 X232.3 Y227.3 E3071.27902
G1 X232.3 Y212.7 E3071.57038
G1 X230.7 Y212.7 E3071.60231
G1 X230.7 Y227.3 E3071.89367
G1 F2700 E3066.89367
G0 F9000 X230.98 Y227.02
G0 X232.07 Y226.475
G0 X233.165 Y226.475
G0 X234.335 Y226.475
G0 X235.43 Y226.475
G0 X236.025 Y226.475
;TYPE:WALL-INNER
G1 F2700 E3071.89367
G1 F1333.3 X236.475 Y226.475 E3071.90377
G1 X236.475 Y213.525 E3072.19451
G1 X236.025 Y213.525 E3072.20461
G1 X236.025 Y226.475 E3072.49534
G0 F9000 X235.6 Y226.9
G1 F1500 X236.9 Y226.9 E3072.52129
G1 X236.9 Y213.1 E3072.79668
G1 X235.6 Y213.1 E3072.82262
G1 X235.6 Y226.9 E3073.09802
G0 F9000 X235.2 Y227.3
;TYPE:WALL-OUTER
G1 F1500 X237.3 Y227.3 E3073.13992
G1 X237.3 Y212.7 E3073.43128
G1 X235.2 Y212.7 E3073.47319
G1 X235.2 Y227.3 E3073.76455
G0 F9000 X236.092 Y226.29
G1 F2700 E3068.76455
;MESH:NONMESH
G0 F300 X236.092 Y226.29 Z9.96
G0 F9000 X235.43 Y213.5
G0 X234.335 Y213.5
G0 X233.153 Y211.847
G0 X129.347 Y211.847
G0 X128.165 Y213.5
G0 X127.07 Y213.5
G0 X126.5 Y213.5
;TIME_ELAPSED:7847.072890
;LAYER:82
;TYPE:WALL-INNER
;MESH:BusConnAssyAid.stl
G1 F2700 E3073.76455
G1 F1500 X126.5 Y226.5 E3074.02398
G0 F9000 X126.1 Y226.9
G1 F1500 X126.9 Y226.9 E3074.03994
G1 X126.9 Y213.1 E3074.31534
G1 X126.1 Y213.1 E3074.3313
G1 X126.1 Y226.9 E3074.6067
G0 F9000 X125.7 Y227.3
;TYPE:WALL-OUTER
G1 F1500 X127.3 Y227.3 E3074.63863
G1 X127.3 Y212.7 E3074.92999
G1 X125.7 Y212.7 E3074.96192
G1 X125.7 Y227.3 E3075.25327
G1 F2700 E3070.25327
G0 F9000 X125.98 Y227.02
G0 X127.07 Y226.5
G0 X128.165 Y226.5
G0 X129.335 Y226.5
G0 X130.43 Y226.5
G0 X131 Y226.5
;TYPE:WALL-INNER
G1 F2700 E3075.25327
G1 F1500 X131 Y213.5 E3075.5127
G0 F9000 X130.88 Y226.62
G0 X130.6 Y226.9
G1 F1500 X131.4 Y226.9 E3075.52867
G1 X131.4 Y213.1 E3075.80406
G1 X130.6 Y213.1 E3075.82003
G1 X130.6 Y226.9 E3076.09542
G0 F9000 X130.2 Y227.3
;TYPE:WALL-OUTER
G1 F1500 X131.8 Y227.3 E3076.12735
G1 X131.8 Y212.7 E3076.41871
G1 X130.2 Y212.7 E3076.45064
G1 X130.2 Y227.3 E3076.742
G1 F2700 E3071.742
G0 F9000 X130.48 Y227.02
G0 X131.57 Y226.5
G0 X132.665 Y226.5
G0 X139.835 Y226.5
G0 X140.93 Y226.5
G0 X141.5 Y226.5
;TYPE:WALL-INNER
G1 F2700 E3076.742
G1 F1500 X141.5 Y213.5 E3077.00143
G0 F9000 X141.38 Y226.62
G0 X141.1 Y226.9
G1 F1500 X141.9 Y226.9 E3077.01739
G1 X141.9 Y213.1 E3077.29279
G1 X141.1 Y213.1 E3077.30875
G1 X141.1 Y226.9 E3077.58414
G0 F9000 X140.7 Y227.3
;TYPE:WALL-OUTER
G1 F1500 X142.3 Y227.3 E3077.61607
G1 X142.3 Y212.7 E3077.90743
G1 X140.7 Y212.7 E3077.93936
G1 X140.7 Y227.3 E3078.23072
G1 F2700 E3073.23072
G0 F9000 X140.98 Y227.02
G0 X142.07 Y226.5
G0 X143.165 Y226.5
G0 X144.335 Y226.5
G0 X145.43 Y226.5
G0 X146 Y226.5
;TYPE:WALL-INNER
G1 F2700 E3078.23072
G1 F1500 X146 Y213.5 E3078.49015
G0 F9000 X145.88 Y226.62
G0 X145.6 Y226.9
G1 F1500 X146.4 Y226.9 E3078.50612
G1 X146.4 Y213.1 E3078.78151
G1 X145.6 Y213.1 E3078.79747
G1 X145.6 Y226.9 E3079.07287
G0 F9000 X145.2 Y227.3
;TYPE:WALL-OUTER
G1 F1500 X146.8 Y227.3 E3079.1048
G1 X146.8 Y212.7 E3079.39616
G1 X145.2 Y212.7 E3079.42809
G1 X145.2 Y227.3 E3079.71944
G1 F2700 E3074.71944
G0 F9000 X145.48 Y227.02
G0 X146.57 Y226.5
G0 X147.665 Y226.5
G0 X154.835 Y226.5
G0 X155.93 Y226.5
G0 X156.5 Y226.5
;TYPE:WALL-INNER
G1 F2700 E3079.71944
G1 F1500 X156.5 Y213.5 E3079.97887
G0 F9000 X156.38 Y226.62
G0 X156.1 Y226.9
G1 F1500 X156.9 Y226.9 E3079.99484
G1 X156.9 Y213.1 E3080.27023
G1 X156.1 Y213.1 E3080.2862
G1 X156.1 Y226.9 E3080.56159
G0 F9000 X155.7 Y227.3
;TYPE:WALL-OUTER
G1 F1500 X157.3 Y227.3 E3080.59352
G1 X157.3 Y212.7 E3080.88488
G1 X155.7 Y212.7 E3080.91681
G1 X155.7 Y227.3 E3081.20817
G1 F2700 E3076.20817
G0 F9000 X155.98 Y227.02
G0 X157.07 Y226.5
G0 X158.165 Y226.5
G0 X159.335 Y226.5
G0 X160.43 Y226.5
G0 X161 Y226.5
;TYPE:WALL-INNER
G1 F2700 E3081.20817
G1 F1500 X161 Y213.5 E3081.4676
G0 F9000 X160.88 Y226.62
G0 X160.6 Y226.9
G1 F1500 X161.4 Y226.9 E3081.48356
G1 X161.4 Y213.1 E3081.75896
G1 X160.6 Y213.1 E3081.77492
G1 X160.6 Y226.9 E3082.05032
G0 F9000 X160.2 Y227.3
;TYPE:WALL-OUTER
G1 F1500 X161.8 Y227.3 E3082.08224
G1 X161.8 Y212.7 E3082.3736
G1 X160.2 Y212.7 E3082.40553
G1 X160.2 Y227.3 E3082.69689
G1 F2700 E3077.69689
G0 F9000 X160.48 Y227.02
G0 X161.57 Y226.5
G0 X162.665 Y226.5
G0 X169.835 Y226.5
G0 X170.93 Y226.5
G0 X171.5 Y226.5
;TYPE:WALL-INNER
G1 F2700 E3082.69689
G1 F1500 X171.5 Y213.5 E3082.95632
G0 F9000 X171.38 Y226.62
G0 X171.1 Y226.9
G1 F1500 X171.9 Y226.9 E3082.97229
G1 X171.9 Y213.1 E3083.24768
G1 X171.1 Y213.1 E3083.26364
G1 X171.1 Y226.9 E3083.53904
G0 F9000 X170.7 Y227.3
;TYPE:WALL-OUTER
G1 F1500 X172.3 Y227.3 E3083.57097
G1 X172.3 Y212.7 E3083.86233
G1 X170.7 Y212.7 E3083.89426
G1 X170.7 Y227.3 E3084.18562
G1 F2700 E3079.18562
G0 F9000 X170.98 Y227.02
G0 X172.07 Y226.5
G0 X173.165 Y226.5
G0 X174.335 Y226.5
G0 X175.43 Y226.5
G0 X176 Y226.5
;TYPE:WALL-INNER
G1 F2700 E3084.18562
G1 F1500 X176 Y213.5 E3084.44504
G0 F9000 X175.88 Y226.62
G0 X175.6 Y226.9
G1 F1500 X176.4 Y226.9 E3084.46101
G1 X176.4 Y213.1 E3084.7364
G1 X175.6 Y213.1 E3084.75237
G1 X175.6 Y226.9 E3085.02776
G0 F9000 X175.2 Y227.3
;TYPE:WALL-OUTER
G1 F1500 X176.8 Y227.3 E3085.05969
G1 X176.8 Y212.7 E3085.35105
G1 X175.2 Y212.7 E3085.38298
G1 X175.2 Y227.3 E3085.67434
G1 F2700 E3080.67434
G0 F9000 X175.48 Y227.02
G0 X176.57 Y226.5
G0 X177.665 Y226.5
G0 X184.835 Y226.5
G0 X185.93 Y226.5
G0 X186.5 Y226.5
;TYPE:WALL-INNER
G1 F2700 E3085.67434
G1 F1500 X186.5 Y213.5 E3085.93377
G0 F9000 X186.38 Y226.62
G0 X186.1 Y226.9
G1 F1500 X186.9 Y226.9 E3085.94973
G1 X186.9 Y213.1 E3086.22513
G1 X186.1 Y213.1 E3086.24109
G1 X186.1 Y226.9 E3086.51649
G0 F9000 X185.7 Y227.3
;TYPE:WALL-OUTER
G1 F1500 X187.3 Y227.3 E3086.54842
G1 X187.3 Y212.7 E3086.83977
G1 X185.7 Y212.7 E3086.8717
G1 X185.7 Y227.3 E3087.16306
G1 F2700 E3082.16306
G0 F9000 X185.98 Y227.02
G0 X187.07 Y226.5
G0 X188.165 Y226.5
G0 X189.335 Y226.5
G0 X190.43 Y226.5
G0 X191 Y226.5
;TYPE:WALL-INNER
G1 F2700 E3087.16306
G1 F1500 X191 Y213.5 E3087.42249
G0 F9000 X190.88 Y226.62
G0 X190.6 Y226.9
G1 F1500 X191.4 Y226.9 E3087.43846
G1 X191.4 Y213.1 E3087.71385
G1 X190.6 Y213.1 E3087.72982
G1 X190.6 Y226.9 E3088.00521
G0 F9000 X190.2 Y227.3
;TYPE:WALL-OUTER
G1 F1500 X191.8 Y227.3 E3088.03714
G1 X191.8 Y212.7 E3088.3285
G1 X190.2 Y212.7 E3088.36043
G1 X190.2 Y227.3 E3088.65179
G1 F2700 E3083.65179
G0 F9000 X190.48 Y227.02
G0 X191.57 Y226.5
G0 X192.665 Y226.5
G0 X199.835 Y226.5
G0 X200.93 Y226.5
G0 X201.5 Y226.5
;TYPE:WALL-INNER
G1 F2700 E3088.65179
G1 F1500 X201.5 Y213.5 E3088.91122
G0 F9000 X201.38 Y226.62
G0 X201.1 Y226.9
G1 F1500 X201.9 Y226.9 E3088.92718
G1 X201.9 Y213.1 E3089.20257
G1 X201.1 Y213.1 E3089.21854
G1 X201.1 Y226.9 E3089.49393
G0 F9000 X200.7 Y227.3
;TYPE:WALL-OUTER
G1 F1500 X202.3 Y227.3 E3089.52586
G1 X202.3 Y212.7 E3089.81722
G1 X200.7 Y212.7 E3089.84915
G1 X200.7 Y227.3 E3090.14051
G1 F2700 E3085.14051
G0 F9000 X200.98 Y227.02
G0 X202.07 Y226.5
G0 X203.165 Y226.5
G0 X204.335 Y226.5
G0 X205.43 Y226.5
G0 X206 Y226.5
;TYPE:WALL-INNER
G1 F2700 E3090.14051
G1 F1500 X206 Y213.5 E3090.39994
G0 F9000 X205.88 Y226.62
G0 X205.6 Y226.9
G1 F1500 X206.4 Y226.9 E3090.4159
G1 X206.4 Y213.1 E3090.6913
G1 X205.6 Y213.1 E3090.70726
G1 X205.6 Y226.9 E3090.98266
G0 F9000 X205.2 Y227.3
;TYPE:WALL-OUTER
G1 F1500 X206.8 Y227.3 E3091.01459
G1 X206.8 Y212.7 E3091.30595
G1 X205.2 Y212.7 E3091.33788
G1 X205.2 Y227.3 E3091.62923
G1 F2700 E3086.62923
G0 F9000 X205.48 Y227.02
G0 X206.57 Y226.5
G0 X207.665 Y226.5
G0 X214.835 Y226.5
G0 X215.93 Y226.5
G0 X216.5 Y226.5
;TYPE:WALL-INNER
G1 F2700 E3091.62923
G1 F1500 X216.5 Y213.5 E3091.88866
G0 F9000 X216.38 Y226.62
G0 X216.1 Y226.9
G1 F1500 X216.9 Y226.9 E3091.90463
G1 X216.9 Y213.1 E3092.18002
G1 X216.1 Y213.1 E3092.19599
G1 X216.1 Y226.9 E3092.47138
G0 F9000 X215.7 Y227.3
;TYPE:WALL-OUTER
G1 F1500 X217.3 Y227.3 E3092.50331
G1 X217.3 Y212.7 E3092.79467
G1 X215.7 Y212.7 E3092.8266
G1 X215.7 Y227.3 E3093.11796
G1 F2700 E3088.11796
G0 F9000 X215.98 Y227.02
G0 X217.07 Y226.5
G0 X218.165 Y226.5
G0 X219.335 Y226.5
G0 X220.43 Y226.5
G0 X221 Y226.5
;TYPE:WALL-INNER
G1 F2700 E3093.11796
G1 F1500 X221 Y213.5 E3093.37739
G0 F9000 X220.88 Y226.62
G0 X220.6 Y226.9
G1 F1500 X221.4 Y226.9 E3093.39335
G1 X221.4 Y213.1 E3093.66875
G1 X220.6 Y213.1 E3093.68471
G1 X220.6 Y226.9 E3093.9601
G0 F9000 X220.2 Y227.3
;TYPE:WALL-OUTER
G1 F1500 X221.8 Y227.3 E3093.99203
G1 X221.8 Y212.7 E3094.28339
G1 X220.2 Y212.7 E3094.31532
G1 X220.2 Y227.3 E3094.60668
G1 F2700 E3089.60668
G0 F9000 X220.48 Y227.02
G0 X221.57 Y226.5
G0 X222.665 Y226.5
G0 X229.835 Y226.5
G0 X230.93 Y226.5
G0 X231.5 Y226.5
;TYPE:WALL-INNER
G1 F2700 E3094.60668
G1 F1500 X231.5 Y213.5 E3094.86611
G0 F9000 X231.38 Y226.62
G0 X231.1 Y226.9
G1 F1500 X231.9 Y226.9 E3094.88208
G1 X231.9 Y213.1 E3095.15747
G1 X231.1 Y213.1 E3095.17343
G1 X231.1 Y226.9 E3095.44883
G0 F9000 X230.7 Y227.3
;TYPE:WALL-OUTER
G1 F1500 X232.3 Y227.3 E3095.48076
G1 X232.3 Y212.7 E3095.77212
G1 X230.7 Y212.7 E3095.80405
G1 X230.7 Y227.3 E3096.0954
G1 F2700 E3091.0954
G0 F9000 X230.98 Y227.02
G0 X232.07 Y226.475
G0 X233.165 Y226.475
G0 X234.335 Y226.475
G0 X235.43 Y226.475
G0 X236.025 Y226.475
;TYPE:WALL-INNER
G1 F2700 E3096.0954
G1 F1333.3 X236.475 Y226.475 E3096.10551
G1 X236.475 Y213.525 E3096.39624
G1 X236.025 Y213.525 E3096.40635
G1 X236.025 Y226.475 E3096.69708
G0 F9000 X235.6 Y226.9
G1 F1500 X236.9 Y226.9 E3096.72302
G1 X236.9 Y213.1 E3096.99842
G1 X235.6 Y213.1 E3097.02436
G1 X235.6 Y226.9 E3097.29975
G0 F9000 X235.2 Y227.3
;TYPE:WALL-OUTER
G1 F1500 X237.3 Y227.3 E3097.34166
G1 X237.3 Y212.7 E3097.63302
G1 X235.2 Y212.7 E3097.67493
G1 X235.2 Y227.3 E3097.96629
G0 F9000 X236.092 Y226.29
;TIME_ELAPSED:7914.538475
G1 F2700 E3092.96629
M140 S0
M107
G91 ;Relative positioning
G1 E-2 F2700 ;Retract a bit
G1 E-2 Z0.2 F2400 ;Retract and raise Z
G1 X5 Y5 F3000 ;Wipe out
G1 Z10 ;Raise Z more
G90 ;Absolute positioning

G1 X0 Y300 ;Present print
M106 S0 ;Turn-off fan
M104 S0 ;Turn-off hotend
M140 S0 ;Turn-off bed

M84 X Y E ;Disable all steppers but Z

M82 ;absolute extrusion mode
M104 S0
;End of Gcode
;SETTING_3 {"global_quality": "[general]\\nversion = 4\\nname = Super Quality #2
;SETTING_3 \\ndefinition = creality_cr10spro\\n\\n[metadata]\\ntype = quality_ch
;SETTING_3 anges\\nquality_type = super\\nsetting_version = 24\\n\\n[values]\\nm
;SETTING_3 aterial_bed_temperature = 60\\nsupport_enable = False\\nsupport_struc
;SETTING_3 ture = tree\\nsupport_type = buildplate\\n\\n", "extruder_quality": [
;SETTING_3 "[general]\\nversion = 4\\nname = Super Quality #2\\ndefinition = cre
;SETTING_3 ality_cr10spro\\n\\n[metadata]\\ntype = quality_changes\\nquality_typ
;SETTING_3 e = super\\nsetting_version = 24\\nposition = 0\\n\\n[values]\\nmater
;SETTING_3 ial_print_temperature = 210\\nskirt_line_count = 5\\n\\n"]}
